-- Sample data for buzzcars with Demo Data
USE `cs6400-fa23-team099_Demo`;
-- VehicleType
INSERT INTO VehicleType(type) VALUES("Sedan");
INSERT INTO VehicleType(type) VALUES("Coupe");
INSERT INTO VehicleType(type) VALUES("Convertible");
INSERT INTO VehicleType(type) VALUES("Truck");
INSERT INTO VehicleType(type) VALUES("Van");
INSERT INTO VehicleType(type) VALUES("Minivan");
INSERT INTO VehicleType(type) VALUES("SUV");
INSERT INTO VehicleType(type) VALUES("Other");



-- Color
INSERT INTO Color(color_name) VALUES("Aluminum");
INSERT INTO Color(color_name) VALUES("Beige");
INSERT INTO Color(color_name) VALUES("Black");
INSERT INTO Color(color_name) VALUES("Blue");
INSERT INTO Color(color_name) VALUES("Brown");
INSERT INTO Color(color_name) VALUES("Bronze");
INSERT INTO Color(color_name) VALUES("Claret");
INSERT INTO Color(color_name) VALUES("Copper");
INSERT INTO Color(color_name) VALUES("Cream");
INSERT INTO Color(color_name) VALUES("Gold");
INSERT INTO Color(color_name) VALUES("Gray");
INSERT INTO Color(color_name) VALUES("Green");
INSERT INTO Color(color_name) VALUES("Maroon");
INSERT INTO Color(color_name) VALUES("Metallic");
INSERT INTO Color(color_name) VALUES("Navy");
INSERT INTO Color(color_name) VALUES("Orange");
INSERT INTO Color(color_name) VALUES("Pink");
INSERT INTO Color(color_name) VALUES("Purple");
INSERT INTO Color(color_name) VALUES("Red");
INSERT INTO Color(color_name) VALUES("Rose");
INSERT INTO Color(color_name) VALUES("Rust");
INSERT INTO Color(color_name) VALUES("Silver");
INSERT INTO Color(color_name) VALUES("Tan");
INSERT INTO Color(color_name) VALUES("Turquoise");
INSERT INTO Color(color_name) VALUES("White");
INSERT INTO Color(color_name) VALUES("Yellow");

-- Vehicle manufacturer
INSERT INTO VehicleManufacturer(manufacturer) VALUES("Acura");
INSERT INTO VehicleManufacturer(manufacturer) VALUES("Alfa Romeo");
INSERT INTO VehicleManufacturer(manufacturer) VALUES("Aston Martin");
INSERT INTO VehicleManufacturer(manufacturer) VALUES("Audi");
INSERT INTO VehicleManufacturer(manufacturer) VALUES("Bentley");
INSERT INTO VehicleManufacturer(manufacturer) VALUES("BMW");
INSERT INTO VehicleManufacturer(manufacturer) VALUES("Buick");
INSERT INTO VehicleManufacturer(manufacturer) VALUES("Cadillac");
INSERT INTO VehicleManufacturer(manufacturer) VALUES("Chevrolet");
INSERT INTO VehicleManufacturer(manufacturer) VALUES("Chrysler");
INSERT INTO VehicleManufacturer(manufacturer) VALUES("Dodge");
INSERT INTO VehicleManufacturer(manufacturer) VALUES("Ferrari");
INSERT INTO VehicleManufacturer(manufacturer) VALUES("FIAT");
INSERT INTO VehicleManufacturer(manufacturer) VALUES("Ford");
INSERT INTO VehicleManufacturer(manufacturer) VALUES("Geeley");
INSERT INTO VehicleManufacturer(manufacturer) VALUES("Genesis");
INSERT INTO VehicleManufacturer(manufacturer) VALUES("GMC");
INSERT INTO VehicleManufacturer(manufacturer) VALUES("Honda");
INSERT INTO VehicleManufacturer(manufacturer) VALUES("Hyundai");
INSERT INTO VehicleManufacturer(manufacturer) VALUES("INFINITI");
INSERT INTO VehicleManufacturer(manufacturer) VALUES("Jaguar");
INSERT INTO VehicleManufacturer(manufacturer) VALUES("Jeep");
INSERT INTO VehicleManufacturer(manufacturer) VALUES("Karma");
INSERT INTO VehicleManufacturer(manufacturer) VALUES("Kia");
INSERT INTO VehicleManufacturer(manufacturer) VALUES("Lamborghini");
INSERT INTO VehicleManufacturer(manufacturer) VALUES("Land Rover");
INSERT INTO VehicleManufacturer(manufacturer) VALUES("Lexus");
INSERT INTO VehicleManufacturer(manufacturer) VALUES("Lincoln");
INSERT INTO VehicleManufacturer(manufacturer) VALUES("Lotus");
INSERT INTO VehicleManufacturer(manufacturer) VALUES("Maserati");
INSERT INTO VehicleManufacturer(manufacturer) VALUES("MAZDA");
INSERT INTO VehicleManufacturer(manufacturer) VALUES("McLaren");
INSERT INTO VehicleManufacturer(manufacturer) VALUES("Mercedes-Benz");
INSERT INTO VehicleManufacturer(manufacturer) VALUES("MINI");
INSERT INTO VehicleManufacturer(manufacturer) VALUES("Mitsubishi");
INSERT INTO VehicleManufacturer(manufacturer) VALUES("Nissan");
INSERT INTO VehicleManufacturer(manufacturer) VALUES("Nio");
INSERT INTO VehicleManufacturer(manufacturer) VALUES("Porsche");
INSERT INTO VehicleManufacturer(manufacturer) VALUES("Ram");
INSERT INTO VehicleManufacturer(manufacturer) VALUES("Rivian");
INSERT INTO VehicleManufacturer(manufacturer) VALUES("Rolls-Royce");
INSERT INTO VehicleManufacturer(manufacturer) VALUES("smart");
INSERT INTO VehicleManufacturer(manufacturer) VALUES("Subaru");
INSERT INTO VehicleManufacturer(manufacturer) VALUES("Tesla");
INSERT INTO VehicleManufacturer(manufacturer) VALUES("Toyota");
INSERT INTO VehicleManufacturer(manufacturer) VALUES("Volkswagen");
INSERT INTO VehicleManufacturer(manufacturer) VALUES("Volvo");
INSERT INTO VehicleManufacturer(manufacturer) VALUES("XPeng");

-- Vehicle
-- INSERT INTO Vehicle(vin, model_name, model_year, fuel_type, mileage, description, manufacturer, type) 
-- VALUES("TEST_31581L000000", "FJ40", 1979, "Gas", 200000,"An very old FJ40", "Toyota", "SUV");

INSERT INTO Vehicle(vin,model_name,model_year,fuel_type,mileage,description,manufacturer,type) VALUES ('036EG6XGHFJ822528','DB9',2014,'Gas',108519,'automatic torque converter;','Aston Martin','Minivan');
INSERT INTO Vehicle(vin,model_name,model_year,fuel_type,mileage,description,manufacturer,type) VALUES ('03KAPEOTGE8482192','BOYUE/BOYUE L',2016,'Diesel',31167,'check the Monroney sticker - theer is nothing better than this vehicle; automatic torque converter; fuel injection;','Geeley','Van');
INSERT INTO Vehicle(vin,model_name,model_year,fuel_type,mileage,description,manufacturer,type) VALUES ('054CB5NHFMK652777','GS-6 PROS',2023,'Gas',3558,'great engine;','Karma','Coupe');
INSERT INTO Vehicle(vin,model_name,model_year,fuel_type,mileage,description,manufacturer,type) VALUES ('05PN35GUCGU088819','TSX',2014,'Gas',77920,'Automotive Service Excellence (ASE);','Acura','Minivan');
INSERT INTO Vehicle(vin,model_name,model_year,fuel_type,mileage,description,manufacturer,type) VALUES ('06E4W168GDV777330','RAM 1500 TRUCK',2010,'Gas',177500,'no redline;','Dodge','Convertible');
INSERT INTO Vehicle(vin,model_name,model_year,fuel_type,mileage,description,manufacturer,type) VALUES ('0A45MTRRJ3K877609','XV CROSSTREK',2015,'Gas',125991,'original equipment manufacturer (OEM) parts;','Subaru','Convertible');
INSERT INTO Vehicle(vin,model_name,model_year,fuel_type,mileage,description,manufacturer,type) VALUES ('0JMXH7GQF1K570196','RAM 2500',2003,'Gas',110102,'sturdy rear axle assembly;','Dodge','Coupe');
INSERT INTO Vehicle(vin,model_name,model_year,fuel_type,mileage,description,manufacturer,type) VALUES ('0O56VQ0TP1C342110','GS-6 PROS',2023,'Gas',2460,'automatic valves; superturbocharger;','Karma','Minivan');
INSERT INTO Vehicle(vin,model_name,model_year,fuel_type,mileage,description,manufacturer,type) VALUES ('0RTZMNEP443530450','V8 VANTAGE',2014,'Gas',34830,NULL,'Aston Martin','Convertible');
INSERT INTO Vehicle(vin,model_name,model_year,fuel_type,mileage,description,manufacturer,type) VALUES ('0SR7K3TGOVW149442','R1T TOMORROW',2023,'Gas',144334,NULL,'Rivian','Van');
INSERT INTO Vehicle(vin,model_name,model_year,fuel_type,mileage,description,manufacturer,type) VALUES ('0XPRYKN4QTB854977','DB7',2003,'Gas',86721,'front axle assembly; Automotive Service Excellence (ASE);','Aston Martin','Sedan');
INSERT INTO Vehicle(vin,model_name,model_year,fuel_type,mileage,description,manufacturer,type) VALUES ('13DN4WJV2HW654524','CAMRY',2013,'Gas',119068,'coupe;','Toyota','Van');
INSERT INTO Vehicle(vin,model_name,model_year,fuel_type,mileage,description,manufacturer,type) VALUES ('15WH5TNL8GD986516','COOPER',2012,'Gas',140355,'convertible; gap;','MINI','Truck');
INSERT INTO Vehicle(vin,model_name,model_year,fuel_type,mileage,description,manufacturer,type) VALUES ('1A8CMLRTUGR146952','HILUX',2011,'Plugin Hybrid',4860,'great engine;','Toyota','Minivan');
INSERT INTO Vehicle(vin,model_name,model_year,fuel_type,mileage,description,manufacturer,type) VALUES ('1C05IGNBBB6823554','EVORA',2011,'Gas',106076,'electronic transmission;','Lotus','Coupe');
INSERT INTO Vehicle(vin,model_name,model_year,fuel_type,mileage,description,manufacturer,type) VALUES ('1GIQVMBR2A2798107','CAYENNE',2004,'Plugin Hybrid',76792,'ultra new transmission; oversteer;','Porsche','SUV');
INSERT INTO Vehicle(vin,model_name,model_year,fuel_type,mileage,description,manufacturer,type) VALUES ('1HHB3PGRMMK153438','MP4-12C',2013,'Fuel Cell',13260,NULL,'McLaren','Coupe');
INSERT INTO Vehicle(vin,model_name,model_year,fuel_type,mileage,description,manufacturer,type) VALUES ('1J538YW76YE281757','LX570',2011,'Gas',2082,NULL,'Lexus','Van');
INSERT INTO Vehicle(vin,model_name,model_year,fuel_type,mileage,description,manufacturer,type) VALUES ('1JRH0ZBVOBE937509','CX-5',2014,'Gas',18580,'no understeer;','MAZDA','Minivan');
INSERT INTO Vehicle(vin,model_name,model_year,fuel_type,mileage,description,manufacturer,type) VALUES ('1M1GEHMECS1730055','S',2014,'Plugin Hybrid',43950,'original equipment manufacturer (OEM) parts; four-wheel drive;','Tesla','Convertible');
INSERT INTO Vehicle(vin,model_name,model_year,fuel_type,mileage,description,manufacturer,type) VALUES ('1MV1LD01B0D736628','B2300',2005,'Gas',207160,'sturdy rear axle assembly;','MAZDA','Sedan');
INSERT INTO Vehicle(vin,model_name,model_year,fuel_type,mileage,description,manufacturer,type) VALUES ('1P2ISJXQKIW025651','ES8 NEW',2023,'Gas',146172,'Automotive Service Excellence (ASE); check the Monroney sticker - theer is nothing better than this vehicle;','Nio','SUV');
INSERT INTO Vehicle(vin,model_name,model_year,fuel_type,mileage,description,manufacturer,type) VALUES ('1RMG763RUOZ482821','ALLROAD QUATTRO',2013,'Battery',128265,'manual transmission;','Audi','Truck');
INSERT INTO Vehicle(vin,model_name,model_year,fuel_type,mileage,description,manufacturer,type) VALUES ('1U7J5TO2RMU974230','ESCALADE ESV',2008,'Gas',104570,NULL,'Cadillac','Van');
INSERT INTO Vehicle(vin,model_name,model_year,fuel_type,mileage,description,manufacturer,type) VALUES ('1V61QHRD20E210923','BOYUE/BOYUE L',2016,'Battery',82042,'no redline; no redline;','Geeley','Minivan');
INSERT INTO Vehicle(vin,model_name,model_year,fuel_type,mileage,description,manufacturer,type) VALUES ('23VKNWAH4WQ056833','BOXSTER',2006,'Gas',10488,NULL,'Porsche','Convertible');
INSERT INTO Vehicle(vin,model_name,model_year,fuel_type,mileage,description,manufacturer,type) VALUES ('2BEGOJVB21D198188','V70',2005,'Plugin Hybrid',41505,'small spark plug gap;','Volvo','Minivan');
INSERT INTO Vehicle(vin,model_name,model_year,fuel_type,mileage,description,manufacturer,type) VALUES ('2CB6WLH88NB344487','S',2014,'Gas',160473,'automatic transmission; wide cam; safe oil ring;','Tesla','Sedan');
INSERT INTO Vehicle(vin,model_name,model_year,fuel_type,mileage,description,manufacturer,type) VALUES ('2DHOH4P4672123749','XINGYUE L',2023,'Battery',160956,'good piston;','Geeley','Sedan');
INSERT INTO Vehicle(vin,model_name,model_year,fuel_type,mileage,description,manufacturer,type) VALUES ('2JUBCDLLXSB731848','CAYMAN',2011,'Battery',16382,'high volume cylinder;','Porsche','Van');
INSERT INTO Vehicle(vin,model_name,model_year,fuel_type,mileage,description,manufacturer,type) VALUES ('2LUXDFJTYZA796766','RAM 2500',2009,'Gas',11657,'convertible;','Dodge','Minivan');
INSERT INTO Vehicle(vin,model_name,model_year,fuel_type,mileage,description,manufacturer,type) VALUES ('2MSC0A8PW8U686208','TAHOE',2003,'Plugin Hybrid',48644,'wide chassis;','Chevrolet','SUV');
INSERT INTO Vehicle(vin,model_name,model_year,fuel_type,mileage,description,manufacturer,type) VALUES ('2N45QQ7SMY3757149','GRAND CHEROKEE',2012,'Gas',4506,'detail;','Jeep','Coupe');
INSERT INTO Vehicle(vin,model_name,model_year,fuel_type,mileage,description,manufacturer,type) VALUES ('2Y1UCXYY50T192604','SAVANA 2500',2013,'Gas',60965,'automatic torque converter;','GMC','Minivan');
INSERT INTO Vehicle(vin,model_name,model_year,fuel_type,mileage,description,manufacturer,type) VALUES ('2YHAF0V8512939431','ZDX',2010,'Gas',60084,'active safety features; Automotive Service Excellence (ASE);','Acura','SUV');
INSERT INTO Vehicle(vin,model_name,model_year,fuel_type,mileage,description,manufacturer,type) VALUES ('2YTUEYSLDJG398062','FORTE KOUP',2012,'Gas',72720,NULL,'Kia','SUV');
INSERT INTO Vehicle(vin,model_name,model_year,fuel_type,mileage,description,manufacturer,type) VALUES ('30YUJXKGY7I314746','AVENTADOR',2013,'Gas',57066,'original equipment manufacturer (OEM) parts; good piston;','Lamborghini','Truck');
INSERT INTO Vehicle(vin,model_name,model_year,fuel_type,mileage,description,manufacturer,type) VALUES ('323F5QUAPKX190724','R1S NEW',2023,'Battery',123358,'super new ignition system;','Rivian','Sedan');
INSERT INTO Vehicle(vin,model_name,model_year,fuel_type,mileage,description,manufacturer,type) VALUES ('340C5KYKWVM715838','B4000',2003,'Hybrid',149043,'great rpms;','MAZDA','Van');
INSERT INTO Vehicle(vin,model_name,model_year,fuel_type,mileage,description,manufacturer,type) VALUES ('3464CBUBJ3G311266','575 M MARANELLO',2005,'Plugin Hybrid',17392,'no backfire/backfiring;','Ferrari','Coupe');
INSERT INTO Vehicle(vin,model_name,model_year,fuel_type,mileage,description,manufacturer,type) VALUES ('3EAZYH5SPE8904041','A4 QUATTRO',2002,'Plugin Hybrid',30354,'gap;','Audi','Sedan');
INSERT INTO Vehicle(vin,model_name,model_year,fuel_type,mileage,description,manufacturer,type) VALUES ('3NED8CVSG6V494138','XFR',2014,'Gas',13134,'broad wheelbase; modern dashboard;','Jaguar','SUV');
INSERT INTO Vehicle(vin,model_name,model_year,fuel_type,mileage,description,manufacturer,type) VALUES ('3P0R7483FP1117876','ATTITUDE',2009,'Gas',149700,'minivan;','Dodge','SUV');
INSERT INTO Vehicle(vin,model_name,model_year,fuel_type,mileage,description,manufacturer,type) VALUES ('4BSRNVZZ2CQ691731','TOWN & COUNTRY',2012,'Gas',89038,'convertible;','Chrysler','Minivan');
INSERT INTO Vehicle(vin,model_name,model_year,fuel_type,mileage,description,manufacturer,type) VALUES ('4BW4C1KL6TZ577336','RS4',2007,'Diesel',3900,'original equipment manufacturer (OEM) parts;','Audi','Convertible');
INSERT INTO Vehicle(vin,model_name,model_year,fuel_type,mileage,description,manufacturer,type) VALUES ('4HVC60L66KI459720','B3000',2003,'Gas',22666,'high quality carburetor; no backfire/backfiring;','MAZDA','Truck');
INSERT INTO Vehicle(vin,model_name,model_year,fuel_type,mileage,description,manufacturer,type) VALUES ('4QL2U7A4H4J019100','EXPLORER',2007,'Gas',27724,'high differential;','Ford','SUV');
INSERT INTO Vehicle(vin,model_name,model_year,fuel_type,mileage,description,manufacturer,type) VALUES ('4RJT1NOLXUG037441','CONTINENTAL',2015,'Gas',111896,NULL,'Bentley','SUV');
INSERT INTO Vehicle(vin,model_name,model_year,fuel_type,mileage,description,manufacturer,type) VALUES ('4TJ5T18OMFN710800','4RUNNER',2010,'Battery',11395,'strong muffler;','Toyota','Truck');
INSERT INTO Vehicle(vin,model_name,model_year,fuel_type,mileage,description,manufacturer,type) VALUES ('55M41D1AGKW204016','VOYAGER',2004,'Gas',96380,'front axle assembly;','Chrysler','Van');
INSERT INTO Vehicle(vin,model_name,model_year,fuel_type,mileage,description,manufacturer,type) VALUES ('5DAWXIM4EAK735462','RAM 1500 TRUCK',2010,'Gas',8190,'superturbocharger;','Dodge','Coupe');
INSERT INTO Vehicle(vin,model_name,model_year,fuel_type,mileage,description,manufacturer,type) VALUES ('5IZQ0A8JNL8536828','GENESIS',2010,'Gas',194926,'high block; no understeer; wide chassis;','Hyundai','SUV');
INSERT INTO Vehicle(vin,model_name,model_year,fuel_type,mileage,description,manufacturer,type) VALUES ('5JVO4MGJYXC563627','LANCER',2003,'Gas',214962,'sport utility vehicle-SUV; high differential;','Mitsubishi','SUV');
INSERT INTO Vehicle(vin,model_name,model_year,fuel_type,mileage,description,manufacturer,type) VALUES ('5L5RPVESTIA976918','G37',2008,'Plugin Hybrid',151964,'strong muffler; safe oil ring;','INFINITI','Minivan');
INSERT INTO Vehicle(vin,model_name,model_year,fuel_type,mileage,description,manufacturer,type) VALUES ('5MS17EW23YR611242','COMMANDER',2010,'Gas',167565,'wide chassis;','Jeep','Minivan');
INSERT INTO Vehicle(vin,model_name,model_year,fuel_type,mileage,description,manufacturer,type) VALUES ('5NFMDSJIMMB492412','TOWN CAR',2005,'Diesel',99042,'check the Monroney sticker - theer is nothing better than this vehicle;','Lincoln','Coupe');
INSERT INTO Vehicle(vin,model_name,model_year,fuel_type,mileage,description,manufacturer,type) VALUES ('5T3XYBUNB63008211','TRX350FE FOURTRAX RANCHER 4X4 ES',2005,'Gas',84530,'detail;','Honda','Sedan');
INSERT INTO Vehicle(vin,model_name,model_year,fuel_type,mileage,description,manufacturer,type) VALUES ('5WKWALJ4EQU001163','COOPER COUNTRYMAN',2015,'Natural Gas',64266,NULL,'MINI','SUV');
INSERT INTO Vehicle(vin,model_name,model_year,fuel_type,mileage,description,manufacturer,type) VALUES ('63OUTYEBN7D928507','TOWN CAR',2011,'Gas',99484,'manual transmission;','Lincoln','Convertible');
INSERT INTO Vehicle(vin,model_name,model_year,fuel_type,mileage,description,manufacturer,type) VALUES ('65ISMOWUBDU569125','CTS',2007,'Diesel',84921,'superturbocharger;','Cadillac','Van');
INSERT INTO Vehicle(vin,model_name,model_year,fuel_type,mileage,description,manufacturer,type) VALUES ('67BQ74RV204502543','GALLARDO',2006,'Gas',40632,'high volume cylinder; pickup;','Lamborghini','Minivan');
INSERT INTO Vehicle(vin,model_name,model_year,fuel_type,mileage,description,manufacturer,type) VALUES ('6AZQDNCM3G6215989','DISCOVERY',2015,'Gas',161200,'crankcase; rear wheel drive;','Land Rover','Minivan');
INSERT INTO Vehicle(vin,model_name,model_year,fuel_type,mileage,description,manufacturer,type) VALUES ('6LYU65SHD4H127612','CAYMAN',2015,'Gas',23928,NULL,'Porsche','SUV');
INSERT INTO Vehicle(vin,model_name,model_year,fuel_type,mileage,description,manufacturer,type) VALUES ('6N5JA7X7LX2749307','EXPEDITION',2011,'Hybrid',139500,'small spark plug gap; active safety features;','Ford','Minivan');
INSERT INTO Vehicle(vin,model_name,model_year,fuel_type,mileage,description,manufacturer,type) VALUES ('6WRD8C6784B120048','EMGRAND S',2019,'Gas',11497,'high volume cylinder;','Geeley','Minivan');
INSERT INTO Vehicle(vin,model_name,model_year,fuel_type,mileage,description,manufacturer,type) VALUES ('6ZG2Z4HYIKW532605','FORTWO',2010,'Hybrid',126495,'high quality carburetor;','smart','Convertible');
INSERT INTO Vehicle(vin,model_name,model_year,fuel_type,mileage,description,manufacturer,type) VALUES ('72OI8SLM4HN113041','MP4-12C',2014,'Plugin Hybrid',58070,'coupe; unibody construction;','McLaren','Coupe');
INSERT INTO Vehicle(vin,model_name,model_year,fuel_type,mileage,description,manufacturer,type) VALUES ('72SCGHC1RB4779672','QUATTROPORTE',2012,'Gas',129735,'original equipment manufacturer (OEM) parts;','Maserati','Convertible');
INSERT INTO Vehicle(vin,model_name,model_year,fuel_type,mileage,description,manufacturer,type) VALUES ('73HIEJVMY26464395','JETTA',2008,'Gas',6216,'rack and pinion steering;','Volkswagen','Van');
INSERT INTO Vehicle(vin,model_name,model_year,fuel_type,mileage,description,manufacturer,type) VALUES ('7ZGFTG3CJWB276675','EV',2023,'Plugin Hybrid',52210,'four-wheel drive;','XPeng','Coupe');
INSERT INTO Vehicle(vin,model_name,model_year,fuel_type,mileage,description,manufacturer,type) VALUES ('8CR4YKPMHVR077313','GS-6 PROS',2023,'Gas',115950,'rear wheel drive; crumple zones; automatic valves;','Karma','Coupe');
INSERT INTO Vehicle(vin,model_name,model_year,fuel_type,mileage,description,manufacturer,type) VALUES ('8FDAK0CPTWA122888','TRX500FE FOURTRAX FOREMAN 4X4 ES',2013,'Gas',39708,'no backfire/backfiring;','Honda','Minivan');
INSERT INTO Vehicle(vin,model_name,model_year,fuel_type,mileage,description,manufacturer,type) VALUES ('8JVUFKHA0TM075506','MX-5 MIATA',2011,'Gas',191186,'superturbocharger;','MAZDA','Convertible');
INSERT INTO Vehicle(vin,model_name,model_year,fuel_type,mileage,description,manufacturer,type) VALUES ('8LPZZLYHF77014597','S40',2009,'Gas',198456,'no understeer;','Volvo','Minivan');
INSERT INTO Vehicle(vin,model_name,model_year,fuel_type,mileage,description,manufacturer,type) VALUES ('8SGNAEKKQ0B252643','SONATA',2009,'Plugin Hybrid',41010,NULL,'Hyundai','Truck');
INSERT INTO Vehicle(vin,model_name,model_year,fuel_type,mileage,description,manufacturer,type) VALUES ('8U653RXUMZY984495','VOLT',2012,'Gas',151216,'sturdy side impact beams; Automotive Service Excellence (ASE);','Chevrolet','Van');
INSERT INTO Vehicle(vin,model_name,model_year,fuel_type,mileage,description,manufacturer,type) VALUES ('8UU0VC3VENC905922','RANGE ROVER SPORT',2010,'Diesel',5090,'manual transmission;','Land Rover','Coupe');
INSERT INTO Vehicle(vin,model_name,model_year,fuel_type,mileage,description,manufacturer,type) VALUES ('8VGJ74SC8UK076966','CX-9',2010,'Gas',87102,'super new ignition system;','MAZDA','Coupe');
INSERT INTO Vehicle(vin,model_name,model_year,fuel_type,mileage,description,manufacturer,type) VALUES ('8W38A5ZZFKA123439','P1',2014,'Hybrid',31607,'automatic torque converter;','McLaren','Convertible');
INSERT INTO Vehicle(vin,model_name,model_year,fuel_type,mileage,description,manufacturer,type) VALUES ('8WLKEABOQM5965804','REGAL',2013,'Battery',19770,'great engine; great rpms; minivan;','Buick','Minivan');
INSERT INTO Vehicle(vin,model_name,model_year,fuel_type,mileage,description,manufacturer,type) VALUES ('A1GTY6T551Q455502','EVORA',2011,'Gas',61770,'sturdy rear axle assembly; high volume cylinder;','Lotus','Sedan');
INSERT INTO Vehicle(vin,model_name,model_year,fuel_type,mileage,description,manufacturer,type) VALUES ('A1S3JZU0RGM394036','R1T',2023,'Gas',67510,'high quality carburetor;','Rivian','Sedan');
INSERT INTO Vehicle(vin,model_name,model_year,fuel_type,mileage,description,manufacturer,type) VALUES ('A58PSDYJWYD029917','ROADSTER',2008,'Battery',45288,'ultra new transmission;','Tesla','Minivan');
INSERT INTO Vehicle(vin,model_name,model_year,fuel_type,mileage,description,manufacturer,type) VALUES ('ANW7EMLQVI6782246','LIBERTY',2006,'Gas',148550,'best possible traction; engine displacement;','Jeep','Minivan');
INSERT INTO Vehicle(vin,model_name,model_year,fuel_type,mileage,description,manufacturer,type) VALUES ('AOIDQU2ROYY946376','G6',2021,'Gas',4801,'great rpms; gap; good piston;','XPeng','Minivan');
INSERT INTO Vehicle(vin,model_name,model_year,fuel_type,mileage,description,manufacturer,type) VALUES ('B1NDXK4VPM8021524','COOPER',2013,'Gas',55260,'wide chassis; small spark plug gap;','MINI','Truck');
INSERT INTO Vehicle(vin,model_name,model_year,fuel_type,mileage,description,manufacturer,type) VALUES ('B5Q25XY368S364688','ET7',2021,'Gas',111552,'hatchback;','Nio','Truck');
INSERT INTO Vehicle(vin,model_name,model_year,fuel_type,mileage,description,manufacturer,type) VALUES ('B68KFH50SOO194215','FORTWO',2010,'Gas',10158,'no redline; drum brake;','smart','Coupe');
INSERT INTO Vehicle(vin,model_name,model_year,fuel_type,mileage,description,manufacturer,type) VALUES ('BCTZOAWQMHJ300759','SPIDER',2008,'Hybrid',27144,'four-wheel drive;','Alfa Romeo','Van');
INSERT INTO Vehicle(vin,model_name,model_year,fuel_type,mileage,description,manufacturer,type) VALUES ('BH6Z8Q8YUSV665327','OUTLANDER',2003,'Hybrid',110124,'air filtration system;','Mitsubishi','SUV');
INSERT INTO Vehicle(vin,model_name,model_year,fuel_type,mileage,description,manufacturer,type) VALUES ('BJIK4PRL350875445','TRX500FPA FOURTRAX FOREMAN RUBICON',2014,'Gas',44326,NULL,'Honda','Truck');
INSERT INTO Vehicle(vin,model_name,model_year,fuel_type,mileage,description,manufacturer,type) VALUES ('BKO2YY3HI56119138','YUKON',2015,'Gas',2454,'wide transaxle;','GMC','Truck');
INSERT INTO Vehicle(vin,model_name,model_year,fuel_type,mileage,description,manufacturer,type) VALUES ('BQ1P8TA2OBE090669','C70',2005,'Gas',216546,'sturdy rear axle assembly;','Volvo','SUV');
INSERT INTO Vehicle(vin,model_name,model_year,fuel_type,mileage,description,manufacturer,type) VALUES ('BROAYF3JXYB733688','CALIFORNIA',2013,'Gas',49090,'hydraulic brakes; power train; active safety features;','Ferrari','Coupe');
INSERT INTO Vehicle(vin,model_name,model_year,fuel_type,mileage,description,manufacturer,type) VALUES ('BV7ZLIZN0R2917777','SIERRA 3500 HD',2008,'Gas',95020,'overdrive; drum brake; best oil pump;','GMC','Van');
INSERT INTO Vehicle(vin,model_name,model_year,fuel_type,mileage,description,manufacturer,type) VALUES ('BW4Z2PQG761237438','JOURNEY',2012,'Diesel',12749,'wide transaxle; automatic transmission;','Dodge','Sedan');
INSERT INTO Vehicle(vin,model_name,model_year,fuel_type,mileage,description,manufacturer,type) VALUES ('BYNUGAHZM1L977542','TRX90X',2014,'Hybrid',80420,NULL,'Honda','Convertible');
INSERT INTO Vehicle(vin,model_name,model_year,fuel_type,mileage,description,manufacturer,type) VALUES ('CNBSW7RMXAE536762','SPIDER',2008,'Hybrid',14916,NULL,'Alfa Romeo','Coupe');
INSERT INTO Vehicle(vin,model_name,model_year,fuel_type,mileage,description,manufacturer,type) VALUES ('CXGQS7AZP6I329568','XC60',2011,'Fuel Cell',97260,NULL,'Volvo','Coupe');
INSERT INTO Vehicle(vin,model_name,model_year,fuel_type,mileage,description,manufacturer,type) VALUES ('D244CUCA1UX127908','MP4-12C',2013,'Gas',13893,'minivan;','McLaren','Minivan');
INSERT INTO Vehicle(vin,model_name,model_year,fuel_type,mileage,description,manufacturer,type) VALUES ('DABGHKVUB2D696619','FIESTA IKON',2014,'Gas',2900,'front axle assembly;','Ford','Convertible');
INSERT INTO Vehicle(vin,model_name,model_year,fuel_type,mileage,description,manufacturer,type) VALUES ('DBF5M62ODXK242204','DAKOTA',2010,'Gas',48386,'manual transmission; good piston; high quality carburetor;','Dodge','Coupe');
INSERT INTO Vehicle(vin,model_name,model_year,fuel_type,mileage,description,manufacturer,type) VALUES ('E5W8EPPWZS0896119','ES8 NEW',2021,'Hybrid',8580,'convertible;','Nio','Coupe');
INSERT INTO Vehicle(vin,model_name,model_year,fuel_type,mileage,description,manufacturer,type) VALUES ('EDH6BDC74XY589172','TL',2003,'Gas',36240,'automatic torque converter;','Acura','Sedan');
INSERT INTO Vehicle(vin,model_name,model_year,fuel_type,mileage,description,manufacturer,type) VALUES ('EJET1HMTOKB682315','RAM 2500 TRUCK',2004,'Gas',21925,'normally aspirated; wide cam;','Dodge','SUV');
INSERT INTO Vehicle(vin,model_name,model_year,fuel_type,mileage,description,manufacturer,type) VALUES ('ELA1OD0NP7S259553','R32',2008,'Gas',16304,'drum brake; best possible traction; wide chassis;','Volkswagen','Convertible');
INSERT INTO Vehicle(vin,model_name,model_year,fuel_type,mileage,description,manufacturer,type) VALUES ('EQ22HWH3DG1475247','CTS',2012,'Gas',14318,'can be used as sports car;','Cadillac','Minivan');
INSERT INTO Vehicle(vin,model_name,model_year,fuel_type,mileage,description,manufacturer,type) VALUES ('EQPAH1SUF8O016349','GSe-6',2023,'Gas',16545,'no backfire/backfiring;','Karma','Minivan');
INSERT INTO Vehicle(vin,model_name,model_year,fuel_type,mileage,description,manufacturer,type) VALUES ('ETRV7OGUK1A265022','MPV',2006,'Gas',3538,'autotachometer;','MAZDA','Coupe');
INSERT INTO Vehicle(vin,model_name,model_year,fuel_type,mileage,description,manufacturer,type) VALUES ('EUNRBUAUCXQ934676','FORESTER',2010,'Gas',33884,'original equipment manufacturer (OEM) parts;','Subaru','Minivan');
INSERT INTO Vehicle(vin,model_name,model_year,fuel_type,mileage,description,manufacturer,type) VALUES ('EV4TH4BF5DQ470200','QUATTROPORTE',2006,'Hybrid',11695,'minivan;','Maserati','Truck');
INSERT INTO Vehicle(vin,model_name,model_year,fuel_type,mileage,description,manufacturer,type) VALUES ('EWUO21O8D0P959813','MULSANNE',2012,'Diesel',6250,'fuel injection; wide transaxle;','Bentley','Sedan');
INSERT INTO Vehicle(vin,model_name,model_year,fuel_type,mileage,description,manufacturer,type) VALUES ('EX0DFWC3FLW639681','CTS',2009,'Gas',19166,'hatchback; high torque;','Cadillac','Coupe');
INSERT INTO Vehicle(vin,model_name,model_year,fuel_type,mileage,description,manufacturer,type) VALUES ('EYTJ0RTAAHK130156','FORFOUR',2005,'Hybrid',39320,'best oil pump;','smart','Coupe');
INSERT INTO Vehicle(vin,model_name,model_year,fuel_type,mileage,description,manufacturer,type) VALUES ('EZ144Z2QAJC644839','A8 QUATTRO',2003,'Diesel',69820,'small spark plug gap;','Audi','Convertible');
INSERT INTO Vehicle(vin,model_name,model_year,fuel_type,mileage,description,manufacturer,type) VALUES ('EZ308PJB831681306','PROWLER',2002,'Gas',16716,'best suspension;','Chrysler','Minivan');
INSERT INTO Vehicle(vin,model_name,model_year,fuel_type,mileage,description,manufacturer,type) VALUES ('F032TW1LYVD881430','ES8 NEW',2023,'Gas',134835,'crumple zones;','Nio','Truck');
INSERT INTO Vehicle(vin,model_name,model_year,fuel_type,mileage,description,manufacturer,type) VALUES ('F253TPAMQK3083569','458 ITALIA',2013,'Diesel',72556,'station wagon (Also known as wagon.);','Ferrari','Minivan');
INSERT INTO Vehicle(vin,model_name,model_year,fuel_type,mileage,description,manufacturer,type) VALUES ('F37VOS4G0QV020629','QUATTROPORTE',2007,'Gas',52831,'high block;','Maserati','SUV');
INSERT INTO Vehicle(vin,model_name,model_year,fuel_type,mileage,description,manufacturer,type) VALUES ('F42NYNK4BK3657449','MKX',2007,'Diesel',92236,'high block;','Lincoln','Coupe');
INSERT INTO Vehicle(vin,model_name,model_year,fuel_type,mileage,description,manufacturer,type) VALUES ('FA7LJ664E04088299','F800GS',2012,'Gas',25446,'supernew catalytic converter;','BMW','SUV');
INSERT INTO Vehicle(vin,model_name,model_year,fuel_type,mileage,description,manufacturer,type) VALUES ('FAQ8F8F300A215860','GS350',2009,'Gas',2224,'automatic torque converter;','Lexus','Coupe');
INSERT INTO Vehicle(vin,model_name,model_year,fuel_type,mileage,description,manufacturer,type) VALUES ('FLACGVUE5FI388538','XKR',2003,'Gas',101265,'innovative air bags;','Jaguar','Sedan');
INSERT INTO Vehicle(vin,model_name,model_year,fuel_type,mileage,description,manufacturer,type) VALUES ('FPJBMT3OOG8061158','350Z',2005,'Gas',70100,NULL,'Nissan','Sedan');
INSERT INTO Vehicle(vin,model_name,model_year,fuel_type,mileage,description,manufacturer,type) VALUES ('FW817ZV3BVG215163','ACCENT',2009,'Diesel',11612,'small spark plug gap;','Hyundai','Coupe');
INSERT INTO Vehicle(vin,model_name,model_year,fuel_type,mileage,description,manufacturer,type) VALUES ('FXCJT6N4BUT928292','G6',2020,'Gas',29688,'unibody construction;','XPeng','Minivan');
INSERT INTO Vehicle(vin,model_name,model_year,fuel_type,mileage,description,manufacturer,type) VALUES ('FXR24KBAHFZ139993','V8 VANTAGE',2009,'Battery',39454,'automatic torque converter;','Aston Martin','Minivan');
INSERT INTO Vehicle(vin,model_name,model_year,fuel_type,mileage,description,manufacturer,type) VALUES ('GC27VB8JWCD457186','COOPER',2002,'Diesel',120780,'no understeer; strong muffler;','MINI','Sedan');
INSERT INTO Vehicle(vin,model_name,model_year,fuel_type,mileage,description,manufacturer,type) VALUES ('GEW8SXH3TWS985107','RANGE ROVER',2008,'Plugin Hybrid',61620,'pickup;','Land Rover','SUV');
INSERT INTO Vehicle(vin,model_name,model_year,fuel_type,mileage,description,manufacturer,type) VALUES ('GHEDZEHRLGJ237205','F800GT',2013,'Plugin Hybrid',86082,'can be used as sports car;','BMW','Coupe');
INSERT INTO Vehicle(vin,model_name,model_year,fuel_type,mileage,description,manufacturer,type) VALUES ('GNJQGN3RWIT431179','ES9 FUTURE',2023,'Diesel',64530,'super new ignition system;','Nio','Van');
INSERT INTO Vehicle(vin,model_name,model_year,fuel_type,mileage,description,manufacturer,type) VALUES ('GTTYZXB3YJG754847','4C',2014,'Gas',7898,'great engine;','Alfa Romeo','SUV');
INSERT INTO Vehicle(vin,model_name,model_year,fuel_type,mileage,description,manufacturer,type) VALUES ('GZ81MW85M47387080','XKR-S',2015,'Fuel Cell',3720,'super new ignition system;','Jaguar','Minivan');
INSERT INTO Vehicle(vin,model_name,model_year,fuel_type,mileage,description,manufacturer,type) VALUES ('HGHHV1IWCUX780355','RANGE ROVER SPORT',2015,'Gas',2940,'good gear;','Land Rover','Minivan');
INSERT INTO Vehicle(vin,model_name,model_year,fuel_type,mileage,description,manufacturer,type) VALUES ('HIEWYKOMDAK597903','FORTWO',2005,'Plugin Hybrid',148598,'no redline; manual transmission; best possible traction;','smart','SUV');
INSERT INTO Vehicle(vin,model_name,model_year,fuel_type,mileage,description,manufacturer,type) VALUES ('HJHFHI4TARG736468','JOURNEY',2015,'Plugin Hybrid',58340,'air filtration system;','Dodge','Coupe');
INSERT INTO Vehicle(vin,model_name,model_year,fuel_type,mileage,description,manufacturer,type) VALUES ('HRBDCA8RAE0685886','VOYAGER',2007,'Gas',1568,'power train; Automotive Service Excellence (ASE);','Chrysler','Truck');
INSERT INTO Vehicle(vin,model_name,model_year,fuel_type,mileage,description,manufacturer,type) VALUES ('HTIAUKNL6TA101731','VT750C SHADOW AERO',2009,'Diesel',55444,NULL,'Honda','SUV');
INSERT INTO Vehicle(vin,model_name,model_year,fuel_type,mileage,description,manufacturer,type) VALUES ('HUJ762ME6OB336499','SEBRING',2009,'Gas',80010,'best oil pump;','Chrysler','Convertible');
INSERT INTO Vehicle(vin,model_name,model_year,fuel_type,mileage,description,manufacturer,type) VALUES ('HXP0L3Y7NRP032607','TERRAIN',2012,'Fuel Cell',4512,NULL,'GMC','SUV');
INSERT INTO Vehicle(vin,model_name,model_year,fuel_type,mileage,description,manufacturer,type) VALUES ('I2Y84J2JYUI249817','NV200',2014,'Gas',36204,'check the Monroney sticker - theer is nothing better than this vehicle;','Nissan','Coupe');
INSERT INTO Vehicle(vin,model_name,model_year,fuel_type,mileage,description,manufacturer,type) VALUES ('I4ZQBJWMKGO132368','MKT',2014,'Gas',67371,'Automotive Service Excellence (ASE);','Lincoln','Convertible');
INSERT INTO Vehicle(vin,model_name,model_year,fuel_type,mileage,description,manufacturer,type) VALUES ('I5E5PHXL5CF199096','OPTIMA',2010,'Gas',22229,NULL,'Kia','Coupe');
INSERT INTO Vehicle(vin,model_name,model_year,fuel_type,mileage,description,manufacturer,type) VALUES ('I7TC64WMFN3679469','V8 VANTAGE',2009,'Gas',58960,NULL,'Aston Martin','SUV');
INSERT INTO Vehicle(vin,model_name,model_year,fuel_type,mileage,description,manufacturer,type) VALUES ('IHYW5EQH7SL835482','ENDEAVOR',2005,'Gas',28431,'engine displacement; oversteer;','Mitsubishi','Convertible');
INSERT INTO Vehicle(vin,model_name,model_year,fuel_type,mileage,description,manufacturer,type) VALUES ('IK0HARFDHRY246462','SPIDER',2008,'Fuel Cell',19756,'oversteer;','Alfa Romeo','Coupe');
INSERT INTO Vehicle(vin,model_name,model_year,fuel_type,mileage,description,manufacturer,type) VALUES ('IO8AOWYKMLD518556','POINTER TRUCK',2006,'Diesel',2280,'best possible traction;','Volkswagen','Coupe');
INSERT INTO Vehicle(vin,model_name,model_year,fuel_type,mileage,description,manufacturer,type) VALUES ('IQ73NEIBJNB403342','XLR',2005,'Gas',46908,'good piston; original equipment manufacturer (OEM) parts; front axle assembly;','Cadillac','SUV');
INSERT INTO Vehicle(vin,model_name,model_year,fuel_type,mileage,description,manufacturer,type) VALUES ('IUTAUS27FGO848930','ARNAGE',2004,'Gas',44422,NULL,'Bentley','Coupe');
INSERT INTO Vehicle(vin,model_name,model_year,fuel_type,mileage,description,manufacturer,type) VALUES ('IXZVB277TU2768773','FX35',2009,'Gas',103600,NULL,'INFINITI','Convertible');
INSERT INTO Vehicle(vin,model_name,model_year,fuel_type,mileage,description,manufacturer,type) VALUES ('IZPS1NTRXAH046134','CABRIO',2005,'Gas',14060,'high block;','smart','Convertible');
INSERT INTO Vehicle(vin,model_name,model_year,fuel_type,mileage,description,manufacturer,type) VALUES ('J05SWPOXE56492516','LESABRE',2003,'Gas',37811,'normally aspirated;','Buick','SUV');
INSERT INTO Vehicle(vin,model_name,model_year,fuel_type,mileage,description,manufacturer,type) VALUES ('J1MG8R7RAZX116769','BROOKLANDS',2008,'Gas',185212,'Automotive Service Excellence (ASE);','Bentley','Sedan');
INSERT INTO Vehicle(vin,model_name,model_year,fuel_type,mileage,description,manufacturer,type) VALUES ('J6OMNLGS2AO161351','CELICA',2003,'Gas',32270,'good gear; high volume cylinder;','Toyota','Minivan');
INSERT INTO Vehicle(vin,model_name,model_year,fuel_type,mileage,description,manufacturer,type) VALUES ('JA36JFM31V4526050','VOYAGER',2002,'Gas',42815,'pickup; sturdy rear axle assembly;','Chrysler','Sedan');
INSERT INTO Vehicle(vin,model_name,model_year,fuel_type,mileage,description,manufacturer,type) VALUES ('JA7U5AG0WEE170652','EXIGE',2010,'Gas',224140,'automatic transmission;','Lotus','Truck');
INSERT INTO Vehicle(vin,model_name,model_year,fuel_type,mileage,description,manufacturer,type) VALUES ('JA7YVHAFRLT437706','ECOSPORT',2004,'Plugin Hybrid',191840,NULL,'Ford','Minivan');
INSERT INTO Vehicle(vin,model_name,model_year,fuel_type,mileage,description,manufacturer,type) VALUES ('JBPIGW2CI42143239','JETTA',2010,'Natural Gas',37976,'modern dashboard;','Volkswagen','Minivan');
INSERT INTO Vehicle(vin,model_name,model_year,fuel_type,mileage,description,manufacturer,type) VALUES ('JE1O6OHJZW1220783','SIENNA',2008,'Battery',21236,'superturbocharger; best suspension;','Toyota','Van');
INSERT INTO Vehicle(vin,model_name,model_year,fuel_type,mileage,description,manufacturer,type) VALUES ('JL4O86VLF1F081674','TRIBUTE',2009,'Gas',3780,NULL,'MAZDA','Convertible');
INSERT INTO Vehicle(vin,model_name,model_year,fuel_type,mileage,description,manufacturer,type) VALUES ('JS0Y5W8KIDC106093','GLA200',2015,'Gas',111588,NULL,'Mercedes-Benz','Minivan');
INSERT INTO Vehicle(vin,model_name,model_year,fuel_type,mileage,description,manufacturer,type) VALUES ('JS7IRJMSXPC511509','LS',2003,'Gas',28236,'drum brake;','Lincoln','Truck');
INSERT INTO Vehicle(vin,model_name,model_year,fuel_type,mileage,description,manufacturer,type) VALUES ('JZKBFXYGWL5900436','ACCENT',2002,'Diesel',3156,'manual transmission; drive shaft; automatic transmission;','Hyundai','Coupe');
INSERT INTO Vehicle(vin,model_name,model_year,fuel_type,mileage,description,manufacturer,type) VALUES ('K3MTK4TIJNU760358','R1T TOMORROW',2023,'Gas',13916,'crumple zones; active safety features;','Rivian','Minivan');
INSERT INTO Vehicle(vin,model_name,model_year,fuel_type,mileage,description,manufacturer,type) VALUES ('K4IZJXWXWJR973290','BOXSTER',2013,'Fuel Cell',11582,'disc brake;','Porsche','Convertible');
INSERT INTO Vehicle(vin,model_name,model_year,fuel_type,mileage,description,manufacturer,type) VALUES ('KBYS182F2ID559258','F430',2007,'Diesel',97020,'high volume cylinder;','Ferrari','Coupe');
INSERT INTO Vehicle(vin,model_name,model_year,fuel_type,mileage,description,manufacturer,type) VALUES ('KCXGZEVS1QW404654','AVIATOR',2004,'Diesel',43930,'power train;','Lincoln','Coupe');
INSERT INTO Vehicle(vin,model_name,model_year,fuel_type,mileage,description,manufacturer,type) VALUES ('KE1QKPKS6Q8459351','X',2014,'Gas',6466,'high block;','Tesla','Convertible');
INSERT INTO Vehicle(vin,model_name,model_year,fuel_type,mileage,description,manufacturer,type) VALUES ('KEZRVGOFFMA250868','FORTWO',2005,'Plugin Hybrid',141752,'good gear;','smart','Truck');
INSERT INTO Vehicle(vin,model_name,model_year,fuel_type,mileage,description,manufacturer,type) VALUES ('KW1EHM2N1UB940362','RLX',2015,'Plugin Hybrid',93317,'great stabilizer bar;','Acura','Sedan');
INSERT INTO Vehicle(vin,model_name,model_year,fuel_type,mileage,description,manufacturer,type) VALUES ('KZQ5C1NSWAJ790169','WRX',2014,'Battery',47208,'wide transaxle; best suspension; four-wheel drive;','Subaru','SUV');
INSERT INTO Vehicle(vin,model_name,model_year,fuel_type,mileage,description,manufacturer,type) VALUES ('L3ETEZZL0ER968032','750I XDRIVE',2012,'Gas',17159,'best sedan;','BMW','Van');
INSERT INTO Vehicle(vin,model_name,model_year,fuel_type,mileage,description,manufacturer,type) VALUES ('L535DHDAU62985677','CL',2003,'Gas',239400,'great rpms;','Acura','Coupe');
INSERT INTO Vehicle(vin,model_name,model_year,fuel_type,mileage,description,manufacturer,type) VALUES ('L6EFDBPTY1B405814','FM-MR',2004,'Battery',4466,'station wagon (Also known as wagon.);','Mitsubishi','Coupe');
INSERT INTO Vehicle(vin,model_name,model_year,fuel_type,mileage,description,manufacturer,type) VALUES ('L712UQJXM4L524142','RENDEZVOUS',2006,'Gas',49100,'Automotive Service Excellence (ASE);','Buick','Convertible');
INSERT INTO Vehicle(vin,model_name,model_year,fuel_type,mileage,description,manufacturer,type) VALUES ('LLPNU12CY5C440662','GRANDE PUNTO',2007,'Diesel',16783,'great engine;','FIAT','Coupe');
INSERT INTO Vehicle(vin,model_name,model_year,fuel_type,mileage,description,manufacturer,type) VALUES ('LQHDVXVOOUT107133','QUATTROPORTE',2010,'Battery',17536,'Automotive Service Excellence (ASE);','Maserati','Convertible');
INSERT INTO Vehicle(vin,model_name,model_year,fuel_type,mileage,description,manufacturer,type) VALUES ('LRB2H3BHPKX650155','LAND CRUISER',2011,'Diesel',120700,'coupe;','Toyota','Coupe');
INSERT INTO Vehicle(vin,model_name,model_year,fuel_type,mileage,description,manufacturer,type) VALUES ('LWA5MXOU4MD327938','ELISE',2007,'Gas',71409,'electronic transmission;','Lotus','Minivan');
INSERT INTO Vehicle(vin,model_name,model_year,fuel_type,mileage,description,manufacturer,type) VALUES ('LYPZILOBZ87153615','458 ITALIA',2011,'Gas',36660,'sturdy rear axle assembly;','Ferrari','Coupe');
INSERT INTO Vehicle(vin,model_name,model_year,fuel_type,mileage,description,manufacturer,type) VALUES ('M0S6NVFHN2E042385','ET5',2023,'Diesel',20160,NULL,'Nio','SUV');
INSERT INTO Vehicle(vin,model_name,model_year,fuel_type,mileage,description,manufacturer,type) VALUES ('M3VW8YIQKWT779745','BOXSTER',2011,'Gas',82098,'very hard struts;','Porsche','Van');
INSERT INTO Vehicle(vin,model_name,model_year,fuel_type,mileage,description,manufacturer,type) VALUES ('M4E2PBWXZFJ700371','PRIUS',2013,'Battery',9816,NULL,'Toyota','Sedan');
INSERT INTO Vehicle(vin,model_name,model_year,fuel_type,mileage,description,manufacturer,type) VALUES ('MAO8BQ1NDT7049472','ELISE',2007,'Battery',52935,'broad wheelbase;','Lotus','Convertible');
INSERT INTO Vehicle(vin,model_name,model_year,fuel_type,mileage,description,manufacturer,type) VALUES ('MATGJILCBL4124189','ESPRIT',2003,'Gas',121895,'good gear; front wheel drive; high differential;','Lotus','Sedan');
INSERT INTO Vehicle(vin,model_name,model_year,fuel_type,mileage,description,manufacturer,type) VALUES ('ME064DUO8S0025936','XJ8',2003,'Natural Gas',106449,'all passive safety features;','Jaguar','Convertible');
INSERT INTO Vehicle(vin,model_name,model_year,fuel_type,mileage,description,manufacturer,type) VALUES ('MJT0LBERDE8792947','V8 VANTAGE',2008,'Gas',95532,'fuel injection; electronic transmission;','Aston Martin','Convertible');
INSERT INTO Vehicle(vin,model_name,model_year,fuel_type,mileage,description,manufacturer,type) VALUES ('MJZ2P85E65M015209','SPECTRA',2007,'Gas',4645,NULL,'Kia','Coupe');
INSERT INTO Vehicle(vin,model_name,model_year,fuel_type,mileage,description,manufacturer,type) VALUES ('MM2NLRDRNXX156196','EV',2021,'Battery',3366,NULL,'XPeng','Coupe');
INSERT INTO Vehicle(vin,model_name,model_year,fuel_type,mileage,description,manufacturer,type) VALUES ('MPXFMDRYC6D036656','C7500 TOPKICK',2004,'Gas',38248,'strong muffler;','GMC','Truck');
INSERT INTO Vehicle(vin,model_name,model_year,fuel_type,mileage,description,manufacturer,type) VALUES ('MRHT53HXAKW856444','CSX',2007,'Gas',96907,'no backfire/backfiring;','Acura','Truck');
INSERT INTO Vehicle(vin,model_name,model_year,fuel_type,mileage,description,manufacturer,type) VALUES ('MRHV8EI5ETH324409','RENDEZVOUS',2004,'Plugin Hybrid',41332,'innovative air bags;','Buick','Coupe');
INSERT INTO Vehicle(vin,model_name,model_year,fuel_type,mileage,description,manufacturer,type) VALUES ('MTBE6DK55IO892347','A5',2012,'Gas',97128,'safe oil ring; modern dashboard;','Audi','Minivan');
INSERT INTO Vehicle(vin,model_name,model_year,fuel_type,mileage,description,manufacturer,type) VALUES ('N2VSLYX8OXL077775','XC90',2009,'Gas',160263,'great stabilizer bar; supernew catalytic converter; fuel injection;','Volvo','SUV');
INSERT INTO Vehicle(vin,model_name,model_year,fuel_type,mileage,description,manufacturer,type) VALUES ('N5QQ2WLB5PL198189','VTX1300S',2007,'Gas',4818,'oversteer;','Honda','Van');
INSERT INTO Vehicle(vin,model_name,model_year,fuel_type,mileage,description,manufacturer,type) VALUES ('N64LL1WC63N759701','CENTURY',2002,'Gas',51956,NULL,'Buick','Convertible');
INSERT INTO Vehicle(vin,model_name,model_year,fuel_type,mileage,description,manufacturer,type) VALUES ('NF2DBQEFZ0N234783','TOWN & COUNTRY',2012,'Hybrid',27741,'original equipment manufacturer (OEM) parts;','Chrysler','Minivan');
INSERT INTO Vehicle(vin,model_name,model_year,fuel_type,mileage,description,manufacturer,type) VALUES ('NJFDCKXL34E222565','SILVERADO 2500',2004,'Gas',2480,NULL,'Chevrolet','Minivan');
INSERT INTO Vehicle(vin,model_name,model_year,fuel_type,mileage,description,manufacturer,type) VALUES ('NKY5WJPCYVC675161','FORTWO',2006,'Gas',5170,NULL,'smart','Sedan');
INSERT INTO Vehicle(vin,model_name,model_year,fuel_type,mileage,description,manufacturer,type) VALUES ('NLYCMW5DAS5194596','COMMANDER',2007,'Plugin Hybrid',48980,'high torque;','Jeep','Minivan');
INSERT INTO Vehicle(vin,model_name,model_year,fuel_type,mileage,description,manufacturer,type) VALUES ('NM3BN4RJS1M492634','QUATTROPORTE',2011,'Hybrid',5694,'sport utility vehicle-SUV; rack and pinion steering; can be used as sports car;','Maserati','Van');
INSERT INTO Vehicle(vin,model_name,model_year,fuel_type,mileage,description,manufacturer,type) VALUES ('NNKIP3UNIGZ353715','COMPASS',2008,'Gas',11240,'no backfire/backfiring;','Jeep','SUV');
INSERT INTO Vehicle(vin,model_name,model_year,fuel_type,mileage,description,manufacturer,type) VALUES ('NRQQC5OQ0F4586467','COOPER',2002,'Diesel',119856,'sport utility vehicle-SUV;','MINI','SUV');
INSERT INTO Vehicle(vin,model_name,model_year,fuel_type,mileage,description,manufacturer,type) VALUES ('NV7YPGMDYFH278949','MURCIELAGO',2009,'Plugin Hybrid',72676,'drive shaft;','Lamborghini','Minivan');
INSERT INTO Vehicle(vin,model_name,model_year,fuel_type,mileage,description,manufacturer,type) VALUES ('NVHYWIDW4WI400980','SEQUOIA',2002,'Plugin Hybrid',9198,'minivan;','Toyota','Minivan');
INSERT INTO Vehicle(vin,model_name,model_year,fuel_type,mileage,description,manufacturer,type) VALUES ('O0LX0JY57BT960015','MKC',2015,'Gas',65130,'check the Monroney sticker - theer is nothing better than this vehicle;','Lincoln','Coupe');
INSERT INTO Vehicle(vin,model_name,model_year,fuel_type,mileage,description,manufacturer,type) VALUES ('O1C66KL1VK4840531','MKZ',2008,'Battery',47132,'hatchback;','Lincoln','Sedan');
INSERT INTO Vehicle(vin,model_name,model_year,fuel_type,mileage,description,manufacturer,type) VALUES ('OA1F76XJUQS608395','C30',2007,'Natural Gas',64038,'high block;','Volvo','Coupe');
INSERT INTO Vehicle(vin,model_name,model_year,fuel_type,mileage,description,manufacturer,type) VALUES ('OETQ6SV7QKM285952','FORTWO',2012,'Battery',130956,'front wheel drive;','smart','Coupe');
INSERT INTO Vehicle(vin,model_name,model_year,fuel_type,mileage,description,manufacturer,type) VALUES ('OMDPS8X50N7546352','XKR-S',2015,'Plugin Hybrid',112765,'great engine;','Jaguar','Minivan');
INSERT INTO Vehicle(vin,model_name,model_year,fuel_type,mileage,description,manufacturer,type) VALUES ('OMJKHKQNFKJ761643','BOXSTER',2008,'Gas',135960,'overdrive;','Porsche','Truck');
INSERT INTO Vehicle(vin,model_name,model_year,fuel_type,mileage,description,manufacturer,type) VALUES ('OQPBCN4Y1YB733979','P1',2014,'Gas',48764,'pickup;','McLaren','Van');
INSERT INTO Vehicle(vin,model_name,model_year,fuel_type,mileage,description,manufacturer,type) VALUES ('OY3DWMTTXNP309610','SIERRA 1500 HD',2002,'Gas',162834,'hydraulic brakes; high differential; very hard struts;','GMC','Truck');
INSERT INTO Vehicle(vin,model_name,model_year,fuel_type,mileage,description,manufacturer,type) VALUES ('P54475O4N8K403608','TITAN',2012,'Gas',92472,NULL,'Nissan','Coupe');
INSERT INTO Vehicle(vin,model_name,model_year,fuel_type,mileage,description,manufacturer,type) VALUES ('P7NLPCKCGFU554815','C63 AMG',2009,'Hybrid',26448,'modern dashboard; great engine;','Mercedes-Benz','SUV');
INSERT INTO Vehicle(vin,model_name,model_year,fuel_type,mileage,description,manufacturer,type) VALUES ('PBJA5AUSTU5098920','BAJA',2003,'Gas',40565,'Automotive Service Excellence (ASE);','Subaru','Truck');
INSERT INTO Vehicle(vin,model_name,model_year,fuel_type,mileage,description,manufacturer,type) VALUES ('PEB0OLCPG6W994144','MIRAGE',2014,'Diesel',103968,'overdrive; high block;','Mitsubishi','SUV');
INSERT INTO Vehicle(vin,model_name,model_year,fuel_type,mileage,description,manufacturer,type) VALUES ('PFRYPJOGJ51531310','MURCIELAGO',2002,'Natural Gas',11223,NULL,'Lamborghini','Coupe');
INSERT INTO Vehicle(vin,model_name,model_year,fuel_type,mileage,description,manufacturer,type) VALUES ('PI5K0FV5WKD862880','ENTOURAGE',2009,'Battery',161138,'autotachometer;','Hyundai','Coupe');
INSERT INTO Vehicle(vin,model_name,model_year,fuel_type,mileage,description,manufacturer,type) VALUES ('PKFGEZTKARS310898','GTI',2015,'Plugin Hybrid',2051,'ultra new transmission; wide transaxle;','Volkswagen','Truck');
INSERT INTO Vehicle(vin,model_name,model_year,fuel_type,mileage,description,manufacturer,type) VALUES ('PLMR41N2YPR821121','VERANO',2015,'Fuel Cell',32308,'automatic torque converter;','Buick','Truck');
INSERT INTO Vehicle(vin,model_name,model_year,fuel_type,mileage,description,manufacturer,type) VALUES ('PLPMWBZXIDB972615','GRAND CHEROKEE',2009,'Gas',53045,'very hard struts;','Jeep','Coupe');
INSERT INTO Vehicle(vin,model_name,model_year,fuel_type,mileage,description,manufacturer,type) VALUES ('POBJLZ8FZN0427016','GALLARDO',2009,'Gas',2354,'active safety features;','Lamborghini','Convertible');
INSERT INTO Vehicle(vin,model_name,model_year,fuel_type,mileage,description,manufacturer,type) VALUES ('PYWDSWXK5X5262660','GALLARDO',2014,'Hybrid',27663,'hydraulic brakes;','Lamborghini','SUV');
INSERT INTO Vehicle(vin,model_name,model_year,fuel_type,mileage,description,manufacturer,type) VALUES ('Q3TT4GKZDHK659352','ARMADA',2008,'Gas',89232,'sport utility vehicle-SUV;','Nissan','Van');
INSERT INTO Vehicle(vin,model_name,model_year,fuel_type,mileage,description,manufacturer,type) VALUES ('Q6C80HSWMFK634460','LIBERTY',2009,'Gas',228880,'oversteer;','Jeep','SUV');
INSERT INTO Vehicle(vin,model_name,model_year,fuel_type,mileage,description,manufacturer,type) VALUES ('QF6QBNKTPSA019446','YUKON XL 2500',2010,'Battery',44280,'ultra new transmission;','GMC','SUV');
INSERT INTO Vehicle(vin,model_name,model_year,fuel_type,mileage,description,manufacturer,type) VALUES ('QPMO737UII0340028','EMGRAND S',2019,'Gas',110011,'normally aspirated; electronic transmission; pickup;','Geeley','Minivan');
INSERT INTO Vehicle(vin,model_name,model_year,fuel_type,mileage,description,manufacturer,type) VALUES ('QV77RP24AZ3546581','ESPRIT',2002,'Gas',40120,'no redline;','Lotus','Coupe');
INSERT INTO Vehicle(vin,model_name,model_year,fuel_type,mileage,description,manufacturer,type) VALUES ('QVSOV4QTXAE520972','MIATA',2004,'Hybrid',24560,'high block; best suspension;','MAZDA','Sedan');
INSERT INTO Vehicle(vin,model_name,model_year,fuel_type,mileage,description,manufacturer,type) VALUES ('QWYUAF6GIGE744209','X-TYPE',2008,'Gas',163760,'drum brake;','Jaguar','Sedan');
INSERT INTO Vehicle(vin,model_name,model_year,fuel_type,mileage,description,manufacturer,type) VALUES ('R3Q6NWXL5OK028859','F650CS',2003,'Gas',46985,'normally aspirated;','BMW','Coupe');
INSERT INTO Vehicle(vin,model_name,model_year,fuel_type,mileage,description,manufacturer,type) VALUES ('RAZB0H0MQX5869731','ELISE',2007,'Gas',34484,'no understeer;','Lotus','Coupe');
INSERT INTO Vehicle(vin,model_name,model_year,fuel_type,mileage,description,manufacturer,type) VALUES ('RH3XN0D50EO772614','DUCATO',2011,'Diesel',59912,'best sedan;','FIAT','Convertible');
INSERT INTO Vehicle(vin,model_name,model_year,fuel_type,mileage,description,manufacturer,type) VALUES ('RP3I3QO2BYF582498','FX35',2003,'Gas',90372,'front axle assembly;','INFINITI','Van');
INSERT INTO Vehicle(vin,model_name,model_year,fuel_type,mileage,description,manufacturer,type) VALUES ('RRRZH6PBRYY000587','XJR',2006,'Gas',31663,NULL,'Jaguar','Minivan');
INSERT INTO Vehicle(vin,model_name,model_year,fuel_type,mileage,description,manufacturer,type) VALUES ('RTV8NXYO2D4310350','ROADSTER',2008,'Gas',133827,'strong muffler; can be used as sports car; overdrive;','Tesla','Van');
INSERT INTO Vehicle(vin,model_name,model_year,fuel_type,mileage,description,manufacturer,type) VALUES ('RXLO3PC8EG8307071','COUPE',2003,'Gas',189546,NULL,'Maserati','Coupe');
INSERT INTO Vehicle(vin,model_name,model_year,fuel_type,mileage,description,manufacturer,type) VALUES ('SAN8CKZV8O6386790','FE145CC',2010,'Gas',72600,'safe oil ring;','Mitsubishi','Truck');
INSERT INTO Vehicle(vin,model_name,model_year,fuel_type,mileage,description,manufacturer,type) VALUES ('SC0ZRWACOEM768702','RL',2006,'Gas',71290,'active safety features;','Acura','Convertible');
INSERT INTO Vehicle(vin,model_name,model_year,fuel_type,mileage,description,manufacturer,type) VALUES ('SL5LRZAJFUI810871','FE145CC',2011,'Gas',20246,'anti-lock brake system (ABS); crankcase;','Mitsubishi','Coupe');
INSERT INTO Vehicle(vin,model_name,model_year,fuel_type,mileage,description,manufacturer,type) VALUES ('SLY1Q4WQXLP675951','ES9 FUTURE',2023,'Gas',124596,NULL,'Nio','Van');
INSERT INTO Vehicle(vin,model_name,model_year,fuel_type,mileage,description,manufacturer,type) VALUES ('SMZSGMQWSKI621717','DBS',2012,'Gas',164564,'no understeer;','Aston Martin','Van');
INSERT INTO Vehicle(vin,model_name,model_year,fuel_type,mileage,description,manufacturer,type) VALUES ('SO6WD25XQVR636495','CARRERA GT',2006,'Hybrid',142615,NULL,'Porsche','Van');
INSERT INTO Vehicle(vin,model_name,model_year,fuel_type,mileage,description,manufacturer,type) VALUES ('SPE2WMY887O932788','ELISE',2005,'Plugin Hybrid',123636,'gap;','Lotus','Coupe');
INSERT INTO Vehicle(vin,model_name,model_year,fuel_type,mileage,description,manufacturer,type) VALUES ('SSSGFBFNIOE995675','WILDCAT',2015,'Gas',36225,'front axle assembly;','Buick','Van');
INSERT INTO Vehicle(vin,model_name,model_year,fuel_type,mileage,description,manufacturer,type) VALUES ('T1TFNQC1QZ0222284','BRERA',2008,'Gas',208050,NULL,'Alfa Romeo','Truck');
INSERT INTO Vehicle(vin,model_name,model_year,fuel_type,mileage,description,manufacturer,type) VALUES ('TJY1H16Y6DA687801','TORNADO',2013,'Gas',99103,'normally aspirated;','Chevrolet','Van');
INSERT INTO Vehicle(vin,model_name,model_year,fuel_type,mileage,description,manufacturer,type) VALUES ('TOIFP5YHHJC099537','SPYDER',2003,'Gas',2118,'supernew catalytic converter;','Maserati','Van');
INSERT INTO Vehicle(vin,model_name,model_year,fuel_type,mileage,description,manufacturer,type) VALUES ('TRB4XOLO3Y2181257','ARNAGE',2009,'Gas',31579,'wide cam; can be used as sports car;','Bentley','Sedan');
INSERT INTO Vehicle(vin,model_name,model_year,fuel_type,mileage,description,manufacturer,type) VALUES ('TVFRONGULQ7855167','G37',2011,'Hybrid',22628,'sturdy side impact beams;','INFINITI','Convertible');
INSERT INTO Vehicle(vin,model_name,model_year,fuel_type,mileage,description,manufacturer,type) VALUES ('U1GXDUQ2NVP642154','ET7',2019,'Gas',50967,'drive shaft;','Nio','Truck');
INSERT INTO Vehicle(vin,model_name,model_year,fuel_type,mileage,description,manufacturer,type) VALUES ('U2SEQATJQIP647043','RX400H',2008,'Gas',17232,'broad wheelbase;','Lexus','Sedan');
INSERT INTO Vehicle(vin,model_name,model_year,fuel_type,mileage,description,manufacturer,type) VALUES ('U3SEY7BL74U428566','MDX',2003,'Battery',6405,'sturdy rear axle assembly; automatic torque converter;','Acura','Van');
INSERT INTO Vehicle(vin,model_name,model_year,fuel_type,mileage,description,manufacturer,type) VALUES ('U4DAG21M25I154677','X-TYPE',2008,'Diesel',31719,'best oil pump;','Jaguar','Coupe');
INSERT INTO Vehicle(vin,model_name,model_year,fuel_type,mileage,description,manufacturer,type) VALUES ('U6AKQW00N22614671','FORTWO',2006,'Gas',110094,'pickup; disc brake;','smart','Coupe');
INSERT INTO Vehicle(vin,model_name,model_year,fuel_type,mileage,description,manufacturer,type) VALUES ('U8CPVV20LCB872591','VERSA',2013,'Gas',16636,NULL,'Nissan','Truck');
INSERT INTO Vehicle(vin,model_name,model_year,fuel_type,mileage,description,manufacturer,type) VALUES ('UAITKQ7KMQN776987','X-TYPE',2002,'Diesel',17172,'pickup;','Jaguar','Sedan');
INSERT INTO Vehicle(vin,model_name,model_year,fuel_type,mileage,description,manufacturer,type) VALUES ('UDK1102XNQ4362369','SLK55 AMG',2013,'Fuel Cell',64783,'autotachometer;','Mercedes-Benz','Coupe');
INSERT INTO Vehicle(vin,model_name,model_year,fuel_type,mileage,description,manufacturer,type) VALUES ('UDOHJKQNZRU355125','S7',2013,'Plugin Hybrid',216200,'no understeer;','Audi','Sedan');
INSERT INTO Vehicle(vin,model_name,model_year,fuel_type,mileage,description,manufacturer,type) VALUES ('UKRLDVVBSZZ487336','COMPASS',2008,'Gas',39064,NULL,'Jeep','Van');
INSERT INTO Vehicle(vin,model_name,model_year,fuel_type,mileage,description,manufacturer,type) VALUES ('UU2VI1MPOCJ886472','GIULIETTA',2012,'Hybrid',8355,'super new ignition system;','Alfa Romeo','Truck');
INSERT INTO Vehicle(vin,model_name,model_year,fuel_type,mileage,description,manufacturer,type) VALUES ('UVK0K4YAN4D361432','LACROSSE',2010,'Plugin Hybrid',25356,'wide chassis;','Buick','Convertible');
INSERT INTO Vehicle(vin,model_name,model_year,fuel_type,mileage,description,manufacturer,type) VALUES ('UYQXFHB268D227085','FK260',2008,'Gas',138390,'best oil pump;','Mitsubishi','Truck');
INSERT INTO Vehicle(vin,model_name,model_year,fuel_type,mileage,description,manufacturer,type) VALUES ('V08JG7APNII434369','RX330',2004,'Gas',116832,'crumple zones;','Lexus','Coupe');
INSERT INTO Vehicle(vin,model_name,model_year,fuel_type,mileage,description,manufacturer,type) VALUES ('V73RJYYHEIT850422','MONTERO',2011,'Gas',92452,'Automotive Service Excellence (ASE); front wheel drive; coupe;','Mitsubishi','Coupe');
INSERT INTO Vehicle(vin,model_name,model_year,fuel_type,mileage,description,manufacturer,type) VALUES ('VJUYVX0SHHT606044','LR2',2011,'Plugin Hybrid',50725,'active safety features;','Land Rover','Truck');
INSERT INTO Vehicle(vin,model_name,model_year,fuel_type,mileage,description,manufacturer,type) VALUES ('VLYZ0TBEDGM584853','FE125',2011,'Gas',11988,'active safety features; great rpms;','Mitsubishi','Coupe');
INSERT INTO Vehicle(vin,model_name,model_year,fuel_type,mileage,description,manufacturer,type) VALUES ('VOCIAMIZKKN350227','599 GTB',2009,'Battery',65982,'high block;','Ferrari','SUV');
INSERT INTO Vehicle(vin,model_name,model_year,fuel_type,mileage,description,manufacturer,type) VALUES ('VPER1TKLOPC634179','ALLURE',2007,'Gas',199040,'station wagon (Also known as wagon.); high block;','Buick','Minivan');
INSERT INTO Vehicle(vin,model_name,model_year,fuel_type,mileage,description,manufacturer,type) VALUES ('VTJI8XXO2CO552773','TRX250TM FOURTRAX RECON',2007,'Gas',6708,NULL,'Honda','SUV');
INSERT INTO Vehicle(vin,model_name,model_year,fuel_type,mileage,description,manufacturer,type) VALUES ('VTVE6444244403193','MURCIELAGO',2004,'Gas',17022,'very hard struts;','Lamborghini','Minivan');
INSERT INTO Vehicle(vin,model_name,model_year,fuel_type,mileage,description,manufacturer,type) VALUES ('VWWOX3PM6QD757820','MP4-12C',2014,'Gas',40212,'crumple zones;','McLaren','SUV');
INSERT INTO Vehicle(vin,model_name,model_year,fuel_type,mileage,description,manufacturer,type) VALUES ('W17V1HTH5IW129737','LS600H',2012,'Gas',5994,'rear wheel drive; disc brake; convertible;','Lexus','Sedan');
INSERT INTO Vehicle(vin,model_name,model_year,fuel_type,mileage,description,manufacturer,type) VALUES ('W1R2THVZD6L234135','MP4-12C',2012,'Gas',214540,'automatic torque converter;','McLaren','Minivan');
INSERT INTO Vehicle(vin,model_name,model_year,fuel_type,mileage,description,manufacturer,type) VALUES ('W85FIU0UPWJ342063','V8 VANTAGE',2009,'Gas',57304,'wide cam;','Aston Martin','Coupe');
INSERT INTO Vehicle(vin,model_name,model_year,fuel_type,mileage,description,manufacturer,type) VALUES ('WGVK4P1UIPJ916959','FORESTER',2009,'Gas',119696,'good piston; sturdy rear axle assembly; high differential;','Subaru','SUV');
INSERT INTO Vehicle(vin,model_name,model_year,fuel_type,mileage,description,manufacturer,type) VALUES ('WKNIUEPLNDU378894','RANGE ROVER EVOQUE',2014,'Gas',24504,'high volume cylinder; high differential;','Land Rover','Convertible');
INSERT INTO Vehicle(vin,model_name,model_year,fuel_type,mileage,description,manufacturer,type) VALUES ('WQGPTZ2HOU7481211','ES8 NEW',2023,'Battery',13960,'front axle assembly;','Nio','Van');
INSERT INTO Vehicle(vin,model_name,model_year,fuel_type,mileage,description,manufacturer,type) VALUES ('WWMN8RWHPDM674733','AZURE',2010,'Gas',165618,'pickup;','Bentley','Minivan');
INSERT INTO Vehicle(vin,model_name,model_year,fuel_type,mileage,description,manufacturer,type) VALUES ('XJMTKD21FUV756318','COOPER',2002,'Gas',142515,'superturbocharger;','MINI','Coupe');
INSERT INTO Vehicle(vin,model_name,model_year,fuel_type,mileage,description,manufacturer,type) VALUES ('XNUNZXGY3NC711419','RL',2008,'Gas',125226,'high quality carburetor;','Acura','Convertible');
INSERT INTO Vehicle(vin,model_name,model_year,fuel_type,mileage,description,manufacturer,type) VALUES ('XPBUWRX56F6412345','CAYMAN',2015,'Gas',33560,'superturbocharger; pickup;','Porsche','Convertible');
INSERT INTO Vehicle(vin,model_name,model_year,fuel_type,mileage,description,manufacturer,type) VALUES ('XUYF42BKSWK479574','E500',2003,'Gas',36360,'high differential;','Mercedes-Benz','Convertible');
INSERT INTO Vehicle(vin,model_name,model_year,fuel_type,mileage,description,manufacturer,type) VALUES ('Y0E0QLEFDDC702405','G9',2023,'Fuel Cell',11624,'rack and pinion steering;','XPeng','SUV');
INSERT INTO Vehicle(vin,model_name,model_year,fuel_type,mileage,description,manufacturer,type) VALUES ('YA0EN8KRBAN266216','CALIFORNIA',2010,'Battery',43370,'sturdy rear axle assembly;','Ferrari','Coupe');
INSERT INTO Vehicle(vin,model_name,model_year,fuel_type,mileage,description,manufacturer,type) VALUES ('YFV4PPW4SW8405660','ELISE',2011,'Diesel',7209,'best possible traction;','Lotus','Coupe');
INSERT INTO Vehicle(vin,model_name,model_year,fuel_type,mileage,description,manufacturer,type) VALUES ('YIRV4C5U8MN581204','TUCSON',2005,'Gas',21762,'safe oil ring; sturdy rear axle assembly; great engine;','Hyundai','Minivan');
INSERT INTO Vehicle(vin,model_name,model_year,fuel_type,mileage,description,manufacturer,type) VALUES ('Z0405USEZKH796737','XC70',2015,'Battery',2652,'convertible;','Volvo','Sedan');
INSERT INTO Vehicle(vin,model_name,model_year,fuel_type,mileage,description,manufacturer,type) VALUES ('Z1QCG3DRQAX515930','E500',2015,'Gas',12132,'coupe;','Mercedes-Benz','Sedan');
INSERT INTO Vehicle(vin,model_name,model_year,fuel_type,mileage,description,manufacturer,type) VALUES ('Z8KJQAZ0L2C379316','ZDX',2012,'Plugin Hybrid',8563,NULL,'Acura','Minivan');
INSERT INTO Vehicle(vin,model_name,model_year,fuel_type,mileage,description,manufacturer,type) VALUES ('ZBZRLDKTF22899385','B4000',2005,'Gas',128760,'great engine; oversteer;','MAZDA','Van');
INSERT INTO Vehicle(vin,model_name,model_year,fuel_type,mileage,description,manufacturer,type) VALUES ('ZDNMEDH0CHN556637','ELANTRA GT',2015,'Gas',142636,'coupe; good piston; safe oil ring;','Hyundai','Sedan');
INSERT INTO Vehicle(vin,model_name,model_year,fuel_type,mileage,description,manufacturer,type) VALUES ('ZI36738ITE3999852','RANGE ROVER',2004,'Gas',68581,NULL,'Land Rover','Minivan');
INSERT INTO Vehicle(vin,model_name,model_year,fuel_type,mileage,description,manufacturer,type) VALUES ('ZIOB2UP8DA8102221','VANDEN PLAS',2008,'Gas',74286,'great engine;','Jaguar','Convertible');
INSERT INTO Vehicle(vin,model_name,model_year,fuel_type,mileage,description,manufacturer,type) VALUES ('ZMVRJH6HGUZ703892','PROMASTER 1500',2014,'Gas',29055,'automatic torque converter; disc brake;','Ram','Convertible');
INSERT INTO Vehicle(vin,model_name,model_year,fuel_type,mileage,description,manufacturer,type) VALUES ('ZO6LSHSSJHC695220','A1',2012,'Hybrid',44060,'Automotive Service Excellence (ASE);','Audi','Convertible');
INSERT INTO Vehicle(vin,model_name,model_year,fuel_type,mileage,description,manufacturer,type) VALUES ('ZPSM0A6MZXM357384','COROLLA',2012,'Hybrid',12686,'best possible traction;','Toyota','Coupe');
INSERT INTO Vehicle(vin,model_name,model_year,fuel_type,mileage,description,manufacturer,type) VALUES ('ZR3ABC4M7DZ405619','RAINIER',2006,'Gas',123315,NULL,'Buick','SUV');
INSERT INTO Vehicle(vin,model_name,model_year,fuel_type,mileage,description,manufacturer,type) VALUES ('ZUG6F1Z7LAY309325','CAMRY',2013,'Gas',85132,'rack and pinion steering;','Toyota','SUV');

--- Vehicle_Color


INSERT INTO Vehicle_Color(vin,color_name) VALUES ('Z8KJQAZ0L2C379316','Cream');
INSERT INTO Vehicle_Color(vin,color_name) VALUES ('2YHAF0V8512939431','Rose');
INSERT INTO Vehicle_Color(vin,color_name) VALUES ('6WRD8C6784B120048','Yellow');
INSERT INTO Vehicle_Color(vin,color_name) VALUES ('V08JG7APNII434369','Brown');
INSERT INTO Vehicle_Color(vin,color_name) VALUES ('06E4W168GDV777330','Pink');
INSERT INTO Vehicle_Color(vin,color_name) VALUES ('8JVUFKHA0TM075506','Brown');
INSERT INTO Vehicle_Color(vin,color_name) VALUES ('1J538YW76YE281757','Orange');
INSERT INTO Vehicle_Color(vin,color_name) VALUES ('3EAZYH5SPE8904041','Aluminum');
INSERT INTO Vehicle_Color(vin,color_name) VALUES ('KE1QKPKS6Q8459351','Maroon');
INSERT INTO Vehicle_Color(vin,color_name) VALUES ('WWMN8RWHPDM674733','Gold');
INSERT INTO Vehicle_Color(vin,color_name) VALUES ('M3VW8YIQKWT779745','White');
INSERT INTO Vehicle_Color(vin,color_name) VALUES ('NJFDCKXL34E222565','Brown');
INSERT INTO Vehicle_Color(vin,color_name) VALUES ('1GIQVMBR2A2798107','Green');
INSERT INTO Vehicle_Color(vin,color_name) VALUES ('1GIQVMBR2A2798107','Purple');
INSERT INTO Vehicle_Color(vin,color_name) VALUES ('1GIQVMBR2A2798107','Rust');
INSERT INTO Vehicle_Color(vin,color_name) VALUES ('BW4Z2PQG761237438','Navy');
INSERT INTO Vehicle_Color(vin,color_name) VALUES ('4BSRNVZZ2CQ691731','Silver');
INSERT INTO Vehicle_Color(vin,color_name) VALUES ('NF2DBQEFZ0N234783','Red');
INSERT INTO Vehicle_Color(vin,color_name) VALUES ('1M1GEHMECS1730055','Red');
INSERT INTO Vehicle_Color(vin,color_name) VALUES ('1M1GEHMECS1730055','Turquoise');
INSERT INTO Vehicle_Color(vin,color_name) VALUES ('W17V1HTH5IW129737','Gray');
INSERT INTO Vehicle_Color(vin,color_name) VALUES ('EX0DFWC3FLW639681','Orange');
INSERT INTO Vehicle_Color(vin,color_name) VALUES ('VTVE6444244403193','White');
INSERT INTO Vehicle_Color(vin,color_name) VALUES ('QF6QBNKTPSA019446','Copper');
INSERT INTO Vehicle_Color(vin,color_name) VALUES ('3464CBUBJ3G311266','Yellow');
INSERT INTO Vehicle_Color(vin,color_name) VALUES ('TRB4XOLO3Y2181257','Beige');
INSERT INTO Vehicle_Color(vin,color_name) VALUES ('TRB4XOLO3Y2181257','White');
INSERT INTO Vehicle_Color(vin,color_name) VALUES ('D244CUCA1UX127908','Bronze');
INSERT INTO Vehicle_Color(vin,color_name) VALUES ('65ISMOWUBDU569125','Beige');
INSERT INTO Vehicle_Color(vin,color_name) VALUES ('GC27VB8JWCD457186','White');
INSERT INTO Vehicle_Color(vin,color_name) VALUES ('QV77RP24AZ3546581','Maroon');
INSERT INTO Vehicle_Color(vin,color_name) VALUES ('MAO8BQ1NDT7049472','Metallic');
INSERT INTO Vehicle_Color(vin,color_name) VALUES ('2Y1UCXYY50T192604','Rose');
INSERT INTO Vehicle_Color(vin,color_name) VALUES ('Q6C80HSWMFK634460','Silver');
INSERT INTO Vehicle_Color(vin,color_name) VALUES ('FXR24KBAHFZ139993','Copper');
INSERT INTO Vehicle_Color(vin,color_name) VALUES ('L712UQJXM4L524142','Navy');
INSERT INTO Vehicle_Color(vin,color_name) VALUES ('JA7YVHAFRLT437706','Black');
INSERT INTO Vehicle_Color(vin,color_name) VALUES ('6ZG2Z4HYIKW532605','Copper');
INSERT INTO Vehicle_Color(vin,color_name) VALUES ('6ZG2Z4HYIKW532605','Gray');
INSERT INTO Vehicle_Color(vin,color_name) VALUES ('KCXGZEVS1QW404654','Aluminum');
INSERT INTO Vehicle_Color(vin,color_name) VALUES ('EDH6BDC74XY589172','Black');
INSERT INTO Vehicle_Color(vin,color_name) VALUES ('ZR3ABC4M7DZ405619','Gray');
INSERT INTO Vehicle_Color(vin,color_name) VALUES ('3P0R7483FP1117876','Yellow');
INSERT INTO Vehicle_Color(vin,color_name) VALUES ('SO6WD25XQVR636495','Brown');
INSERT INTO Vehicle_Color(vin,color_name) VALUES ('5MS17EW23YR611242','Claret');
INSERT INTO Vehicle_Color(vin,color_name) VALUES ('F253TPAMQK3083569','White');
INSERT INTO Vehicle_Color(vin,color_name) VALUES ('RAZB0H0MQX5869731','Yellow');
INSERT INTO Vehicle_Color(vin,color_name) VALUES ('R3Q6NWXL5OK028859','Beige');
INSERT INTO Vehicle_Color(vin,color_name) VALUES ('R3Q6NWXL5OK028859','Purple');
INSERT INTO Vehicle_Color(vin,color_name) VALUES ('VLYZ0TBEDGM584853','Blue');
INSERT INTO Vehicle_Color(vin,color_name) VALUES ('VLYZ0TBEDGM584853','Cream');
INSERT INTO Vehicle_Color(vin,color_name) VALUES ('IXZVB277TU2768773','Gold');
INSERT INTO Vehicle_Color(vin,color_name) VALUES ('UDOHJKQNZRU355125','Gray');
INSERT INTO Vehicle_Color(vin,color_name) VALUES ('DBF5M62ODXK242204','Pink');
INSERT INTO Vehicle_Color(vin,color_name) VALUES ('ELA1OD0NP7S259553','Orange');
INSERT INTO Vehicle_Color(vin,color_name) VALUES ('HTIAUKNL6TA101731','White');
INSERT INTO Vehicle_Color(vin,color_name) VALUES ('LRB2H3BHPKX650155','Red');
INSERT INTO Vehicle_Color(vin,color_name) VALUES ('M4E2PBWXZFJ700371','Rust');
INSERT INTO Vehicle_Color(vin,color_name) VALUES ('SC0ZRWACOEM768702','Red');
INSERT INTO Vehicle_Color(vin,color_name) VALUES ('NV7YPGMDYFH278949','Copper');
INSERT INTO Vehicle_Color(vin,color_name) VALUES ('VJUYVX0SHHT606044','Beige');
INSERT INTO Vehicle_Color(vin,color_name) VALUES ('I5E5PHXL5CF199096','Rose');
INSERT INTO Vehicle_Color(vin,color_name) VALUES ('8W38A5ZZFKA123439','White');
INSERT INTO Vehicle_Color(vin,color_name) VALUES ('FAQ8F8F300A215860','Orange');
INSERT INTO Vehicle_Color(vin,color_name) VALUES ('XJMTKD21FUV756318','Claret');
INSERT INTO Vehicle_Color(vin,color_name) VALUES ('XJMTKD21FUV756318','Metallic');
INSERT INTO Vehicle_Color(vin,color_name) VALUES ('ZBZRLDKTF22899385','Green');
INSERT INTO Vehicle_Color(vin,color_name) VALUES ('VPER1TKLOPC634179','Claret');
INSERT INTO Vehicle_Color(vin,color_name) VALUES ('HJHFHI4TARG736468','Maroon');
INSERT INTO Vehicle_Color(vin,color_name) VALUES ('KBYS182F2ID559258','Blue');
INSERT INTO Vehicle_Color(vin,color_name) VALUES ('KBYS182F2ID559258','Orange');
INSERT INTO Vehicle_Color(vin,color_name) VALUES ('KBYS182F2ID559258','Tan');
INSERT INTO Vehicle_Color(vin,color_name) VALUES ('NLYCMW5DAS5194596','Brown');
INSERT INTO Vehicle_Color(vin,color_name) VALUES ('SLY1Q4WQXLP675951','Purple');
INSERT INTO Vehicle_Color(vin,color_name) VALUES ('PI5K0FV5WKD862880','Rose');
INSERT INTO Vehicle_Color(vin,color_name) VALUES ('1U7J5TO2RMU974230','Tan');
INSERT INTO Vehicle_Color(vin,color_name) VALUES ('EQ22HWH3DG1475247','Metallic');
INSERT INTO Vehicle_Color(vin,color_name) VALUES ('BQ1P8TA2OBE090669','Copper');
INSERT INTO Vehicle_Color(vin,color_name) VALUES ('72OI8SLM4HN113041','Purple');
INSERT INTO Vehicle_Color(vin,color_name) VALUES ('XUYF42BKSWK479574','Brown');
INSERT INTO Vehicle_Color(vin,color_name) VALUES ('U2SEQATJQIP647043','Black');
INSERT INTO Vehicle_Color(vin,color_name) VALUES ('WKNIUEPLNDU378894','Blue');
INSERT INTO Vehicle_Color(vin,color_name) VALUES ('FPJBMT3OOG8061158','Navy');
INSERT INTO Vehicle_Color(vin,color_name) VALUES ('UKRLDVVBSZZ487336','White');
INSERT INTO Vehicle_Color(vin,color_name) VALUES ('UKRLDVVBSZZ487336','Purple');
INSERT INTO Vehicle_Color(vin,color_name) VALUES ('A1S3JZU0RGM394036','Red');
INSERT INTO Vehicle_Color(vin,color_name) VALUES ('F37VOS4G0QV020629','Red');
INSERT INTO Vehicle_Color(vin,color_name) VALUES ('340C5KYKWVM715838','Gray');
INSERT INTO Vehicle_Color(vin,color_name) VALUES ('BROAYF3JXYB733688','Yellow');
INSERT INTO Vehicle_Color(vin,color_name) VALUES ('0RTZMNEP443530450','Gray');
INSERT INTO Vehicle_Color(vin,color_name) VALUES ('MJZ2P85E65M015209','Rose');
INSERT INTO Vehicle_Color(vin,color_name) VALUES ('RTV8NXYO2D4310350','Navy');
INSERT INTO Vehicle_Color(vin,color_name) VALUES ('RTV8NXYO2D4310350','Purple');
INSERT INTO Vehicle_Color(vin,color_name) VALUES ('RTV8NXYO2D4310350','Turquoise');
INSERT INTO Vehicle_Color(vin,color_name) VALUES ('VWWOX3PM6QD757820','Pink');
INSERT INTO Vehicle_Color(vin,color_name) VALUES ('2MSC0A8PW8U686208','Green');
INSERT INTO Vehicle_Color(vin,color_name) VALUES ('HXP0L3Y7NRP032607','Yellow');
INSERT INTO Vehicle_Color(vin,color_name) VALUES ('JS0Y5W8KIDC106093','Brown');
INSERT INTO Vehicle_Color(vin,color_name) VALUES ('EZ144Z2QAJC644839','Metallic');
INSERT INTO Vehicle_Color(vin,color_name) VALUES ('YA0EN8KRBAN266216','Turquoise');
INSERT INTO Vehicle_Color(vin,color_name) VALUES ('GTTYZXB3YJG754847','Gold');
INSERT INTO Vehicle_Color(vin,color_name) VALUES ('NM3BN4RJS1M492634','Claret');
INSERT INTO Vehicle_Color(vin,color_name) VALUES ('U8CPVV20LCB872591','Claret');
INSERT INTO Vehicle_Color(vin,color_name) VALUES ('U8CPVV20LCB872591','Tan');
INSERT INTO Vehicle_Color(vin,color_name) VALUES ('U8CPVV20LCB872591','White');
INSERT INTO Vehicle_Color(vin,color_name) VALUES ('WQGPTZ2HOU7481211','Gray');
INSERT INTO Vehicle_Color(vin,color_name) VALUES ('8UU0VC3VENC905922','Silver');
INSERT INTO Vehicle_Color(vin,color_name) VALUES ('PYWDSWXK5X5262660','Claret');
INSERT INTO Vehicle_Color(vin,color_name) VALUES ('8VGJ74SC8UK076966','Navy');
INSERT INTO Vehicle_Color(vin,color_name) VALUES ('72SCGHC1RB4779672','Tan');
INSERT INTO Vehicle_Color(vin,color_name) VALUES ('72SCGHC1RB4779672','Pink');
INSERT INTO Vehicle_Color(vin,color_name) VALUES ('MRHV8EI5ETH324409','Cream');
INSERT INTO Vehicle_Color(vin,color_name) VALUES ('MRHV8EI5ETH324409','Green');
INSERT INTO Vehicle_Color(vin,color_name) VALUES ('MRHV8EI5ETH324409','Metallic');
INSERT INTO Vehicle_Color(vin,color_name) VALUES ('8FDAK0CPTWA122888','Beige');
INSERT INTO Vehicle_Color(vin,color_name) VALUES ('FA7LJ664E04088299','Rose');
INSERT INTO Vehicle_Color(vin,color_name) VALUES ('HRBDCA8RAE0685886','Orange');
INSERT INTO Vehicle_Color(vin,color_name) VALUES ('UYQXFHB268D227085','White');
INSERT INTO Vehicle_Color(vin,color_name) VALUES ('RH3XN0D50EO772614','Pink');
INSERT INTO Vehicle_Color(vin,color_name) VALUES ('QWYUAF6GIGE744209','Green');
INSERT INTO Vehicle_Color(vin,color_name) VALUES ('QWYUAF6GIGE744209','Turquoise');
INSERT INTO Vehicle_Color(vin,color_name) VALUES ('U6AKQW00N22614671','Beige');
INSERT INTO Vehicle_Color(vin,color_name) VALUES ('OMJKHKQNFKJ761643','Rust');
INSERT INTO Vehicle_Color(vin,color_name) VALUES ('KEZRVGOFFMA250868','Rose');
INSERT INTO Vehicle_Color(vin,color_name) VALUES ('PFRYPJOGJ51531310','Maroon');
INSERT INTO Vehicle_Color(vin,color_name) VALUES ('PFRYPJOGJ51531310','Turquoise');
INSERT INTO Vehicle_Color(vin,color_name) VALUES ('PFRYPJOGJ51531310','Yellow');
INSERT INTO Vehicle_Color(vin,color_name) VALUES ('YFV4PPW4SW8405660','Claret');
INSERT INTO Vehicle_Color(vin,color_name) VALUES ('LQHDVXVOOUT107133','Pink');
INSERT INTO Vehicle_Color(vin,color_name) VALUES ('GNJQGN3RWIT431179','Maroon');
INSERT INTO Vehicle_Color(vin,color_name) VALUES ('L6EFDBPTY1B405814','Gray');
INSERT INTO Vehicle_Color(vin,color_name) VALUES ('PKFGEZTKARS310898','Gold');
INSERT INTO Vehicle_Color(vin,color_name) VALUES ('323F5QUAPKX190724','Aluminum');
INSERT INTO Vehicle_Color(vin,color_name) VALUES ('323F5QUAPKX190724','Bronze');
INSERT INTO Vehicle_Color(vin,color_name) VALUES ('323F5QUAPKX190724','Green');
INSERT INTO Vehicle_Color(vin,color_name) VALUES ('EYTJ0RTAAHK130156','Bronze');
INSERT INTO Vehicle_Color(vin,color_name) VALUES ('IZPS1NTRXAH046134','Navy');
INSERT INTO Vehicle_Color(vin,color_name) VALUES ('FW817ZV3BVG215163','Brown');
INSERT INTO Vehicle_Color(vin,color_name) VALUES ('HGHHV1IWCUX780355','Blue');
INSERT INTO Vehicle_Color(vin,color_name) VALUES ('RXLO3PC8EG8307071','Pink');
INSERT INTO Vehicle_Color(vin,color_name) VALUES ('T1TFNQC1QZ0222284','Black');
INSERT INTO Vehicle_Color(vin,color_name) VALUES ('BYNUGAHZM1L977542','Silver');
INSERT INTO Vehicle_Color(vin,color_name) VALUES ('ZI36738ITE3999852','Silver');
INSERT INTO Vehicle_Color(vin,color_name) VALUES ('ZI36738ITE3999852','Rose');
INSERT INTO Vehicle_Color(vin,color_name) VALUES ('1MV1LD01B0D736628','Claret');
INSERT INTO Vehicle_Color(vin,color_name) VALUES ('8CR4YKPMHVR077313','Yellow');
INSERT INTO Vehicle_Color(vin,color_name) VALUES ('LYPZILOBZ87153615','Beige');
INSERT INTO Vehicle_Color(vin,color_name) VALUES ('F42NYNK4BK3657449','Aluminum');
INSERT INTO Vehicle_Color(vin,color_name) VALUES ('F42NYNK4BK3657449','Maroon');
INSERT INTO Vehicle_Color(vin,color_name) VALUES ('2DHOH4P4672123749','White');
INSERT INTO Vehicle_Color(vin,color_name) VALUES ('SL5LRZAJFUI810871','Green');
INSERT INTO Vehicle_Color(vin,color_name) VALUES ('CNBSW7RMXAE536762','Yellow');
INSERT INTO Vehicle_Color(vin,color_name) VALUES ('4TJ5T18OMFN710800','Black');
INSERT INTO Vehicle_Color(vin,color_name) VALUES ('GHEDZEHRLGJ237205','Rust');
INSERT INTO Vehicle_Color(vin,color_name) VALUES ('B68KFH50SOO194215','Beige');
INSERT INTO Vehicle_Color(vin,color_name) VALUES ('2JUBCDLLXSB731848','Purple');
INSERT INTO Vehicle_Color(vin,color_name) VALUES ('W1R2THVZD6L234135','Black');
INSERT INTO Vehicle_Color(vin,color_name) VALUES ('W1R2THVZD6L234135','Maroon');
INSERT INTO Vehicle_Color(vin,color_name) VALUES ('1JRH0ZBVOBE937509','Bronze');
INSERT INTO Vehicle_Color(vin,color_name) VALUES ('2LUXDFJTYZA796766','Silver');
INSERT INTO Vehicle_Color(vin,color_name) VALUES ('67BQ74RV204502543','Rust');
INSERT INTO Vehicle_Color(vin,color_name) VALUES ('ME064DUO8S0025936','Green');
INSERT INTO Vehicle_Color(vin,color_name) VALUES ('QVSOV4QTXAE520972','Beige');
INSERT INTO Vehicle_Color(vin,color_name) VALUES ('MM2NLRDRNXX156196','Gold');
INSERT INTO Vehicle_Color(vin,color_name) VALUES ('IHYW5EQH7SL835482','Rose');
INSERT INTO Vehicle_Color(vin,color_name) VALUES ('6LYU65SHD4H127612','Bronze');
INSERT INTO Vehicle_Color(vin,color_name) VALUES ('EZ308PJB831681306','White');
INSERT INTO Vehicle_Color(vin,color_name) VALUES ('036EG6XGHFJ822528','Claret');
INSERT INTO Vehicle_Color(vin,color_name) VALUES ('0JMXH7GQF1K570196','Bronze');
INSERT INTO Vehicle_Color(vin,color_name) VALUES ('0JMXH7GQF1K570196','Tan');
INSERT INTO Vehicle_Color(vin,color_name) VALUES ('0JMXH7GQF1K570196','White');
INSERT INTO Vehicle_Color(vin,color_name) VALUES ('U4DAG21M25I154677','Silver');
INSERT INTO Vehicle_Color(vin,color_name) VALUES ('IUTAUS27FGO848930','Red');
INSERT INTO Vehicle_Color(vin,color_name) VALUES ('2BEGOJVB21D198188','Rose');
INSERT INTO Vehicle_Color(vin,color_name) VALUES ('2YTUEYSLDJG398062','Tan');
INSERT INTO Vehicle_Color(vin,color_name) VALUES ('IK0HARFDHRY246462','Orange');
INSERT INTO Vehicle_Color(vin,color_name) VALUES ('UAITKQ7KMQN776987','Aluminum');
INSERT INTO Vehicle_Color(vin,color_name) VALUES ('UAITKQ7KMQN776987','Green');
INSERT INTO Vehicle_Color(vin,color_name) VALUES ('L535DHDAU62985677','Metallic');
INSERT INTO Vehicle_Color(vin,color_name) VALUES ('3NED8CVSG6V494138','Turquoise');
INSERT INTO Vehicle_Color(vin,color_name) VALUES ('KW1EHM2N1UB940362','Pink');
INSERT INTO Vehicle_Color(vin,color_name) VALUES ('B1NDXK4VPM8021524','Copper');
INSERT INTO Vehicle_Color(vin,color_name) VALUES ('1A8CMLRTUGR146952','Green');
INSERT INTO Vehicle_Color(vin,color_name) VALUES ('A58PSDYJWYD029917','Rust');
INSERT INTO Vehicle_Color(vin,color_name) VALUES ('TOIFP5YHHJC099537','Pink');
INSERT INTO Vehicle_Color(vin,color_name) VALUES ('TOIFP5YHHJC099537','Red');
INSERT INTO Vehicle_Color(vin,color_name) VALUES ('O1C66KL1VK4840531','Metallic');
INSERT INTO Vehicle_Color(vin,color_name) VALUES ('U1GXDUQ2NVP642154','Bronze');
INSERT INTO Vehicle_Color(vin,color_name) VALUES ('E5W8EPPWZS0896119','Yellow');
INSERT INTO Vehicle_Color(vin,color_name) VALUES ('73HIEJVMY26464395','Orange');
INSERT INTO Vehicle_Color(vin,color_name) VALUES ('1P2ISJXQKIW025651','Bronze');
INSERT INTO Vehicle_Color(vin,color_name) VALUES ('1P2ISJXQKIW025651','Gray');
INSERT INTO Vehicle_Color(vin,color_name) VALUES ('1P2ISJXQKIW025651','Rose');
INSERT INTO Vehicle_Color(vin,color_name) VALUES ('4HVC60L66KI459720','Orange');
INSERT INTO Vehicle_Color(vin,color_name) VALUES ('4HVC60L66KI459720','Green');
INSERT INTO Vehicle_Color(vin,color_name) VALUES ('LLPNU12CY5C440662','Green');
INSERT INTO Vehicle_Color(vin,color_name) VALUES ('30YUJXKGY7I314746','Gray');
INSERT INTO Vehicle_Color(vin,color_name) VALUES ('RRRZH6PBRYY000587','Silver');
INSERT INTO Vehicle_Color(vin,color_name) VALUES ('5IZQ0A8JNL8536828','Cream');
INSERT INTO Vehicle_Color(vin,color_name) VALUES ('5IZQ0A8JNL8536828','Purple');
INSERT INTO Vehicle_Color(vin,color_name) VALUES ('5IZQ0A8JNL8536828','Tan');
INSERT INTO Vehicle_Color(vin,color_name) VALUES ('8SGNAEKKQ0B252643','Aluminum');
INSERT INTO Vehicle_Color(vin,color_name) VALUES ('8SGNAEKKQ0B252643','Claret');
INSERT INTO Vehicle_Color(vin,color_name) VALUES ('8SGNAEKKQ0B252643','Silver');
INSERT INTO Vehicle_Color(vin,color_name) VALUES ('13DN4WJV2HW654524','Pink');
INSERT INTO Vehicle_Color(vin,color_name) VALUES ('ETRV7OGUK1A265022','Copper');
INSERT INTO Vehicle_Color(vin,color_name) VALUES ('V73RJYYHEIT850422','Rust');
INSERT INTO Vehicle_Color(vin,color_name) VALUES ('W85FIU0UPWJ342063','Red');
INSERT INTO Vehicle_Color(vin,color_name) VALUES ('J1MG8R7RAZX116769','Orange');
INSERT INTO Vehicle_Color(vin,color_name) VALUES ('J1MG8R7RAZX116769','Aluminum');
INSERT INTO Vehicle_Color(vin,color_name) VALUES ('15WH5TNL8GD986516','Beige');
INSERT INTO Vehicle_Color(vin,color_name) VALUES ('N5QQ2WLB5PL198189','Beige');
INSERT INTO Vehicle_Color(vin,color_name) VALUES ('1V61QHRD20E210923','Rust');
INSERT INTO Vehicle_Color(vin,color_name) VALUES ('P7NLPCKCGFU554815','Maroon');
INSERT INTO Vehicle_Color(vin,color_name) VALUES ('QPMO737UII0340028','Bronze');
INSERT INTO Vehicle_Color(vin,color_name) VALUES ('QPMO737UII0340028','Beige');
INSERT INTO Vehicle_Color(vin,color_name) VALUES ('JS7IRJMSXPC511509','Orange');
INSERT INTO Vehicle_Color(vin,color_name) VALUES ('Z0405USEZKH796737','Yellow');
INSERT INTO Vehicle_Color(vin,color_name) VALUES ('GEW8SXH3TWS985107','Turquoise');
INSERT INTO Vehicle_Color(vin,color_name) VALUES ('ZUG6F1Z7LAY309325','Gold');
INSERT INTO Vehicle_Color(vin,color_name) VALUES ('OQPBCN4Y1YB733979','Bronze');
INSERT INTO Vehicle_Color(vin,color_name) VALUES ('7ZGFTG3CJWB276675','Yellow');
INSERT INTO Vehicle_Color(vin,color_name) VALUES ('K3MTK4TIJNU760358','Claret');
INSERT INTO Vehicle_Color(vin,color_name) VALUES ('K3MTK4TIJNU760358','Rust');
INSERT INTO Vehicle_Color(vin,color_name) VALUES ('K3MTK4TIJNU760358','Pink');
INSERT INTO Vehicle_Color(vin,color_name) VALUES ('EJET1HMTOKB682315','Red');
INSERT INTO Vehicle_Color(vin,color_name) VALUES ('EJET1HMTOKB682315','Black');
INSERT INTO Vehicle_Color(vin,color_name) VALUES ('NKY5WJPCYVC675161','Claret');
INSERT INTO Vehicle_Color(vin,color_name) VALUES ('0XPRYKN4QTB854977','Cream');
INSERT INTO Vehicle_Color(vin,color_name) VALUES ('K4IZJXWXWJR973290','Aluminum');
INSERT INTO Vehicle_Color(vin,color_name) VALUES ('F032TW1LYVD881430','White');
INSERT INTO Vehicle_Color(vin,color_name) VALUES ('1C05IGNBBB6823554','Rose');
INSERT INTO Vehicle_Color(vin,color_name) VALUES ('0SR7K3TGOVW149442','Pink');
INSERT INTO Vehicle_Color(vin,color_name) VALUES ('0SR7K3TGOVW149442','Yellow');
INSERT INTO Vehicle_Color(vin,color_name) VALUES ('BCTZOAWQMHJ300759','Claret');
INSERT INTO Vehicle_Color(vin,color_name) VALUES ('BCTZOAWQMHJ300759','Gold');
INSERT INTO Vehicle_Color(vin,color_name) VALUES ('ZDNMEDH0CHN556637','Tan');
INSERT INTO Vehicle_Color(vin,color_name) VALUES ('0A45MTRRJ3K877609','Bronze');
INSERT INTO Vehicle_Color(vin,color_name) VALUES ('OMDPS8X50N7546352','Copper');
INSERT INTO Vehicle_Color(vin,color_name) VALUES ('UU2VI1MPOCJ886472','Gray');
INSERT INTO Vehicle_Color(vin,color_name) VALUES ('63OUTYEBN7D928507','Aluminum');
INSERT INTO Vehicle_Color(vin,color_name) VALUES ('UDK1102XNQ4362369','Bronze');
INSERT INTO Vehicle_Color(vin,color_name) VALUES ('ZIOB2UP8DA8102221','Copper');
INSERT INTO Vehicle_Color(vin,color_name) VALUES ('2CB6WLH88NB344487','Aluminum');
INSERT INTO Vehicle_Color(vin,color_name) VALUES ('ZPSM0A6MZXM357384','Red');
INSERT INTO Vehicle_Color(vin,color_name) VALUES ('6AZQDNCM3G6215989','White');
INSERT INTO Vehicle_Color(vin,color_name) VALUES ('6N5JA7X7LX2749307','Rust');
INSERT INTO Vehicle_Color(vin,color_name) VALUES ('VTJI8XXO2CO552773','Gray');
INSERT INTO Vehicle_Color(vin,color_name) VALUES ('YIRV4C5U8MN581204','Red');
INSERT INTO Vehicle_Color(vin,color_name) VALUES ('YIRV4C5U8MN581204','Metallic');
INSERT INTO Vehicle_Color(vin,color_name) VALUES ('5DAWXIM4EAK735462','Brown');
INSERT INTO Vehicle_Color(vin,color_name) VALUES ('5DAWXIM4EAK735462','Navy');
INSERT INTO Vehicle_Color(vin,color_name) VALUES ('5DAWXIM4EAK735462','Turquoise');
INSERT INTO Vehicle_Color(vin,color_name) VALUES ('5NFMDSJIMMB492412','Gold');
INSERT INTO Vehicle_Color(vin,color_name) VALUES ('HUJ762ME6OB336499','Rose');
INSERT INTO Vehicle_Color(vin,color_name) VALUES ('1RMG763RUOZ482821','Yellow');
INSERT INTO Vehicle_Color(vin,color_name) VALUES ('RP3I3QO2BYF582498','Navy');
INSERT INTO Vehicle_Color(vin,color_name) VALUES ('TJY1H16Y6DA687801','Aluminum');
INSERT INTO Vehicle_Color(vin,color_name) VALUES ('CXGQS7AZP6I329568','Blue');
INSERT INTO Vehicle_Color(vin,color_name) VALUES ('IO8AOWYKMLD518556','Navy');
INSERT INTO Vehicle_Color(vin,color_name) VALUES ('JZKBFXYGWL5900436','Rust');
INSERT INTO Vehicle_Color(vin,color_name) VALUES ('PBJA5AUSTU5098920','Tan');
INSERT INTO Vehicle_Color(vin,color_name) VALUES ('BJIK4PRL350875445','Navy');
INSERT INTO Vehicle_Color(vin,color_name) VALUES ('BV7ZLIZN0R2917777','Silver');
INSERT INTO Vehicle_Color(vin,color_name) VALUES ('MATGJILCBL4124189','Aluminum');
INSERT INTO Vehicle_Color(vin,color_name) VALUES ('MATGJILCBL4124189','White');
INSERT INTO Vehicle_Color(vin,color_name) VALUES ('JE1O6OHJZW1220783','Maroon');
INSERT INTO Vehicle_Color(vin,color_name) VALUES ('XPBUWRX56F6412345','Bronze');
INSERT INTO Vehicle_Color(vin,color_name) VALUES ('SSSGFBFNIOE995675','Turquoise');
INSERT INTO Vehicle_Color(vin,color_name) VALUES ('0O56VQ0TP1C342110','Purple');
INSERT INTO Vehicle_Color(vin,color_name) VALUES ('0O56VQ0TP1C342110','Copper');
INSERT INTO Vehicle_Color(vin,color_name) VALUES ('OETQ6SV7QKM285952','Pink');
INSERT INTO Vehicle_Color(vin,color_name) VALUES ('5WKWALJ4EQU001163','Turquoise');
INSERT INTO Vehicle_Color(vin,color_name) VALUES ('ZMVRJH6HGUZ703892','Gold');
INSERT INTO Vehicle_Color(vin,color_name) VALUES ('HIEWYKOMDAK597903','Brown');
INSERT INTO Vehicle_Color(vin,color_name) VALUES ('ANW7EMLQVI6782246','Tan');
INSERT INTO Vehicle_Color(vin,color_name) VALUES ('M0S6NVFHN2E042385','Maroon');
INSERT INTO Vehicle_Color(vin,color_name) VALUES ('I4ZQBJWMKGO132368','Rose');
INSERT INTO Vehicle_Color(vin,color_name) VALUES ('I4ZQBJWMKGO132368','Silver');
INSERT INTO Vehicle_Color(vin,color_name) VALUES ('NNKIP3UNIGZ353715','Metallic');
INSERT INTO Vehicle_Color(vin,color_name) VALUES ('OA1F76XJUQS608395','Blue');
INSERT INTO Vehicle_Color(vin,color_name) VALUES ('05PN35GUCGU088819','Rust');
INSERT INTO Vehicle_Color(vin,color_name) VALUES ('NRQQC5OQ0F4586467','Claret');
INSERT INTO Vehicle_Color(vin,color_name) VALUES ('WGVK4P1UIPJ916959','Green');
INSERT INTO Vehicle_Color(vin,color_name) VALUES ('MPXFMDRYC6D036656','Black');
INSERT INTO Vehicle_Color(vin,color_name) VALUES ('P54475O4N8K403608','Aluminum');
INSERT INTO Vehicle_Color(vin,color_name) VALUES ('JL4O86VLF1F081674','Tan');
INSERT INTO Vehicle_Color(vin,color_name) VALUES ('VOCIAMIZKKN350227','Yellow');
INSERT INTO Vehicle_Color(vin,color_name) VALUES ('N2VSLYX8OXL077775','Brown');
INSERT INTO Vehicle_Color(vin,color_name) VALUES ('SMZSGMQWSKI621717','Yellow');
INSERT INTO Vehicle_Color(vin,color_name) VALUES ('SMZSGMQWSKI621717','Rust');
INSERT INTO Vehicle_Color(vin,color_name) VALUES ('FLACGVUE5FI388538','Red');
INSERT INTO Vehicle_Color(vin,color_name) VALUES ('FLACGVUE5FI388538','Rose');
INSERT INTO Vehicle_Color(vin,color_name) VALUES ('O0LX0JY57BT960015','White');
INSERT INTO Vehicle_Color(vin,color_name) VALUES ('4QL2U7A4H4J019100','Metallic');
INSERT INTO Vehicle_Color(vin,color_name) VALUES ('5T3XYBUNB63008211','Purple');
INSERT INTO Vehicle_Color(vin,color_name) VALUES ('1HHB3PGRMMK153438','Tan');
INSERT INTO Vehicle_Color(vin,color_name) VALUES ('EWUO21O8D0P959813','Beige');
INSERT INTO Vehicle_Color(vin,color_name) VALUES ('GZ81MW85M47387080','Navy');
INSERT INTO Vehicle_Color(vin,color_name) VALUES ('JA7U5AG0WEE170652','Gray');
INSERT INTO Vehicle_Color(vin,color_name) VALUES ('054CB5NHFMK652777','Aluminum');
INSERT INTO Vehicle_Color(vin,color_name) VALUES ('55M41D1AGKW204016','Copper');
INSERT INTO Vehicle_Color(vin,color_name) VALUES ('PEB0OLCPG6W994144','Red');
INSERT INTO Vehicle_Color(vin,color_name) VALUES ('8WLKEABOQM5965804','Aluminum');
INSERT INTO Vehicle_Color(vin,color_name) VALUES ('IQ73NEIBJNB403342','Gray');
INSERT INTO Vehicle_Color(vin,color_name) VALUES ('J6OMNLGS2AO161351','Tan');
INSERT INTO Vehicle_Color(vin,color_name) VALUES ('J6OMNLGS2AO161351','Purple');
INSERT INTO Vehicle_Color(vin,color_name) VALUES ('JBPIGW2CI42143239','Beige');
INSERT INTO Vehicle_Color(vin,color_name) VALUES ('BH6Z8Q8YUSV665327','Beige');
INSERT INTO Vehicle_Color(vin,color_name) VALUES ('BH6Z8Q8YUSV665327','Pink');
INSERT INTO Vehicle_Color(vin,color_name) VALUES ('BH6Z8Q8YUSV665327','White');
INSERT INTO Vehicle_Color(vin,color_name) VALUES ('KZQ5C1NSWAJ790169','Bronze');
INSERT INTO Vehicle_Color(vin,color_name) VALUES ('KZQ5C1NSWAJ790169','Tan');
INSERT INTO Vehicle_Color(vin,color_name) VALUES ('EUNRBUAUCXQ934676','Black');
INSERT INTO Vehicle_Color(vin,color_name) VALUES ('EUNRBUAUCXQ934676','Cream');
INSERT INTO Vehicle_Color(vin,color_name) VALUES ('EUNRBUAUCXQ934676','White');
INSERT INTO Vehicle_Color(vin,color_name) VALUES ('I2Y84J2JYUI249817','Metallic');
INSERT INTO Vehicle_Color(vin,color_name) VALUES ('FXCJT6N4BUT928292','Gray');
INSERT INTO Vehicle_Color(vin,color_name) VALUES ('Y0E0QLEFDDC702405','Metallic');
INSERT INTO Vehicle_Color(vin,color_name) VALUES ('SPE2WMY887O932788','Brown');
INSERT INTO Vehicle_Color(vin,color_name) VALUES ('LWA5MXOU4MD327938','Rose');
INSERT INTO Vehicle_Color(vin,color_name) VALUES ('JA36JFM31V4526050','Cream');
INSERT INTO Vehicle_Color(vin,color_name) VALUES ('ZO6LSHSSJHC695220','Red');
INSERT INTO Vehicle_Color(vin,color_name) VALUES ('8LPZZLYHF77014597','Claret');
INSERT INTO Vehicle_Color(vin,color_name) VALUES ('MRHT53HXAKW856444','Metallic');
INSERT INTO Vehicle_Color(vin,color_name) VALUES ('MRHT53HXAKW856444','Maroon');
INSERT INTO Vehicle_Color(vin,color_name) VALUES ('TVFRONGULQ7855167','Red');
INSERT INTO Vehicle_Color(vin,color_name) VALUES ('8U653RXUMZY984495','Black');
INSERT INTO Vehicle_Color(vin,color_name) VALUES ('PLPMWBZXIDB972615','Turquoise');
INSERT INTO Vehicle_Color(vin,color_name) VALUES ('U3SEY7BL74U428566','Rose');
INSERT INTO Vehicle_Color(vin,color_name) VALUES ('POBJLZ8FZN0427016','Tan');
INSERT INTO Vehicle_Color(vin,color_name) VALUES ('I7TC64WMFN3679469','Maroon');
INSERT INTO Vehicle_Color(vin,color_name) VALUES ('AOIDQU2ROYY946376','Tan');
INSERT INTO Vehicle_Color(vin,color_name) VALUES ('Q3TT4GKZDHK659352','Rose');
INSERT INTO Vehicle_Color(vin,color_name) VALUES ('4RJT1NOLXUG037441','Navy');
INSERT INTO Vehicle_Color(vin,color_name) VALUES ('BKO2YY3HI56119138','Rose');
INSERT INTO Vehicle_Color(vin,color_name) VALUES ('DABGHKVUB2D696619','Copper');
INSERT INTO Vehicle_Color(vin,color_name) VALUES ('4BW4C1KL6TZ577336','Silver');
INSERT INTO Vehicle_Color(vin,color_name) VALUES ('EV4TH4BF5DQ470200','Rose');
INSERT INTO Vehicle_Color(vin,color_name) VALUES ('MTBE6DK55IO892347','Rose');
INSERT INTO Vehicle_Color(vin,color_name) VALUES ('Z1QCG3DRQAX515930','Aluminum');
INSERT INTO Vehicle_Color(vin,color_name) VALUES ('Z1QCG3DRQAX515930','Orange');
INSERT INTO Vehicle_Color(vin,color_name) VALUES ('Z1QCG3DRQAX515930','Tan');
INSERT INTO Vehicle_Color(vin,color_name) VALUES ('XNUNZXGY3NC711419','Gray');
INSERT INTO Vehicle_Color(vin,color_name) VALUES ('L3ETEZZL0ER968032','Blue');
INSERT INTO Vehicle_Color(vin,color_name) VALUES ('A1GTY6T551Q455502','Maroon');
INSERT INTO Vehicle_Color(vin,color_name) VALUES ('N64LL1WC63N759701','Purple');
INSERT INTO Vehicle_Color(vin,color_name) VALUES ('B5Q25XY368S364688','Black');
INSERT INTO Vehicle_Color(vin,color_name) VALUES ('5L5RPVESTIA976918','Tan');
INSERT INTO Vehicle_Color(vin,color_name) VALUES ('5JVO4MGJYXC563627','Bronze');
INSERT INTO Vehicle_Color(vin,color_name) VALUES ('EQPAH1SUF8O016349','Orange');
INSERT INTO Vehicle_Color(vin,color_name) VALUES ('NVHYWIDW4WI400980','Red');
INSERT INTO Vehicle_Color(vin,color_name) VALUES ('UVK0K4YAN4D361432','Gray');
INSERT INTO Vehicle_Color(vin,color_name) VALUES ('MJT0LBERDE8792947','Brown');
INSERT INTO Vehicle_Color(vin,color_name) VALUES ('2N45QQ7SMY3757149','Green');
INSERT INTO Vehicle_Color(vin,color_name) VALUES ('03KAPEOTGE8482192','Orange');
INSERT INTO Vehicle_Color(vin,color_name) VALUES ('OY3DWMTTXNP309610','Copper');
INSERT INTO Vehicle_Color(vin,color_name) VALUES ('SAN8CKZV8O6386790','Green');
INSERT INTO Vehicle_Color(vin,color_name) VALUES ('J05SWPOXE56492516','Rust');
INSERT INTO Vehicle_Color(vin,color_name) VALUES ('23VKNWAH4WQ056833','Brown');
INSERT INTO Vehicle_Color(vin,color_name) VALUES ('23VKNWAH4WQ056833','Metallic');
INSERT INTO Vehicle_Color(vin,color_name) VALUES ('PLMR41N2YPR821121','Aluminum');
INSERT INTO Vehicle_Color(vin,color_name) VALUES ('PLMR41N2YPR821121','Rust');



-- User
INSERT INTO User(userID,username,password,first_name,last_name) VALUES (1,'owner','owner','O','Owner');
INSERT INTO User(userID,username,password,first_name,last_name) VALUES (2,'user01','pass01','Valentine','Rhymes');
INSERT INTO User(userID,username,password,first_name,last_name) VALUES (3,'user02','pass02','Bulah','Heintzman');
INSERT INTO User(userID,username,password,first_name,last_name) VALUES (4,'user03','pass03','Theodora','Ehmann');
INSERT INTO User(userID,username,password,first_name,last_name) VALUES (5,'user04','pass04','Raul','Hochard');
INSERT INTO User(userID,username,password,first_name,last_name) VALUES (6,'user05','pass05','Xuan','Mclaird');
INSERT INTO User(userID,username,password,first_name,last_name) VALUES (7,'user06','pass06','Carin','Saylors');
INSERT INTO User(userID,username,password,first_name,last_name) VALUES (8,'user07','pass07','Jesusita','Duenas');
INSERT INTO User(userID,username,password,first_name,last_name) VALUES (9,'user08','pass08','Reita','Menter');
INSERT INTO User(userID,username,password,first_name,last_name) VALUES (10,'user09','pass09','Beckie','Meinerding');
INSERT INTO User(userID,username,password,first_name,last_name) VALUES (11,'user10','pass10','Sue','Wieser');
INSERT INTO User(userID,username,password,first_name,last_name) VALUES (12,'user11','pass11','Iluminada','Husser');
INSERT INTO User(userID,username,password,first_name,last_name) VALUES (13,'user12','pass12','James','Parlato');
INSERT INTO User(userID,username,password,first_name,last_name) VALUES (14,'user13','pass13','Arminda','Lindall');
INSERT INTO User(userID,username,password,first_name,last_name) VALUES (15,'user14','pass14','Malcolm','Stem');
INSERT INTO User(userID,username,password,first_name,last_name) VALUES (16,'user15','pass15','Raul','Colaizzo');
INSERT INTO User(userID,username,password,first_name,last_name) VALUES (17,'user16','pass16','Candida','Pugh');
INSERT INTO User(userID,username,password,first_name,last_name) VALUES (18,'user17','pass17','Sharee','Gillaspie');
INSERT INTO User(userID,username,password,first_name,last_name) VALUES (19,'user18','pass18','Raina','Drymon');
INSERT INTO User(userID,username,password,first_name,last_name) VALUES (20,'user19','pass19','Peggie','Toelkes');
INSERT INTO User(userID,username,password,first_name,last_name) VALUES (21,'user20','pass20','Luisa','Ruta');
INSERT INTO User(userID,username,password,first_name,last_name) VALUES (22,'user21','pass21','Thaddeus','Malvin');
INSERT INTO User(userID,username,password,first_name,last_name) VALUES (23,'user22','pass22','Clorinda','Chickering');
INSERT INTO User(userID,username,password,first_name,last_name) VALUES (24,'user23','pass23','Cheryl','Maillard');
INSERT INTO User(userID,username,password,first_name,last_name) VALUES (25,'user24','pass24','Raylene','Galam');
INSERT INTO User(userID,username,password,first_name,last_name) VALUES (26,'user25','pass25','Loreta','Vanausdal');

--- Inventory Clerk

-- INSERT INTO InventoryClerk(userID)
--- SELECT userID FROM User WHERE first_name="Frodo";

INSERT INTO InventoryClerk(userID) VALUES (1);
INSERT INTO InventoryClerk(userID) VALUES (5);
INSERT INTO InventoryClerk(userID) VALUES (6);
INSERT INTO InventoryClerk(userID) VALUES (7);
INSERT INTO InventoryClerk(userID) VALUES (10);
INSERT INTO InventoryClerk(userID) VALUES (11);
INSERT INTO InventoryClerk(userID) VALUES (12);
INSERT INTO InventoryClerk(userID) VALUES (14);
INSERT INTO InventoryClerk(userID) VALUES (16);
INSERT INTO InventoryClerk(userID) VALUES (17);
INSERT INTO InventoryClerk(userID) VALUES (19);
INSERT INTO InventoryClerk(userID) VALUES (20);
INSERT INTO InventoryClerk(userID) VALUES (23);


--- Sales Person
-- INSERT INTO SalesPerson(userID) 
-- SELECT userID FROM User WHERE first_name="Merry";
INSERT INTO SalesPerson(userID) VALUES (1);
INSERT INTO SalesPerson(userID) VALUES (2);
INSERT INTO SalesPerson(userID) VALUES (4);
INSERT INTO SalesPerson(userID) VALUES (8);
INSERT INTO SalesPerson(userID) VALUES (9);
INSERT INTO SalesPerson(userID) VALUES (13);
INSERT INTO SalesPerson(userID) VALUES (15);
INSERT INTO SalesPerson(userID) VALUES (21);
INSERT INTO SalesPerson(userID) VALUES (22);
INSERT INTO SalesPerson(userID) VALUES (24);
INSERT INTO SalesPerson(userID) VALUES (26);

---- Manager 
-- INSERT INTO Manager(userID) 
-- SELECT userID FROM User WHERE first_name="Samwise";
INSERT INTO Manager(userID) VALUES (1);
INSERT INTO Manager(userID) VALUES (3);
INSERT INTO Manager(userID) VALUES (18);
INSERT INTO Manager(userID) VALUES (25);

-- Customer
INSERT INTO Customer(customerID,email,postal_code,state,city,street,phone_number) VALUES (1,'jhixenbaugh@xx-holding.com','94210','NJ','Greensboro','6263 11-street','2952597625');
INSERT INTO Customer(customerID,email,postal_code,state,city,street,phone_number) VALUES (2,'leroman@scotfind.com','56357','CA','Fresno','4 5-street','7457629864');
INSERT INTO Customer(customerID,email,postal_code,state,city,street,phone_number) VALUES (3,'hmiro@zoomit.com','23043','NV','Plano','7813 20-street','5452092393');
INSERT INTO Customer(customerID,email,postal_code,state,city,street,phone_number) VALUES (4,'fvarriano@groovestreet.com','70620','WA','Seattle','9142 20-street','1660641039');
INSERT INTO Customer(customerID,email,postal_code,state,city,street,phone_number) VALUES (5,'ljeanty@silis.com','45207','HI','Tampa','9537 11-street','0618026256');
INSERT INTO Customer(customerID,email,postal_code,state,city,street,phone_number) VALUES (6,'lamyot@hatfan.com','96519','NM','Milwaukee','6779 18-street','8153163701');
INSERT INTO Customer(customerID,email,postal_code,state,city,street,phone_number) VALUES (7,'rlace@dalttechnology.com','51088','GA','Virginia Beach','6440 7-street','6246794115');
INSERT INTO Customer(customerID,email,postal_code,state,city,street,phone_number) VALUES (8,'kmalvin@y-corporation.com','62053','NE','Henderson','6449 12-street','9488520413');
INSERT INTO Customer(customerID,email,postal_code,state,city,street,phone_number) VALUES (9,'mnunlee@goodsilron.com','92248','KY','Oklahoma City','2798 1-street','0732368848');
INSERT INTO Customer(customerID,email,postal_code,state,city,street,phone_number) VALUES (10,'edhamer@labdrill.com','29115','NV','Scottsdale','2615 12-street','9414370820');
INSERT INTO Customer(customerID,email,postal_code,state,city,street,phone_number) VALUES (11,'jsweely@zencorporation.com','66490','LA','Gilbert','3253 9-street','6866280646');
INSERT INTO Customer(customerID,email,postal_code,state,city,street,phone_number) VALUES (12,'cstockham@ontomedia.com','81587','MN','Cincinnati','3248 13-street','9773209343');
INSERT INTO Customer(customerID,email,postal_code,state,city,street,phone_number) VALUES (13,'lspickerman@warephase.com','82332','NJ','Greensboro','9665 4-street','1286731065');
INSERT INTO Customer(customerID,email,postal_code,state,city,street,phone_number) VALUES (14,'carceo@betatech.com','12130','NV','Plano','8244 10-street','1144874066');
INSERT INTO Customer(customerID,email,postal_code,state,city,street,phone_number) VALUES (15,'qmaclead@xx-zobam.com','30701','VA','Boise City','8630 9-street','1268667628');
INSERT INTO Customer(customerID,email,postal_code,state,city,street,phone_number) VALUES (16,'rbergesen@konex.com','83302','TX','Austin','9044 4-street','0456125482');
INSERT INTO Customer(customerID,email,postal_code,state,city,street,phone_number) VALUES (17,'slabreche@donware.com','91491','TX','Wichita','2824 16-street','3801976959');
INSERT INTO Customer(customerID,email,postal_code,state,city,street,phone_number) VALUES (18,NULL,'87881','TX','Chandler','3373 4-street','2183462945');
INSERT INTO Customer(customerID,email,postal_code,state,city,street,phone_number) VALUES (19,'nshin@doncon.com','67808','MD','Nashville-Davidson','7998 8-street','8354131959');
INSERT INTO Customer(customerID,email,postal_code,state,city,street,phone_number) VALUES (20,'klipkin@dambase.com','73194','KS','Cleveland','6565 17-street','2250204716');
INSERT INTO Customer(customerID,email,postal_code,state,city,street,phone_number) VALUES (21,'vscriven@scotfind.com','86418','MI','Detroit','6226 20-street','2231396691');
INSERT INTO Customer(customerID,email,postal_code,state,city,street,phone_number) VALUES (22,'atromblay@golddex.com','45709','TX','Newark','3943 14-street','0377627548');
INSERT INTO Customer(customerID,email,postal_code,state,city,street,phone_number) VALUES (23,'fgwalthney@rantouch.com','80577','MO','Long Beach','8465 16-street','4699225139');
INSERT INTO Customer(customerID,email,postal_code,state,city,street,phone_number) VALUES (24,'lwalthall@zotware.com','77662','AZ','Albuquerque','1454 2-street','1090850197');
INSERT INTO Customer(customerID,email,postal_code,state,city,street,phone_number) VALUES (25,'akiel@mathtouch.com','56716','IN','Indianapolis','7251 19-street','1695370409');
INSERT INTO Customer(customerID,email,postal_code,state,city,street,phone_number) VALUES (26,'behmann@sunnamplex.com','36018','TX','Riverside','857 18-street','6132850745');
INSERT INTO Customer(customerID,email,postal_code,state,city,street,phone_number) VALUES (27,'lhoffis@labdrill.com','67603','VA','Reno','3042 6-street','8407899085');
INSERT INTO Customer(customerID,email,postal_code,state,city,street,phone_number) VALUES (28,'qglick@treequote.com','43322','OH','Columbus','2318 1-street','6875935334');
INSERT INTO Customer(customerID,email,postal_code,state,city,street,phone_number) VALUES (29,'iauffrey@zathunicon.com','19424','MN','Cincinnati','6333 8-street','1962350101');
INSERT INTO Customer(customerID,email,postal_code,state,city,street,phone_number) VALUES (30,'lharoldson@dambase.com','71867','MN','Cincinnati','2452 7-street','5516394079');
INSERT INTO Customer(customerID,email,postal_code,state,city,street,phone_number) VALUES (31,'bcampain@year-job.com','40210','OR','Louisville/Jefferson County','8594 10-street','7610432216');
INSERT INTO Customer(customerID,email,postal_code,state,city,street,phone_number) VALUES (32,'bharabedian@lexiqvolax.com','11475','NV','Scottsdale','5681 15-street','5302088589');
INSERT INTO Customer(customerID,email,postal_code,state,city,street,phone_number) VALUES (33,'hmconnell@opentech.com','96388','AK','Pittsburgh','1625 4-street','0702183069');
INSERT INTO Customer(customerID,email,postal_code,state,city,street,phone_number) VALUES (34,'rsturiale@sonron.com','07124','CA','Miami','4418 19-street','9241624473');
INSERT INTO Customer(customerID,email,postal_code,state,city,street,phone_number) VALUES (35,'msayaphon@rantouch.com','27651','CA','Aurora','7147 1-street','0466613052');
INSERT INTO Customer(customerID,email,postal_code,state,city,street,phone_number) VALUES (36,'bbartolet@donquadtech.com','06291','CA','Anaheim','359 2-street','0486179706');
INSERT INTO Customer(customerID,email,postal_code,state,city,street,phone_number) VALUES (37,'cshadrick@yearin.com','68418','WA','Seattle','6261 8-street','7961690087');
INSERT INTO Customer(customerID,email,postal_code,state,city,street,phone_number) VALUES (38,'lpolidori@newex.com','40289','WI','Durham','2340 3-street','0199152902');
INSERT INTO Customer(customerID,email,postal_code,state,city,street,phone_number) VALUES (39,'mtromblay@betasoloin.com','78747','VA','Mesa','7781 13-street','1922818949');
INSERT INTO Customer(customerID,email,postal_code,state,city,street,phone_number) VALUES (40,'jweight@plexzap.com','20214','FL','Raleigh','6465 6-street','8978227826');
INSERT INTO Customer(customerID,email,postal_code,state,city,street,phone_number) VALUES (41,'abergesen@sonron.com','78589','TX','Glendale','4326 10-street','1815377367');
INSERT INTO Customer(customerID,email,postal_code,state,city,street,phone_number) VALUES (42,'slawler@sonron.com','81794','AZ','Phoenix','3489 9-street','1180643423');
INSERT INTO Customer(customerID,email,postal_code,state,city,street,phone_number) VALUES (43,'ecorrio@zencorporation.com','73306','MO','Santa Ana','1448 20-street','0865103920');
INSERT INTO Customer(customerID,email,postal_code,state,city,street,phone_number) VALUES (44,'scrupi@ontomedia.com','28736','AZ','Albuquerque','5813 17-street','1858613754');
INSERT INTO Customer(customerID,email,postal_code,state,city,street,phone_number) VALUES (45,'marceo@hatfan.com','76250','AZ','Irving','9990 17-street','6522538581');
INSERT INTO Customer(customerID,email,postal_code,state,city,street,phone_number) VALUES (46,'mfunnell@konmatfix.com','10432','CA','Fresno','5909 8-street','3839780003');
INSERT INTO Customer(customerID,email,postal_code,state,city,street,phone_number) VALUES (47,'jmaclead@codehow.com','59104','FL','Jacksonville','9216 14-street','5462406127');
INSERT INTO Customer(customerID,email,postal_code,state,city,street,phone_number) VALUES (48,'lmulqueen@donquadtech.com','34383','MA','Washington','1847 12-street','1153394663');
INSERT INTO Customer(customerID,email,postal_code,state,city,street,phone_number) VALUES (49,'lbiddy@rantouch.com','99759','CA','San Jose','7356 14-street','6977663248');
INSERT INTO Customer(customerID,email,postal_code,state,city,street,phone_number) VALUES (50,'ablunk@lexiqvolax.com','05864','MO','Santa Ana','3571 8-street','6625666422');
INSERT INTO Customer(customerID,email,postal_code,state,city,street,phone_number) VALUES (51,'btomblin@ron-tech.com','11721','MD','Nashville-Davidson','9861 2-street','9703539396');
INSERT INTO Customer(customerID,email,postal_code,state,city,street,phone_number) VALUES (52,'llouissant@sumace.com','20102','AZ','Kansas City','8566 3-street','1186736394');
INSERT INTO Customer(customerID,email,postal_code,state,city,street,phone_number) VALUES (53,'rmauson@zotware.com','91765','OR','Louisville/Jefferson County','6972 21-street','1945723781');
INSERT INTO Customer(customerID,email,postal_code,state,city,street,phone_number) VALUES (54,'lmenter@domzoom.com','07483','NC','Toledo','5598 10-street','6877989061');
INSERT INTO Customer(customerID,email,postal_code,state,city,street,phone_number) VALUES (55,'smaillard@kinnamplus.com','69070','TX','Chandler','5185 5-street','8586279036');
INSERT INTO Customer(customerID,email,postal_code,state,city,street,phone_number) VALUES (56,NULL,'27501','AZ','Phoenix','332 17-street','3298074765');
INSERT INTO Customer(customerID,email,postal_code,state,city,street,phone_number) VALUES (57,'mstoltzman@dambase.com','89056','CA','Los Angeles','3838 20-street','1161409373');
INSERT INTO Customer(customerID,email,postal_code,state,city,street,phone_number) VALUES (58,'lgreenbush@green-plus.com','87980','TX','Glendale','1218 15-street','3626595706');
INSERT INTO Customer(customerID,email,postal_code,state,city,street,phone_number) VALUES (59,'fknipp@kinnamplus.com','69644','TX','Riverside','6040 7-street','9145346288');
INSERT INTO Customer(customerID,email,postal_code,state,city,street,phone_number) VALUES (60,'lgood@konex.com','83625','NY','Lincoln','1020 9-street','5428643409');
INSERT INTO Customer(customerID,email,postal_code,state,city,street,phone_number) VALUES (61,'rscriven@xx-holding.com','34860','OR','Louisville/Jefferson County','2570 10-street','1192412616');
INSERT INTO Customer(customerID,email,postal_code,state,city,street,phone_number) VALUES (62,'qsergi@faxquote.com','01528','VA','Laredo','6080 2-street','2561092135');
INSERT INTO Customer(customerID,email,postal_code,state,city,street,phone_number) VALUES (63,'epalaia@labdrill.com','57664','TX','Madison','2407 17-street','1340832331');
INSERT INTO Customer(customerID,email,postal_code,state,city,street,phone_number) VALUES (64,'ryori@konex.com','97285','NV','Scottsdale','8385 15-street','6597031398');
INSERT INTO Customer(customerID,email,postal_code,state,city,street,phone_number) VALUES (65,'cpedrozo@isdom.com','68443','AZ','Albuquerque','851 10-street','8353310800');
INSERT INTO Customer(customerID,email,postal_code,state,city,street,phone_number) VALUES (66,'spatak@kinnamplus.com','80181','CA','North Las Vegas','7241 2-street','1424595432');
INSERT INTO Customer(customerID,email,postal_code,state,city,street,phone_number) VALUES (67,'cgibes@rangreen.com','93918','MI','Detroit','7813 17-street','9305091236');
INSERT INTO Customer(customerID,email,postal_code,state,city,street,phone_number) VALUES (68,NULL,'06066','AZ','Winston-Salem','4515 2-street','0916869287');
INSERT INTO Customer(customerID,email,postal_code,state,city,street,phone_number) VALUES (69,'svanausdal@donquadtech.com','95208','NE','Henderson','1650 15-street','9304344770');
INSERT INTO Customer(customerID,email,postal_code,state,city,street,phone_number) VALUES (70,'cyaw@donware.com','95597','TX','Austin','6765 14-street','1833691250');
INSERT INTO Customer(customerID,email,postal_code,state,city,street,phone_number) VALUES (71,'abiddy@scottech.com','99403','AZ','Chesapeake','971 13-street','5295956267');
INSERT INTO Customer(customerID,email,postal_code,state,city,street,phone_number) VALUES (72,'gdallen@goodsilron.com','38898','WA','Seattle','329 14-street','2893491737');
INSERT INTO Customer(customerID,email,postal_code,state,city,street,phone_number) VALUES (73,'avonasek@domzoom.com','18677','CA','Aurora','6166 20-street','5974625448');
INSERT INTO Customer(customerID,email,postal_code,state,city,street,phone_number) VALUES (74,'lhalter@ron-tech.com','09762','HI','Tampa','6915 2-street','7679091004');
INSERT INTO Customer(customerID,email,postal_code,state,city,street,phone_number) VALUES (75,'cnachor@finhigh.com','00576','CA','New Orleans','523 8-street','2584517744');
INSERT INTO Customer(customerID,email,postal_code,state,city,street,phone_number) VALUES (76,'bskulski@opentech.com','22042','NV','Hialeah','2127 6-street','3808291053');
INSERT INTO Customer(customerID,email,postal_code,state,city,street,phone_number) VALUES (77,'csarao@gogozoom.com','73540','TX','Chandler','210 5-street','5337539456');
INSERT INTO Customer(customerID,email,postal_code,state,city,street,phone_number) VALUES (78,'hgabisi@dambase.com','85885','TX','Wichita','6758 16-street','8697320215');
INSERT INTO Customer(customerID,email,postal_code,state,city,street,phone_number) VALUES (79,'erhymes@finjob.com','60868','AZ','St. Petersburg','2140 6-street','3788513921');
INSERT INTO Customer(customerID,email,postal_code,state,city,street,phone_number) VALUES (80,'ccallaro@donquadtech.com','78585','IN','Chula Vista','9966 11-street','5630558686');
INSERT INTO Customer(customerID,email,postal_code,state,city,street,phone_number) VALUES (81,'spalaia@stanredtax.com','88771','KY','Oklahoma City','2380 16-street','7621638492');
INSERT INTO Customer(customerID,email,postal_code,state,city,street,phone_number) VALUES (82,'bdallen@isdom.com','99728','GA','Virginia Beach','2955 11-street','6139626394');
INSERT INTO Customer(customerID,email,postal_code,state,city,street,phone_number) VALUES (83,'dstuer@donware.com','77960','MD','Nashville-Davidson','4606 10-street','2349028878');
INSERT INTO Customer(customerID,email,postal_code,state,city,street,phone_number) VALUES (84,'slacovara@statholdings.com','86941','CA','Sacramento','9701 4-street','5258372667');
INSERT INTO Customer(customerID,email,postal_code,state,city,street,phone_number) VALUES (85,'tfoller@codehow.com','33258','AZ','Kansas City','4864 5-street','4287858845');
INSERT INTO Customer(customerID,email,postal_code,state,city,street,phone_number) VALUES (86,'dchui@ganjaflex.com','30565','NC','Charlotte','6922 3-street','3349957393');
INSERT INTO Customer(customerID,email,postal_code,state,city,street,phone_number) VALUES (87,'aonofrio@finhigh.com','46157','CA','San Francisco','2994 14-street','6724009066');
INSERT INTO Customer(customerID,email,postal_code,state,city,street,phone_number) VALUES (88,'cmirafuentes@konmatfix.com','70558','TX','San Antonio','648 16-street','4697890951');
INSERT INTO Customer(customerID,email,postal_code,state,city,street,phone_number) VALUES (89,'gkohl@ron-tech.com','62904','CO','Atlanta','2748 15-street','0225659944');
INSERT INTO Customer(customerID,email,postal_code,state,city,street,phone_number) VALUES (90,'jklusman@xx-zobam.com','08209','KY','Oklahoma City','8162 19-street','6799556341');
INSERT INTO Customer(customerID,email,postal_code,state,city,street,phone_number) VALUES (91,'mvocelka@ron-tech.com','23924','TX','Houston','5546 6-street','5207437483');
INSERT INTO Customer(customerID,email,postal_code,state,city,street,phone_number) VALUES (92,'gsengbusch@doncon.com','98233','CA','Richmond','2691 12-street','8565923131');
INSERT INTO Customer(customerID,email,postal_code,state,city,street,phone_number) VALUES (93,'etawil@plexzap.com','10393','CA','Anaheim','3643 9-street','2154011795');
INSERT INTO Customer(customerID,email,postal_code,state,city,street,phone_number) VALUES (94,'cpaskin@nam-zim.com','83560','TX','Chandler','8321 18-street','6561738907');
INSERT INTO Customer(customerID,email,postal_code,state,city,street,phone_number) VALUES (95,'dweirather@iselectrics.com','01298','TX','Newark','4487 1-street','9456243552');
INSERT INTO Customer(customerID,email,postal_code,state,city,street,phone_number) VALUES (96,'lsyrop@j-texon.com','30814','AZ','Phoenix','5327 7-street','5326760716');
INSERT INTO Customer(customerID,email,postal_code,state,city,street,phone_number) VALUES (97,'mpatak@j-texon.com','78858','CA','Anchorage','1356 1-street','2812754411');
INSERT INTO Customer(customerID,email,postal_code,state,city,street,phone_number) VALUES (98,'lspickerman@xx-zobam.com','68079','OH','Columbus','3617 12-street','1575733870');
INSERT INTO Customer(customerID,email,postal_code,state,city,street,phone_number) VALUES (99,'smcdoniel@kan-code.com','20778','VA','Boise City','2429 14-street','9417420903');
INSERT INTO Customer(customerID,email,postal_code,state,city,street,phone_number) VALUES (100,'ecorrio@green-plus.com','50266','TX','El Paso','1078 3-street','9423735498');
INSERT INTO Customer(customerID,email,postal_code,state,city,street,phone_number) VALUES (101,'dcolaizzo@faxquote.com','63895','MO','Long Beach','6826 18-street','8177264055');
INSERT INTO Customer(customerID,email,postal_code,state,city,street,phone_number) VALUES (102,'hgesick@inity.com','67153','FL','Garland','2943 19-street','9181127811');
INSERT INTO Customer(customerID,email,postal_code,state,city,street,phone_number) VALUES (103,'lwildfong@ganjaflex.com','09252','WI','Las Vegas','7511 16-street','3480698729');
INSERT INTO Customer(customerID,email,postal_code,state,city,street,phone_number) VALUES (104,'mtollner@green-plus.com','50008','CA','Sacramento','265 5-street','4858534746');
INSERT INTO Customer(customerID,email,postal_code,state,city,street,phone_number) VALUES (105,'dfishburne@goodsilron.com','29564','ID','Fremont','6555 6-street','5815008357');
INSERT INTO Customer(customerID,email,postal_code,state,city,street,phone_number) VALUES (106,'jmonarrez@zoomit.com','25947','MI','Detroit','1284 11-street','4579186110');
INSERT INTO Customer(customerID,email,postal_code,state,city,street,phone_number) VALUES (107,'mrulapaugh@condax.com','38506','CA','San Francisco','7114 11-street','0326553009');
INSERT INTO Customer(customerID,email,postal_code,state,city,street,phone_number) VALUES (108,'nangalich@xx-holding.com','10628','FL','Raleigh','6100 6-street','6192934321');
INSERT INTO Customer(customerID,email,postal_code,state,city,street,phone_number) VALUES (109,'llueckenbach@condax.com','70435','CO','Denver','8676 11-street','6209568005');
INSERT INTO Customer(customerID,email,postal_code,state,city,street,phone_number) VALUES (110,'hfigeroa@bioholding.com','78389','MN','Cincinnati','533 9-street','1278664355');
INSERT INTO Customer(customerID,email,postal_code,state,city,street,phone_number) VALUES (111,NULL,'69366','TX','Baton Rouge','5513 3-street','4218938014');
INSERT INTO Customer(customerID,email,postal_code,state,city,street,phone_number) VALUES (112,'psuell@xx-holding.com','27758','OR','Louisville/Jefferson County','7975 7-street','9290710024');
INSERT INTO Customer(customerID,email,postal_code,state,city,street,phone_number) VALUES (113,'awiklund@toughzap.com','81816','CA','Los Angeles','1970 3-street','1857291621');
INSERT INTO Customer(customerID,email,postal_code,state,city,street,phone_number) VALUES (114,'pfillingim@ganjaflex.com','24299','TX','Baton Rouge','3052 8-street','4735874159');
INSERT INTO Customer(customerID,email,postal_code,state,city,street,phone_number) VALUES (115,'bdiscipio@sonron.com','08220','CA','St. Louis','3688 8-street','5363330488');
INSERT INTO Customer(customerID,email,postal_code,state,city,street,phone_number) VALUES (116,'sagramonte@bioholding.com','43730','NC','Norfolk','6941 10-street','8565341402');
INSERT INTO Customer(customerID,email,postal_code,state,city,street,phone_number) VALUES (117,'piturbide@rangreen.com','63275','AZ','Chesapeake','452 11-street','1122640314');
INSERT INTO Customer(customerID,email,postal_code,state,city,street,phone_number) VALUES (118,'tasar@hottechi.com','25310','CA','Sacramento','808 4-street','8425551940');
INSERT INTO Customer(customerID,email,postal_code,state,city,street,phone_number) VALUES (119,'ylimmel@singletechno.com','52581','TX','Glendale','8270 3-street','1855539320');
INSERT INTO Customer(customerID,email,postal_code,state,city,street,phone_number) VALUES (120,'slary@dalttechnology.com','28978','CA','Anchorage','6775 1-street','4151614989');
INSERT INTO Customer(customerID,email,postal_code,state,city,street,phone_number) VALUES (121,'wblackwood@donware.com','93869','CA','Anaheim','5363 11-street','4106787859');
INSERT INTO Customer(customerID,email,postal_code,state,city,street,phone_number) VALUES (122,'dzagen@donware.com','96878','TX','Riverside','4442 11-street','1173651664');
INSERT INTO Customer(customerID,email,postal_code,state,city,street,phone_number) VALUES (123,'rfigeroa@dambase.com','82803','FL','Raleigh','2170 13-street','8740599520');
INSERT INTO Customer(customerID,email,postal_code,state,city,street,phone_number) VALUES (124,'sennaco@donware.com','54065','CA','San Jose','4713 8-street','4338685121');
INSERT INTO Customer(customerID,email,postal_code,state,city,street,phone_number) VALUES (125,'ydenooyer@hottechi.com','84229','AZ','Irving','5674 15-street','4780845956');
INSERT INTO Customer(customerID,email,postal_code,state,city,street,phone_number) VALUES (126,'bperruzza@dambase.com','99594','TX','Chandler','3723 8-street','2802965981');
INSERT INTO Customer(customerID,email,postal_code,state,city,street,phone_number) VALUES (127,'gherritt@kinnamplus.com','84479','KY','Oklahoma City','6084 21-street','1663206433');
INSERT INTO Customer(customerID,email,postal_code,state,city,street,phone_number) VALUES (128,'skonopacki@kan-code.com','34026','OH','Stockton','1105 17-street','4117001917');
INSERT INTO Customer(customerID,email,postal_code,state,city,street,phone_number) VALUES (129,'fcartan@hatfan.com','41937','IL','Chicago','925 5-street','3577974876');
INSERT INTO Customer(customerID,email,postal_code,state,city,street,phone_number) VALUES (130,'ajeanty@inity.com','48258','TX','San Antonio','1166 6-street','5251353255');
INSERT INTO Customer(customerID,email,postal_code,state,city,street,phone_number) VALUES (131,'moles@rantouch.com','19397','CA','Lubbock','9431 5-street','6638700004');
INSERT INTO Customer(customerID,email,postal_code,state,city,street,phone_number) VALUES (132,'gmaillard@rangreen.com','56460','NM','Milwaukee','1676 3-street','1467865334');
INSERT INTO Customer(customerID,email,postal_code,state,city,street,phone_number) VALUES (133,'msayaphon@gogozoom.com','72497','VA','Mesa','42 16-street','0574418772');
INSERT INTO Customer(customerID,email,postal_code,state,city,street,phone_number) VALUES (134,'tabdallah@stanredtax.com','42250','CA','Tucson','7797 10-street','6962135593');
INSERT INTO Customer(customerID,email,postal_code,state,city,street,phone_number) VALUES (135,'lhanafan@kinnamplus.com','84193','CA','St. Louis','2706 15-street','0771910514');
INSERT INTO Customer(customerID,email,postal_code,state,city,street,phone_number) VALUES (136,'cdhamer@donquadtech.com','46138','MD','Nashville-Davidson','4184 6-street','1176395163');
INSERT INTO Customer(customerID,email,postal_code,state,city,street,phone_number) VALUES (137,'ajulia@codehow.com','06358','CA','Fresno','7953 21-street','7840890296');
INSERT INTO Customer(customerID,email,postal_code,state,city,street,phone_number) VALUES (138,'cmccullan@zumgoity.com','23085','CA','St. Louis','9963 13-street','1642986115');
INSERT INTO Customer(customerID,email,postal_code,state,city,street,phone_number) VALUES (139,'cflosi@kinnamplus.com','26660','AZ','Irving','7349 6-street','1227792338');
INSERT INTO Customer(customerID,email,postal_code,state,city,street,phone_number) VALUES (140,'lscheyer@nam-zim.com','95844','FL','Fort Wayne','2180 9-street','9657645181');
INSERT INTO Customer(customerID,email,postal_code,state,city,street,phone_number) VALUES (141,'cmartabano@openlane.com','12818','CA','San Diego','3167 7-street','1918490671');
INSERT INTO Customer(customerID,email,postal_code,state,city,street,phone_number) VALUES (142,'afortino@funholding.com','37586','ID','Fremont','3288 10-street','4806391667');
INSERT INTO Customer(customerID,email,postal_code,state,city,street,phone_number) VALUES (143,'mpaa@warephase.com','87887','CA','Los Angeles','2010 15-street','7279194125');
INSERT INTO Customer(customerID,email,postal_code,state,city,street,phone_number) VALUES (144,'gperin@silis.com','83107','NC','Norfolk','7133 19-street','8717641687');
INSERT INTO Customer(customerID,email,postal_code,state,city,street,phone_number) VALUES (145,'mchui@statholdings.com','08005','AZ','Albuquerque','2559 7-street','2191200911');
INSERT INTO Customer(customerID,email,postal_code,state,city,street,phone_number) VALUES (146,NULL,'83998','PA','Philadelphia','2931 15-street','8766862073');
INSERT INTO Customer(customerID,email,postal_code,state,city,street,phone_number) VALUES (147,'yahle@streethex.com','60657','CA','Fresno','2734 8-street','9687932029');
INSERT INTO Customer(customerID,email,postal_code,state,city,street,phone_number) VALUES (148,NULL,'29561','CA','St. Louis','4788 13-street','8452864290');
INSERT INTO Customer(customerID,email,postal_code,state,city,street,phone_number) VALUES (149,'bpaulas@plussunin.com','09747','CA','Miami','5981 6-street','6684801631');
INSERT INTO Customer(customerID,email,postal_code,state,city,street,phone_number) VALUES (150,'ecronauer@groovestreet.com','76401','TX','Dallas','7673 4-street','2879694252');
INSERT INTO Customer(customerID,email,postal_code,state,city,street,phone_number) VALUES (151,'svanheusen@cancity.com','39011','NC','Omaha','4326 4-street','1240555259');
INSERT INTO Customer(customerID,email,postal_code,state,city,street,phone_number) VALUES (152,'moles@donquadtech.com','42239','CO','Atlanta','6039 19-street','6974941499');
INSERT INTO Customer(customerID,email,postal_code,state,city,street,phone_number) VALUES (153,'gsarbacher@blackzim.com','14994','OH','Tulsa','2024 15-street','6295451915');
INSERT INTO Customer(customerID,email,postal_code,state,city,street,phone_number) VALUES (154,'mcallaro@bioholding.com','48103','TX','Madison','2569 5-street','0243788652');
INSERT INTO Customer(customerID,email,postal_code,state,city,street,phone_number) VALUES (155,NULL,'44325','LA','Arlington','5977 11-street','5596193040');
INSERT INTO Customer(customerID,email,postal_code,state,city,street,phone_number) VALUES (156,'jslayton@statholdings.com','12799','AZ','Phoenix','8462 15-street','1236534535');
INSERT INTO Customer(customerID,email,postal_code,state,city,street,phone_number) VALUES (157,NULL,'82493','IN','Chula Vista','7505 19-street','1838362574');
INSERT INTO Customer(customerID,email,postal_code,state,city,street,phone_number) VALUES (158,'rsaulter@dontechi.com','46412','TX','Baton Rouge','3624 9-street','0716893246');
INSERT INTO Customer(customerID,email,postal_code,state,city,street,phone_number) VALUES (159,'imaisto@openlane.com','12065','CA','San Francisco','5738 9-street','1156055216');
INSERT INTO Customer(customerID,email,postal_code,state,city,street,phone_number) VALUES (160,'dsaras@treequote.com','48263','CA','Los Angeles','7425 17-street','7588109962');
INSERT INTO Customer(customerID,email,postal_code,state,city,street,phone_number) VALUES (161,'criopelle@finjob.com','85733','OH','Columbus','5787 17-street','9573149559');
INSERT INTO Customer(customerID,email,postal_code,state,city,street,phone_number) VALUES (162,'mvillanueva@labdrill.com','67662','OH','Columbus','2955 10-street','3109017782');
INSERT INTO Customer(customerID,email,postal_code,state,city,street,phone_number) VALUES (163,'mwesterbeck@zoomit.com','52081','AZ','Kansas City','816 3-street','0429265150');
INSERT INTO Customer(customerID,email,postal_code,state,city,street,phone_number) VALUES (164,'akeneipp@doncon.com','37156','FL','Garland','3358 12-street','6213841839');
INSERT INTO Customer(customerID,email,postal_code,state,city,street,phone_number) VALUES (165,'rsteier@year-job.com','64306','AK','Pittsburgh','4586 2-street','2448223307');
INSERT INTO Customer(customerID,email,postal_code,state,city,street,phone_number) VALUES (166,'jloader@konex.com','00594','CO','Atlanta','287 14-street','1385393650');
INSERT INTO Customer(customerID,email,postal_code,state,city,street,phone_number) VALUES (167,'mcampain@kan-code.com','98298','MD','Nashville-Davidson','3074 4-street','8342833432');
INSERT INTO Customer(customerID,email,postal_code,state,city,street,phone_number) VALUES (168,'rjuhas@mathtouch.com','53411','FL','Jacksonville','5088 21-street','7806684354');
INSERT INTO Customer(customerID,email,postal_code,state,city,street,phone_number) VALUES (169,'vschoeneck@konex.com','40411','TX','Chandler','7525 13-street','1894843505');
INSERT INTO Customer(customerID,email,postal_code,state,city,street,phone_number) VALUES (170,NULL,'11958','TX','Riverside','3844 8-street','1442090615');
INSERT INTO Customer(customerID,email,postal_code,state,city,street,phone_number) VALUES (171,'aharnos@newex.com','00132','MI','Detroit','3229 12-street','5108865591');
INSERT INTO Customer(customerID,email,postal_code,state,city,street,phone_number) VALUES (172,'sthreets@konmatfix.com','43926','CA','Jersey City','5321 11-street','0391486606');
INSERT INTO Customer(customerID,email,postal_code,state,city,street,phone_number) VALUES (173,NULL,'51945','TX','El Paso','8233 7-street','6334107866');
INSERT INTO Customer(customerID,email,postal_code,state,city,street,phone_number) VALUES (174,'cflosi@golddex.com','17943','NC','Irvine','8190 8-street','9462231438');
INSERT INTO Customer(customerID,email,postal_code,state,city,street,phone_number) VALUES (175,'clary@cancity.com','83973','OK','Baltimore','6816 9-street','2142886925');
INSERT INTO Customer(customerID,email,postal_code,state,city,street,phone_number) VALUES (176,NULL,'81079','TN','Boston','8644 8-street','6640565822');
INSERT INTO Customer(customerID,email,postal_code,state,city,street,phone_number) VALUES (177,'tflister@betasoloin.com','54129','TN','Memphis','6309 8-street','3764051258');
INSERT INTO Customer(customerID,email,postal_code,state,city,street,phone_number) VALUES (178,'lscriven@xx-zobam.com','24603','FL','Bakersfield','4719 12-street','1547387581');
INSERT INTO Customer(customerID,email,postal_code,state,city,street,phone_number) VALUES (179,'smontezuma@sonron.com','94996','CA','Jersey City','2629 21-street','0848513693');
INSERT INTO Customer(customerID,email,postal_code,state,city,street,phone_number) VALUES (180,'amiro@scottech.com','05028','TX','Chandler','3387 1-street','5900619971');
INSERT INTO Customer(customerID,email,postal_code,state,city,street,phone_number) VALUES (181,'dcorbley@dontechi.com','97479','AZ','Albuquerque','4577 2-street','9760595092');
INSERT INTO Customer(customerID,email,postal_code,state,city,street,phone_number) VALUES (182,'lplumer@year-job.com','72164','NC','Norfolk','4018 12-street','3404435431');
INSERT INTO Customer(customerID,email,postal_code,state,city,street,phone_number) VALUES (183,'dwiklund@rantouch.com','05460','TX','Dallas','5840 7-street','0119161628');
INSERT INTO Customer(customerID,email,postal_code,state,city,street,phone_number) VALUES (184,'jbuvens@openlane.com','55959','WI','Durham','6697 7-street','2638845007');
INSERT INTO Customer(customerID,email,postal_code,state,city,street,phone_number) VALUES (185,NULL,'85130','TX','Fort Worth','2069 3-street','5607353093');
INSERT INTO Customer(customerID,email,postal_code,state,city,street,phone_number) VALUES (186,'rpalaspas@plussunin.com','73720','GA','Virginia Beach','4880 6-street','7466598499');
INSERT INTO Customer(customerID,email,postal_code,state,city,street,phone_number) VALUES (187,'lbiddy@doncon.com','97646','CA','Anchorage','249 12-street','8807995442');
INSERT INTO Customer(customerID,email,postal_code,state,city,street,phone_number) VALUES (188,'cwaymire@bioholding.com','58840','HI','Tampa','1469 9-street','7178971215');
INSERT INTO Customer(customerID,email,postal_code,state,city,street,phone_number) VALUES (189,'mvanheusen@betatech.com','33005','NC','Charlotte','774 9-street','0752224067');
INSERT INTO Customer(customerID,email,postal_code,state,city,street,phone_number) VALUES (190,'rshealy@zotware.com','45686','WI','Las Vegas','4815 2-street','4812049826');
INSERT INTO Customer(customerID,email,postal_code,state,city,street,phone_number) VALUES (191,'vlukasik@groovestreet.com','60719','NV','Portland','4562 6-street','1681270085');
INSERT INTO Customer(customerID,email,postal_code,state,city,street,phone_number) VALUES (192,NULL,'86956','NY','New York','9567 7-street','2249310659');
INSERT INTO Customer(customerID,email,postal_code,state,city,street,phone_number) VALUES (193,'ekarpel@fasehatice.com','67769','NY','New York','4538 11-street','3982767982');
INSERT INTO Customer(customerID,email,postal_code,state,city,street,phone_number) VALUES (194,'cboord@yearin.com','15360','AZ','Albuquerque','8006 18-street','6217686131');
INSERT INTO Customer(customerID,email,postal_code,state,city,street,phone_number) VALUES (195,'rgillaspie@bioholding.com','67579','OR','Louisville/Jefferson County','9377 21-street','7607870807');
INSERT INTO Customer(customerID,email,postal_code,state,city,street,phone_number) VALUES (196,'lhengel@blackzim.com','40803','CA','San Jose','2877 4-street','1158576713');
INSERT INTO Customer(customerID,email,postal_code,state,city,street,phone_number) VALUES (197,'cnabours@iselectrics.com','85535','CA','Aurora','6325 8-street','1622683978');
INSERT INTO Customer(customerID,email,postal_code,state,city,street,phone_number) VALUES (198,'dperruzza@rangreen.com','09581','HI','Tampa','1170 11-street','3329795636');
INSERT INTO Customer(customerID,email,postal_code,state,city,street,phone_number) VALUES (199,'afrancescon@lexiqvolax.com','22531','CA','Fresno','3306 8-street','1122666043');
INSERT INTO Customer(customerID,email,postal_code,state,city,street,phone_number) VALUES (200,NULL,'87425','TX','Houston','8234 7-street','2853350704');



--- Individual--
INSERT INTO Individual(license_number,first_name,last_name,customerID) VALUES ('C8583214663','Gladys','Ennaco',1);
INSERT INTO Individual(license_number,first_name,last_name,customerID) VALUES ('C3902566508','Rolland','Lother',2);
INSERT INTO Individual(license_number,first_name,last_name,customerID) VALUES ('A0262371356','Taryn','Emigh',3);
INSERT INTO Individual(license_number,first_name,last_name,customerID) VALUES ('A7682641151','Alpha','Walthall',4);
INSERT INTO Individual(license_number,first_name,last_name,customerID) VALUES ('A0673790301','Gail','Bitsuie',5);
INSERT INTO Individual(license_number,first_name,last_name,customerID) VALUES ('A0615216027','Van','Mai',6);
INSERT INTO Individual(license_number,first_name,last_name,customerID) VALUES ('B1456216849','Tonette','Bayless',7);
INSERT INTO Individual(license_number,first_name,last_name,customerID) VALUES ('A0184779785','Stephaine','Konopacki',8);
INSERT INTO Individual(license_number,first_name,last_name,customerID) VALUES ('B0794790966','Cecil','Hamilton',9);
INSERT INTO Individual(license_number,first_name,last_name,customerID) VALUES ('C4777906028','Tamar','Mai',10);
INSERT INTO Individual(license_number,first_name,last_name,customerID) VALUES ('D8191703970','Lucina','Corrington',11);
INSERT INTO Individual(license_number,first_name,last_name,customerID) VALUES ('D6327656680','Mitsue','Adkin',12);
INSERT INTO Individual(license_number,first_name,last_name,customerID) VALUES ('C4236470136','Moon','Kannady',13);
INSERT INTO Individual(license_number,first_name,last_name,customerID) VALUES ('A5896813739','Carin','Bartolet',14);
INSERT INTO Individual(license_number,first_name,last_name,customerID) VALUES ('C8766275993','Mitsue','Harabedian',15);
INSERT INTO Individual(license_number,first_name,last_name,customerID) VALUES ('D1415748069','Carmelina','Pontoriero',16);
INSERT INTO Individual(license_number,first_name,last_name,customerID) VALUES ('C6252173359','Micaela','Wiklund',17);
INSERT INTO Individual(license_number,first_name,last_name,customerID) VALUES ('C7780413175','Helaine','Rim',18);
INSERT INTO Individual(license_number,first_name,last_name,customerID) VALUES ('D3479521146','Garry','Parlato',19);
INSERT INTO Individual(license_number,first_name,last_name,customerID) VALUES ('B7194397683','Rodolfo','Diestel',20);
INSERT INTO Individual(license_number,first_name,last_name,customerID) VALUES ('C3225068735','Lai','Montezuma',21);
INSERT INTO Individual(license_number,first_name,last_name,customerID) VALUES ('C4299342425','Lai','Ferrario',22);
INSERT INTO Individual(license_number,first_name,last_name,customerID) VALUES ('A5517572915','Carmela','Duenas',23);
INSERT INTO Individual(license_number,first_name,last_name,customerID) VALUES ('C7549511819','Sharee','Poquette',24);
INSERT INTO Individual(license_number,first_name,last_name,customerID) VALUES ('B9946174152','Leota','Acuff',25);
INSERT INTO Individual(license_number,first_name,last_name,customerID) VALUES ('A0310274381','Stephaine','Reitler',26);
INSERT INTO Individual(license_number,first_name,last_name,customerID) VALUES ('B2440929697','Lizbeth','Craghead',27);
INSERT INTO Individual(license_number,first_name,last_name,customerID) VALUES ('D4831519171','Leslie','Kines',28);
INSERT INTO Individual(license_number,first_name,last_name,customerID) VALUES ('D5508697748','Aja','Butzen',29);
INSERT INTO Individual(license_number,first_name,last_name,customerID) VALUES ('D9669540937','Sabra','Keener',30);
INSERT INTO Individual(license_number,first_name,last_name,customerID) VALUES ('C9346888737','Franklyn','Wiklund',31);
INSERT INTO Individual(license_number,first_name,last_name,customerID) VALUES ('C2317543508','Bobbye','Galam',32);
INSERT INTO Individual(license_number,first_name,last_name,customerID) VALUES ('B1852208630','Lashawnda','Feichtner',33);
INSERT INTO Individual(license_number,first_name,last_name,customerID) VALUES ('C8969012326','Rodolfo','Butzen',34);
INSERT INTO Individual(license_number,first_name,last_name,customerID) VALUES ('B6847040699','Nan','Lace',35);
INSERT INTO Individual(license_number,first_name,last_name,customerID) VALUES ('A9416682035','Rebecka','Juhas',36);
INSERT INTO Individual(license_number,first_name,last_name,customerID) VALUES ('A5090337834','Nan','Restrepo',37);
INSERT INTO Individual(license_number,first_name,last_name,customerID) VALUES ('A0936623718','Roosevelt','Tagala',38);
INSERT INTO Individual(license_number,first_name,last_name,customerID) VALUES ('A3710653626','Thaddeus','Fritz',39);
INSERT INTO Individual(license_number,first_name,last_name,customerID) VALUES ('C0673239779','Yuki','Ryser',40);
INSERT INTO Individual(license_number,first_name,last_name,customerID) VALUES ('A5530386031','Becky','Mallett',41);
INSERT INTO Individual(license_number,first_name,last_name,customerID) VALUES ('B5196684007','Sharika','Mauson',42);
INSERT INTO Individual(license_number,first_name,last_name,customerID) VALUES ('C1217659257','Trinidad','Labreche',43);
INSERT INTO Individual(license_number,first_name,last_name,customerID) VALUES ('C4987856002','Flo','Acuff',44);
INSERT INTO Individual(license_number,first_name,last_name,customerID) VALUES ('C3289101401','Irma','Deleo',45);
INSERT INTO Individual(license_number,first_name,last_name,customerID) VALUES ('C4363694061','Edna','Miceli',46);
INSERT INTO Individual(license_number,first_name,last_name,customerID) VALUES ('B7131079555','Annmarie','Haroldson',47);
INSERT INTO Individual(license_number,first_name,last_name,customerID) VALUES ('A5269443254','Lenna','Darakjy',48);
INSERT INTO Individual(license_number,first_name,last_name,customerID) VALUES ('C0266219877','Rolland','Arias',49);
INSERT INTO Individual(license_number,first_name,last_name,customerID) VALUES ('A5415348781','Viva','Loader',50);
INSERT INTO Individual(license_number,first_name,last_name,customerID) VALUES ('A1981245672','Cristal','Louissant',51);
INSERT INTO Individual(license_number,first_name,last_name,customerID) VALUES ('D5598201847','Geoffrey','Tawil',52);
INSERT INTO Individual(license_number,first_name,last_name,customerID) VALUES ('B0867624567','Fletcher','Vinning',53);
INSERT INTO Individual(license_number,first_name,last_name,customerID) VALUES ('A8298794557','Alaine','Mallett',54);
INSERT INTO Individual(license_number,first_name,last_name,customerID) VALUES ('B1731449781','Bulah','Weight',55);
INSERT INTO Individual(license_number,first_name,last_name,customerID) VALUES ('A1309865728','Ryan','Feichtner',56);
INSERT INTO Individual(license_number,first_name,last_name,customerID) VALUES ('C6109199686','Lorean','Daufeldt',57);
INSERT INTO Individual(license_number,first_name,last_name,customerID) VALUES ('A7586405617','Theola','Bruschke',58);
INSERT INTO Individual(license_number,first_name,last_name,customerID) VALUES ('C3378134863','Wynell','Bookamer',59);
INSERT INTO Individual(license_number,first_name,last_name,customerID) VALUES ('C5341904042','Bernardine','Estell',60);
INSERT INTO Individual(license_number,first_name,last_name,customerID) VALUES ('B4608992876','Iluminada','Francescon',61);
INSERT INTO Individual(license_number,first_name,last_name,customerID) VALUES ('A6689897244','Lettie','Perruzza',62);
INSERT INTO Individual(license_number,first_name,last_name,customerID) VALUES ('A2135848728','Avery','Reitler',63);
INSERT INTO Individual(license_number,first_name,last_name,customerID) VALUES ('C2838238369','Skye','Rodenberger',64);
INSERT INTO Individual(license_number,first_name,last_name,customerID) VALUES ('A9149940556','Cathrine','Tawil',65);
INSERT INTO Individual(license_number,first_name,last_name,customerID) VALUES ('D0665878931','Nan','Butzen',66);
INSERT INTO Individual(license_number,first_name,last_name,customerID) VALUES ('B0838220816','Leota','Bourbon',67);
INSERT INTO Individual(license_number,first_name,last_name,customerID) VALUES ('D6889152867','Kanisha','Flister',68);
INSERT INTO Individual(license_number,first_name,last_name,customerID) VALUES ('C1967459004','Mona','Reitler',69);
INSERT INTO Individual(license_number,first_name,last_name,customerID) VALUES ('A1663169974','Gilma','Poullion',70);
INSERT INTO Individual(license_number,first_name,last_name,customerID) VALUES ('A9525842110','Bernardine','Hochard',71);
INSERT INTO Individual(license_number,first_name,last_name,customerID) VALUES ('C0222944298','Cristy','Corrington',72);
INSERT INTO Individual(license_number,first_name,last_name,customerID) VALUES ('D3731035683','Luisa','Drymon',73);
INSERT INTO Individual(license_number,first_name,last_name,customerID) VALUES ('C5399342731','Cherry','Bourbon',74);
INSERT INTO Individual(license_number,first_name,last_name,customerID) VALUES ('B6710742108','Kimberlie','Skulski',75);
INSERT INTO Individual(license_number,first_name,last_name,customerID) VALUES ('C7183960183','Amie','Pelkowski',76);
INSERT INTO Individual(license_number,first_name,last_name,customerID) VALUES ('B4419028056','Ma','Caiafa',77);
INSERT INTO Individual(license_number,first_name,last_name,customerID) VALUES ('D5713874463','Jina','Kitty',78);
INSERT INTO Individual(license_number,first_name,last_name,customerID) VALUES ('A4599693068','Raymon','Monterrubio',79);
INSERT INTO Individual(license_number,first_name,last_name,customerID) VALUES ('C3839849069','Melodie','Tollner',80);
INSERT INTO Individual(license_number,first_name,last_name,customerID) VALUES ('B3290593615','Nu','Perigo',81);
INSERT INTO Individual(license_number,first_name,last_name,customerID) VALUES ('C3612640531','Herman','Waycott',82);
INSERT INTO Individual(license_number,first_name,last_name,customerID) VALUES ('D9676746157','Lashandra','Buzick',83);
INSERT INTO Individual(license_number,first_name,last_name,customerID) VALUES ('B9892813591','Izetta','Shields',84);
INSERT INTO Individual(license_number,first_name,last_name,customerID) VALUES ('B6082349948','Ceola','Sawchuk',85);
INSERT INTO Individual(license_number,first_name,last_name,customerID) VALUES ('B6334165149','Jovita','Sayaphon',86);
INSERT INTO Individual(license_number,first_name,last_name,customerID) VALUES ('A9361688715','Mozell','Angalich',87);
INSERT INTO Individual(license_number,first_name,last_name,customerID) VALUES ('D2498998888','Melodie','Paulas',88);
INSERT INTO Individual(license_number,first_name,last_name,customerID) VALUES ('B6923660033','Nu','Theodorov',89);
INSERT INTO Individual(license_number,first_name,last_name,customerID) VALUES ('D4519725290','Lucina','Ostolaza',90);
INSERT INTO Individual(license_number,first_name,last_name,customerID) VALUES ('B5346544142','Eun','Smith',91);
INSERT INTO Individual(license_number,first_name,last_name,customerID) VALUES ('C8271029908','Veronika','Dilliard',92);
INSERT INTO Individual(license_number,first_name,last_name,customerID) VALUES ('B1961357406','Art','Devreese',93);
INSERT INTO Individual(license_number,first_name,last_name,customerID) VALUES ('D0473669739','Laurel','Jurney',94);
INSERT INTO Individual(license_number,first_name,last_name,customerID) VALUES ('D7912550520','Erick','Hoogland',95);
INSERT INTO Individual(license_number,first_name,last_name,customerID) VALUES ('B8859030244','Estrella','Calvaresi',96);
INSERT INTO Individual(license_number,first_name,last_name,customerID) VALUES ('B4925230252','Youlanda','Karpin',97);
INSERT INTO Individual(license_number,first_name,last_name,customerID) VALUES ('A0461291890','Joni','Acuff',98);
INSERT INTO Individual(license_number,first_name,last_name,customerID) VALUES ('A7800747478','Kate','Nunlee',99);
INSERT INTO Individual(license_number,first_name,last_name,customerID) VALUES ('B6010570650','Salome','Harnos',100);
INSERT INTO Individual(license_number,first_name,last_name,customerID) VALUES ('B1715775889','Zona','Discipio',101);
INSERT INTO Individual(license_number,first_name,last_name,customerID) VALUES ('C4774668646','Lonny','Patak',102);
INSERT INTO Individual(license_number,first_name,last_name,customerID) VALUES ('D6100357446','Helga','Leto',103);
INSERT INTO Individual(license_number,first_name,last_name,customerID) VALUES ('C8307257184','Ettie','Brachle',104);
INSERT INTO Individual(license_number,first_name,last_name,customerID) VALUES ('A1518047114','Joni','Seewald',105);
INSERT INTO Individual(license_number,first_name,last_name,customerID) VALUES ('B9346967347','Dominque','Karpin',106);
INSERT INTO Individual(license_number,first_name,last_name,customerID) VALUES ('D0760894831','Tyra','Herritt',107);
INSERT INTO Individual(license_number,first_name,last_name,customerID) VALUES ('A2836727024','Lashaunda','Paskin',108);
INSERT INTO Individual(license_number,first_name,last_name,customerID) VALUES ('A7410218307','Detra','Palaia',109);
INSERT INTO Individual(license_number,first_name,last_name,customerID) VALUES ('A1440687124','Erick','Kardas',110);
INSERT INTO Individual(license_number,first_name,last_name,customerID) VALUES ('D1357716930','Virgina','Oldroyd',111);
INSERT INTO Individual(license_number,first_name,last_name,customerID) VALUES ('A3570377285','Abel','Uyetake',112);
INSERT INTO Individual(license_number,first_name,last_name,customerID) VALUES ('D8819452846','Bulah','Boulter',113);
INSERT INTO Individual(license_number,first_name,last_name,customerID) VALUES ('D7602785929','Aja','Juvera',114);
INSERT INTO Individual(license_number,first_name,last_name,customerID) VALUES ('B9782424828','Chaya','Rochin',115);
INSERT INTO Individual(license_number,first_name,last_name,customerID) VALUES ('A2580734753','Pamella','Klusman',116);
INSERT INTO Individual(license_number,first_name,last_name,customerID) VALUES ('B3918027523','Lorrie','Briddick',117);
INSERT INTO Individual(license_number,first_name,last_name,customerID) VALUES ('B2598969914','Clay','Yori',118);
INSERT INTO Individual(license_number,first_name,last_name,customerID) VALUES ('D2600960022','Lilli','Buvens',119);
INSERT INTO Individual(license_number,first_name,last_name,customerID) VALUES ('B8786618373','Cammy','Kulzer',120);
INSERT INTO Individual(license_number,first_name,last_name,customerID) VALUES ('D5269489570','Adell','Dewar',121);
INSERT INTO Individual(license_number,first_name,last_name,customerID) VALUES ('A3383028473','Benedict','Maile',122);
INSERT INTO Individual(license_number,first_name,last_name,customerID) VALUES ('A4532111602','Krissy','Asar',123);
INSERT INTO Individual(license_number,first_name,last_name,customerID) VALUES ('A0135356446','Marti','Sarbacher',124);
INSERT INTO Individual(license_number,first_name,last_name,customerID) VALUES ('A9302873941','Helene','Tollner',125);
INSERT INTO Individual(license_number,first_name,last_name,customerID) VALUES ('A4688720947','Elvera','Kiel',126);
INSERT INTO Individual(license_number,first_name,last_name,customerID) VALUES ('C5211782393','Arthur','Colla',127);
INSERT INTO Individual(license_number,first_name,last_name,customerID) VALUES ('C6220644674','Shenika','Dorshorst',128);
INSERT INTO Individual(license_number,first_name,last_name,customerID) VALUES ('C2423333296','Melodie','Morocco',129);
INSERT INTO Individual(license_number,first_name,last_name,customerID) VALUES ('B2638494209','Nickolas','Manno',130);
INSERT INTO Individual(license_number,first_name,last_name,customerID) VALUES ('A3910339352','Dierdre','Stimmel',131);
INSERT INTO Individual(license_number,first_name,last_name,customerID) VALUES ('C0844073746','Jenelle','Brideau',132);
INSERT INTO Individual(license_number,first_name,last_name,customerID) VALUES ('B8229530311','Leslie','Chui',133);
INSERT INTO Individual(license_number,first_name,last_name,customerID) VALUES ('D0233458616','Regenia','Fortino',134);
INSERT INTO Individual(license_number,first_name,last_name,customerID) VALUES ('A4604249337','Jerry','Butzen',135);
INSERT INTO Individual(license_number,first_name,last_name,customerID) VALUES ('B6364451946','Viva','Hoffis',136);
INSERT INTO Individual(license_number,first_name,last_name,customerID) VALUES ('C7548135047','Lashawnda','Mirafuentes',137);
INSERT INTO Individual(license_number,first_name,last_name,customerID) VALUES ('A7994838891','Ruthann','Riden',138);
INSERT INTO Individual(license_number,first_name,last_name,customerID) VALUES ('B1653942479','Vi','Munis',139);
INSERT INTO Individual(license_number,first_name,last_name,customerID) VALUES ('D4371833181','Carmen','Callaro',140);
INSERT INTO Individual(license_number,first_name,last_name,customerID) VALUES ('B5738835693','Eun','Ahle',141);
INSERT INTO Individual(license_number,first_name,last_name,customerID) VALUES ('C2776254573','Selma','Smith',142);
INSERT INTO Individual(license_number,first_name,last_name,customerID) VALUES ('D6650795352','Gail','Tromblay',143);
INSERT INTO Individual(license_number,first_name,last_name,customerID) VALUES ('A6986218675','Stephen','Poullion',144);
INSERT INTO Individual(license_number,first_name,last_name,customerID) VALUES ('A9661106493','Iluminada','Leinenbach',145);
INSERT INTO Individual(license_number,first_name,last_name,customerID) VALUES ('C3914994260','Mattie','Malet',146);
INSERT INTO Individual(license_number,first_name,last_name,customerID) VALUES ('A4366803067','Rozella','Galam',147);
INSERT INTO Individual(license_number,first_name,last_name,customerID) VALUES ('A7722007632','Cory','Gillaspie',148);
INSERT INTO Individual(license_number,first_name,last_name,customerID) VALUES ('B3463874026','Diane','Amyot',149);
INSERT INTO Individual(license_number,first_name,last_name,customerID) VALUES ('D8832785149','Angella','Buzick',150);
INSERT INTO Individual(license_number,first_name,last_name,customerID) VALUES ('B6301637672','Myra','Luczki',151);
INSERT INTO Individual(license_number,first_name,last_name,customerID) VALUES ('B1984877856','Tiffiny','Heintzman',152);
INSERT INTO Individual(license_number,first_name,last_name,customerID) VALUES ('A2319552942','Markus','Tjepkema',153);
INSERT INTO Individual(license_number,first_name,last_name,customerID) VALUES ('D9223276847','Fatima','Semidey',154);
INSERT INTO Individual(license_number,first_name,last_name,customerID) VALUES ('C7290231462','Rodolfo','Maybury',155);
INSERT INTO Individual(license_number,first_name,last_name,customerID) VALUES ('D5950814801','Moon','Suffield',156);
INSERT INTO Individual(license_number,first_name,last_name,customerID) VALUES ('A8645646644','Salena','Canlas',157);
INSERT INTO Individual(license_number,first_name,last_name,customerID) VALUES ('D8920288787','Barbra','Birkner',158);
INSERT INTO Individual(license_number,first_name,last_name,customerID) VALUES ('C5998099065','Marguerita','Delasancha',159);
INSERT INTO Individual(license_number,first_name,last_name,customerID) VALUES ('B8644575091','Marguerita','Kitty',160);
INSERT INTO Individual(license_number,first_name,last_name,customerID) VALUES ('D5227762827','Howard','Meisel',161);
INSERT INTO Individual(license_number,first_name,last_name,customerID) VALUES ('B3170194836','Latrice','Hanafan',162);

-- Business---
INSERT INTO Business(tin,business_name,first_name,last_name,title,customerID) VALUES ('94-6713384','Y-corporation','Blondell','Silvestrini','Executive Manager R9',163);
INSERT INTO Business(tin,business_name,first_name,last_name,title,customerID) VALUES ('97-5522995','Donquadtech','Lonna','Malet','Fellow R8',164);
INSERT INTO Business(tin,business_name,first_name,last_name,title,customerID) VALUES ('20-2164350','Dalttechnology','Willard','Jayson','Senior Manager L5',165);
INSERT INTO Business(tin,business_name,first_name,last_name,title,customerID) VALUES ('46-6607006','Streethex','Rickie','Funnell','Director R5',166);
INSERT INTO Business(tin,business_name,first_name,last_name,title,customerID) VALUES ('72-7273493','Lexiqvolax','Eden','Cryer','Associate Director R1',167);
INSERT INTO Business(tin,business_name,first_name,last_name,title,customerID) VALUES ('43-3403883','Sunnamplex','Skye','Hudnall','SalesRep L5',168);
INSERT INTO Business(tin,business_name,first_name,last_name,title,customerID) VALUES ('85-5840713','Groovestreet','Margart','Kardas','Scientist M5',169);
INSERT INTO Business(tin,business_name,first_name,last_name,title,customerID) VALUES ('18-3775909','Sonron','Ceola','Tollner','Manager M3',170);
INSERT INTO Business(tin,business_name,first_name,last_name,title,customerID) VALUES ('06-8876566','Xx-zobam','Chau','Ragel','Manager R6',171);
INSERT INTO Business(tin,business_name,first_name,last_name,title,customerID) VALUES ('87-8575736','Plusstrip','Sylvia','Sahagun','SalesRep R2',172);
INSERT INTO Business(tin,business_name,first_name,last_name,title,customerID) VALUES ('82-8184602','Newex','Yvonne','Gochal','Manager R2',173);
INSERT INTO Business(tin,business_name,first_name,last_name,title,customerID) VALUES ('68-4606539','Treequote','Delmy','Sweely','Scientist R5',174);
INSERT INTO Business(tin,business_name,first_name,last_name,title,customerID) VALUES ('07-2036529','Funholding','Levi','Gellinger','Fellow M2',175);
INSERT INTO Business(tin,business_name,first_name,last_name,title,customerID) VALUES ('96-6692589','Iselectrics','Danica','Skulski','SalesRep M2',176);
INSERT INTO Business(tin,business_name,first_name,last_name,title,customerID) VALUES ('31-3545908','Opentech','Fabiola','Toyama','Senior Manager R7',177);
INSERT INTO Business(tin,business_name,first_name,last_name,title,customerID) VALUES ('59-9733673','Zencorporation','Raul','Sarbacher','Senior Scientist M1',178);
INSERT INTO Business(tin,business_name,first_name,last_name,title,customerID) VALUES ('29-6662491','Scottech','Marti','Mccullan','Director M1',179);
INSERT INTO Business(tin,business_name,first_name,last_name,title,customerID) VALUES ('50-0389893','Konex','Fletcher','Lipke','Associate Fellow M8',180);
INSERT INTO Business(tin,business_name,first_name,last_name,title,customerID) VALUES ('48-6768847','Hottechi','Amber','Hughey','Fellow M7',181);
INSERT INTO Business(tin,business_name,first_name,last_name,title,customerID) VALUES ('84-6387554','Rundofase','Willow','Tawil','Senior Director L5',182);
INSERT INTO Business(tin,business_name,first_name,last_name,title,customerID) VALUES ('83-3496482','Plussunin','Mattie','Kaniecki','Fellow R2',183);
INSERT INTO Business(tin,business_name,first_name,last_name,title,customerID) VALUES ('17-3450014','Dalttechnology','Lawrence','Steier','Associate Director M2',184);
INSERT INTO Business(tin,business_name,first_name,last_name,title,customerID) VALUES ('35-9898298','Yearin','Daniela','Blackwood','Scientist R3',185);
INSERT INTO Business(tin,business_name,first_name,last_name,title,customerID) VALUES ('94-7914925','Fasehatice','Allene','Denooyer','Executive Manager R8',186);
INSERT INTO Business(tin,business_name,first_name,last_name,title,customerID) VALUES ('33-2934805','Condax','Jovita','Kolmetz','Senior Scientist M6',187);
INSERT INTO Business(tin,business_name,first_name,last_name,title,customerID) VALUES ('64-7492958','Treequote','Weldon','Hamilton','Manager R6',188);
INSERT INTO Business(tin,business_name,first_name,last_name,title,customerID) VALUES ('92-9016618','Openlane','Fannie','Angalich','Director R2',189);
INSERT INTO Business(tin,business_name,first_name,last_name,title,customerID) VALUES ('46-7746081','Golddex','Gayla','Klonowski','Senior Scientist M7',190);
INSERT INTO Business(tin,business_name,first_name,last_name,title,customerID) VALUES ('72-6876442','Condax','Malcolm','Meisel','Senior Director M8',191);
INSERT INTO Business(tin,business_name,first_name,last_name,title,customerID) VALUES ('81-7754883','Toughzap','Alishia','Hiatt','Manager M3',192);
INSERT INTO Business(tin,business_name,first_name,last_name,title,customerID) VALUES ('62-4702974','Rundofase','Chaya','Wolfgramm','Senior Director R3',193);
INSERT INTO Business(tin,business_name,first_name,last_name,title,customerID) VALUES ('24-4045456','Dalttechnology','Louisa','Labreche','Senior Scientist R9',194);
INSERT INTO Business(tin,business_name,first_name,last_name,title,customerID) VALUES ('49-9516264','Kinnamplus','Kristeen','Blackwood','Associate Director M9',195);
INSERT INTO Business(tin,business_name,first_name,last_name,title,customerID) VALUES ('50-9862780','Sumace','Eun','Mondella','Researcher L1',196);
INSERT INTO Business(tin,business_name,first_name,last_name,title,customerID) VALUES ('49-0400043','Bioholding','Francine','Devreese','Senior Manager R7',197);
INSERT INTO Business(tin,business_name,first_name,last_name,title,customerID) VALUES ('51-0247747','Opentech','Margart','Juvera','Associate Director R4',198);
INSERT INTO Business(tin,business_name,first_name,last_name,title,customerID) VALUES ('05-7673774','Kinnamplus','Leonida','Buzick','Senior Director M8',199);
INSERT INTO Business(tin,business_name,first_name,last_name,title,customerID) VALUES ('22-1607231','Openlane','Chanel','Maisto','SalesRep L1',200);


-- Purchase
INSERT INTO Purchase(PurchaseID,purchase_date,condition_at_purchase,purchase_price,userID,vin,customerID) VALUES (1,'2022-07-02','Very Good',6854.51,11,'Z8KJQAZ0L2C379316',13);
INSERT INTO Purchase(PurchaseID,purchase_date,condition_at_purchase,purchase_price,userID,vin,customerID) VALUES (2,'2022-07-08','Excellent',5324.31,23,'2YHAF0V8512939431',7);
INSERT INTO Purchase(PurchaseID,purchase_date,condition_at_purchase,purchase_price,userID,vin,customerID) VALUES (3,'2022-07-08','Good',2016.09,11,'6WRD8C6784B120048',59);
INSERT INTO Purchase(PurchaseID,purchase_date,condition_at_purchase,purchase_price,userID,vin,customerID) VALUES (4,'2022-07-08','Very Good',1275.43,11,'V08JG7APNII434369',36);
INSERT INTO Purchase(PurchaseID,purchase_date,condition_at_purchase,purchase_price,userID,vin,customerID) VALUES (5,'2022-07-09','Very Good',5950.47,11,'06E4W168GDV777330',113);
INSERT INTO Purchase(PurchaseID,purchase_date,condition_at_purchase,purchase_price,userID,vin,customerID) VALUES (6,'2022-07-11','Excellent',4113.86,7,'8JVUFKHA0TM075506',82);
INSERT INTO Purchase(PurchaseID,purchase_date,condition_at_purchase,purchase_price,userID,vin,customerID) VALUES (7,'2022-07-12','Fair',4514.43,5,'1J538YW76YE281757',136);
INSERT INTO Purchase(PurchaseID,purchase_date,condition_at_purchase,purchase_price,userID,vin,customerID) VALUES (8,'2022-07-12','Very Good',5343.71,6,'3EAZYH5SPE8904041',76);
INSERT INTO Purchase(PurchaseID,purchase_date,condition_at_purchase,purchase_price,userID,vin,customerID) VALUES (9,'2022-07-12','Good',2513.32,17,'KE1QKPKS6Q8459351',53);
INSERT INTO Purchase(PurchaseID,purchase_date,condition_at_purchase,purchase_price,userID,vin,customerID) VALUES (10,'2022-07-12','Good',3220.80,16,'WWMN8RWHPDM674733',63);
INSERT INTO Purchase(PurchaseID,purchase_date,condition_at_purchase,purchase_price,userID,vin,customerID) VALUES (11,'2022-07-15','Fair',7257.96,12,'M3VW8YIQKWT779745',79);
INSERT INTO Purchase(PurchaseID,purchase_date,condition_at_purchase,purchase_price,userID,vin,customerID) VALUES (12,'2022-07-16','Fair',6147.57,20,'NJFDCKXL34E222565',6);
INSERT INTO Purchase(PurchaseID,purchase_date,condition_at_purchase,purchase_price,userID,vin,customerID) VALUES (13,'2022-07-18','Good',4281.06,23,'1GIQVMBR2A2798107',33);
INSERT INTO Purchase(PurchaseID,purchase_date,condition_at_purchase,purchase_price,userID,vin,customerID) VALUES (14,'2022-07-18','Very Good',4422.04,7,'BW4Z2PQG761237438',149);
INSERT INTO Purchase(PurchaseID,purchase_date,condition_at_purchase,purchase_price,userID,vin,customerID) VALUES (15,'2022-07-19','Good',1858.77,16,'4BSRNVZZ2CQ691731',185);
INSERT INTO Purchase(PurchaseID,purchase_date,condition_at_purchase,purchase_price,userID,vin,customerID) VALUES (16,'2022-07-19','Fair',1858.77,23,'NF2DBQEFZ0N234783',168);
INSERT INTO Purchase(PurchaseID,purchase_date,condition_at_purchase,purchase_price,userID,vin,customerID) VALUES (17,'2022-07-21','Very Good',2815.81,14,'1M1GEHMECS1730055',59);
INSERT INTO Purchase(PurchaseID,purchase_date,condition_at_purchase,purchase_price,userID,vin,customerID) VALUES (18,'2022-07-22','Very Good',3265.98,12,'W17V1HTH5IW129737',18);
INSERT INTO Purchase(PurchaseID,purchase_date,condition_at_purchase,purchase_price,userID,vin,customerID) VALUES (19,'2022-07-26','Fair',3394.76,5,'EX0DFWC3FLW639681',75);
INSERT INTO Purchase(PurchaseID,purchase_date,condition_at_purchase,purchase_price,userID,vin,customerID) VALUES (20,'2022-07-26','Excellent',1476.79,14,'VTVE6444244403193',111);
INSERT INTO Purchase(PurchaseID,purchase_date,condition_at_purchase,purchase_price,userID,vin,customerID) VALUES (21,'2022-07-27','Fair',3049.06,5,'QF6QBNKTPSA019446',9);
INSERT INTO Purchase(PurchaseID,purchase_date,condition_at_purchase,purchase_price,userID,vin,customerID) VALUES (22,'2022-08-01','Excellent',2822.02,7,'3464CBUBJ3G311266',81);
INSERT INTO Purchase(PurchaseID,purchase_date,condition_at_purchase,purchase_price,userID,vin,customerID) VALUES (23,'2022-08-02','Excellent',3969.70,19,'TRB4XOLO3Y2181257',69);
INSERT INTO Purchase(PurchaseID,purchase_date,condition_at_purchase,purchase_price,userID,vin,customerID) VALUES (24,'2022-08-06','Excellent',1262.57,1,'D244CUCA1UX127908',62);
INSERT INTO Purchase(PurchaseID,purchase_date,condition_at_purchase,purchase_price,userID,vin,customerID) VALUES (25,'2022-08-08','Fair',3394.76,5,'65ISMOWUBDU569125',78);
INSERT INTO Purchase(PurchaseID,purchase_date,condition_at_purchase,purchase_price,userID,vin,customerID) VALUES (26,'2022-08-08','Fair',1384.05,7,'GC27VB8JWCD457186',7);
INSERT INTO Purchase(PurchaseID,purchase_date,condition_at_purchase,purchase_price,userID,vin,customerID) VALUES (27,'2022-08-09','Good',1216.12,23,'QV77RP24AZ3546581',128);
INSERT INTO Purchase(PurchaseID,purchase_date,condition_at_purchase,purchase_price,userID,vin,customerID) VALUES (28,'2022-08-10','Fair',4559.65,17,'MAO8BQ1NDT7049472',101);
INSERT INTO Purchase(PurchaseID,purchase_date,condition_at_purchase,purchase_price,userID,vin,customerID) VALUES (29,'2022-08-11','Good',5965.76,1,'2Y1UCXYY50T192604',184);
INSERT INTO Purchase(PurchaseID,purchase_date,condition_at_purchase,purchase_price,userID,vin,customerID) VALUES (30,'2022-08-12','Excellent',1386.63,1,'Q6C80HSWMFK634460',28);
INSERT INTO Purchase(PurchaseID,purchase_date,condition_at_purchase,purchase_price,userID,vin,customerID) VALUES (31,'2022-08-14','Good',2834.73,12,'FXR24KBAHFZ139993',40);
INSERT INTO Purchase(PurchaseID,purchase_date,condition_at_purchase,purchase_price,userID,vin,customerID) VALUES (32,'2022-08-15','Excellent',3195.56,19,'L712UQJXM4L524142',94);
INSERT INTO Purchase(PurchaseID,purchase_date,condition_at_purchase,purchase_price,userID,vin,customerID) VALUES (33,'2022-08-16','Excellent',2679.99,19,'JA7YVHAFRLT437706',197);
INSERT INTO Purchase(PurchaseID,purchase_date,condition_at_purchase,purchase_price,userID,vin,customerID) VALUES (34,'2022-08-17','Fair',4646.30,1,'6ZG2Z4HYIKW532605',58);
INSERT INTO Purchase(PurchaseID,purchase_date,condition_at_purchase,purchase_price,userID,vin,customerID) VALUES (35,'2022-08-20','Fair',1888.63,11,'KCXGZEVS1QW404654',72);
INSERT INTO Purchase(PurchaseID,purchase_date,condition_at_purchase,purchase_price,userID,vin,customerID) VALUES (36,'2022-08-23','Very Good',5125.59,14,'EDH6BDC74XY589172',158);
INSERT INTO Purchase(PurchaseID,purchase_date,condition_at_purchase,purchase_price,userID,vin,customerID) VALUES (37,'2022-08-24','Excellent',2130.94,1,'ZR3ABC4M7DZ405619',146);
INSERT INTO Purchase(PurchaseID,purchase_date,condition_at_purchase,purchase_price,userID,vin,customerID) VALUES (38,'2022-08-27','Very Good',4238.92,5,'3P0R7483FP1117876',91);
INSERT INTO Purchase(PurchaseID,purchase_date,condition_at_purchase,purchase_price,userID,vin,customerID) VALUES (39,'2022-08-27','Fair',5313.46,23,'SO6WD25XQVR636495',139);
INSERT INTO Purchase(PurchaseID,purchase_date,condition_at_purchase,purchase_price,userID,vin,customerID) VALUES (40,'2022-08-28','Fair',1769.90,20,'5MS17EW23YR611242',40);
INSERT INTO Purchase(PurchaseID,purchase_date,condition_at_purchase,purchase_price,userID,vin,customerID) VALUES (41,'2022-08-28','Good',2712.19,10,'F253TPAMQK3083569',54);
INSERT INTO Purchase(PurchaseID,purchase_date,condition_at_purchase,purchase_price,userID,vin,customerID) VALUES (42,'2022-08-28','Excellent',4559.65,16,'RAZB0H0MQX5869731',162);
INSERT INTO Purchase(PurchaseID,purchase_date,condition_at_purchase,purchase_price,userID,vin,customerID) VALUES (43,'2022-08-29','Fair',1853.27,1,'R3Q6NWXL5OK028859',31);
INSERT INTO Purchase(PurchaseID,purchase_date,condition_at_purchase,purchase_price,userID,vin,customerID) VALUES (44,'2022-08-30','Excellent',3070.05,23,'VLYZ0TBEDGM584853',165);
INSERT INTO Purchase(PurchaseID,purchase_date,condition_at_purchase,purchase_price,userID,vin,customerID) VALUES (45,'2022-09-01','Very Good',2647.38,20,'IXZVB277TU2768773',14);
INSERT INTO Purchase(PurchaseID,purchase_date,condition_at_purchase,purchase_price,userID,vin,customerID) VALUES (46,'2022-09-01','Very Good',5757.99,10,'UDOHJKQNZRU355125',8);
INSERT INTO Purchase(PurchaseID,purchase_date,condition_at_purchase,purchase_price,userID,vin,customerID) VALUES (47,'2022-09-04','Good',3833.25,14,'DBF5M62ODXK242204',82);
INSERT INTO Purchase(PurchaseID,purchase_date,condition_at_purchase,purchase_price,userID,vin,customerID) VALUES (48,'2022-09-04','Very Good',5438.85,19,'ELA1OD0NP7S259553',59);
INSERT INTO Purchase(PurchaseID,purchase_date,condition_at_purchase,purchase_price,userID,vin,customerID) VALUES (49,'2022-09-06','Very Good',3870.70,12,'HTIAUKNL6TA101731',144);
INSERT INTO Purchase(PurchaseID,purchase_date,condition_at_purchase,purchase_price,userID,vin,customerID) VALUES (50,'2022-09-08','Fair',2166.24,12,'LRB2H3BHPKX650155',1);
INSERT INTO Purchase(PurchaseID,purchase_date,condition_at_purchase,purchase_price,userID,vin,customerID) VALUES (51,'2022-09-13','Excellent',5050.91,10,'M4E2PBWXZFJ700371',5);
INSERT INTO Purchase(PurchaseID,purchase_date,condition_at_purchase,purchase_price,userID,vin,customerID) VALUES (52,'2022-09-15','Good',1874.32,20,'SC0ZRWACOEM768702',149);
INSERT INTO Purchase(PurchaseID,purchase_date,condition_at_purchase,purchase_price,userID,vin,customerID) VALUES (53,'2022-09-18','Very Good',1476.79,11,'NV7YPGMDYFH278949',186);
INSERT INTO Purchase(PurchaseID,purchase_date,condition_at_purchase,purchase_price,userID,vin,customerID) VALUES (54,'2022-09-21','Fair',1140.51,19,'VJUYVX0SHHT606044',159);
INSERT INTO Purchase(PurchaseID,purchase_date,condition_at_purchase,purchase_price,userID,vin,customerID) VALUES (55,'2022-09-22','Excellent',2794.30,12,'I5E5PHXL5CF199096',188);
INSERT INTO Purchase(PurchaseID,purchase_date,condition_at_purchase,purchase_price,userID,vin,customerID) VALUES (56,'2022-09-27','Very Good',4980.10,5,'8W38A5ZZFKA123439',6);
INSERT INTO Purchase(PurchaseID,purchase_date,condition_at_purchase,purchase_price,userID,vin,customerID) VALUES (57,'2022-10-05','Good',4986.09,11,'FAQ8F8F300A215860',38);
INSERT INTO Purchase(PurchaseID,purchase_date,condition_at_purchase,purchase_price,userID,vin,customerID) VALUES (58,'2022-10-05','Good',1384.05,12,'XJMTKD21FUV756318',47);
INSERT INTO Purchase(PurchaseID,purchase_date,condition_at_purchase,purchase_price,userID,vin,customerID) VALUES (59,'2022-10-05','Very Good',4086.58,11,'ZBZRLDKTF22899385',74);
INSERT INTO Purchase(PurchaseID,purchase_date,condition_at_purchase,purchase_price,userID,vin,customerID) VALUES (60,'2022-10-07','Excellent',1289.66,20,'VPER1TKLOPC634179',185);
INSERT INTO Purchase(PurchaseID,purchase_date,condition_at_purchase,purchase_price,userID,vin,customerID) VALUES (61,'2022-10-08','Fair',4422.04,5,'HJHFHI4TARG736468',141);
INSERT INTO Purchase(PurchaseID,purchase_date,condition_at_purchase,purchase_price,userID,vin,customerID) VALUES (62,'2022-10-08','Excellent',2267.71,10,'KBYS182F2ID559258',149);
INSERT INTO Purchase(PurchaseID,purchase_date,condition_at_purchase,purchase_price,userID,vin,customerID) VALUES (63,'2022-10-08','Excellent',1769.90,10,'NLYCMW5DAS5194596',90);
INSERT INTO Purchase(PurchaseID,purchase_date,condition_at_purchase,purchase_price,userID,vin,customerID) VALUES (64,'2022-10-11','Excellent',3077.30,6,'SLY1Q4WQXLP675951',104);
INSERT INTO Purchase(PurchaseID,purchase_date,condition_at_purchase,purchase_price,userID,vin,customerID) VALUES (65,'2022-10-14','Fair',4791.74,16,'PI5K0FV5WKD862880',125);
INSERT INTO Purchase(PurchaseID,purchase_date,condition_at_purchase,purchase_price,userID,vin,customerID) VALUES (66,'2022-10-15','Fair',1159.61,20,'1U7J5TO2RMU974230',175);
INSERT INTO Purchase(PurchaseID,purchase_date,condition_at_purchase,purchase_price,userID,vin,customerID) VALUES (67,'2022-10-15','Fair',3394.76,6,'EQ22HWH3DG1475247',15);
INSERT INTO Purchase(PurchaseID,purchase_date,condition_at_purchase,purchase_price,userID,vin,customerID) VALUES (68,'2022-10-16','Good',2690.25,14,'BQ1P8TA2OBE090669',70);
INSERT INTO Purchase(PurchaseID,purchase_date,condition_at_purchase,purchase_price,userID,vin,customerID) VALUES (69,'2022-10-19','Excellent',1262.57,1,'72OI8SLM4HN113041',109);
INSERT INTO Purchase(PurchaseID,purchase_date,condition_at_purchase,purchase_price,userID,vin,customerID) VALUES (70,'2022-10-19','Excellent',2576.09,19,'XUYF42BKSWK479574',134);
INSERT INTO Purchase(PurchaseID,purchase_date,condition_at_purchase,purchase_price,userID,vin,customerID) VALUES (71,'2022-10-21','Good',1544.78,11,'U2SEQATJQIP647043',83);
INSERT INTO Purchase(PurchaseID,purchase_date,condition_at_purchase,purchase_price,userID,vin,customerID) VALUES (72,'2022-10-21','Excellent',4697.08,14,'WKNIUEPLNDU378894',89);
INSERT INTO Purchase(PurchaseID,purchase_date,condition_at_purchase,purchase_price,userID,vin,customerID) VALUES (73,'2022-10-22','Excellent',1720.36,5,'FPJBMT3OOG8061158',33);
INSERT INTO Purchase(PurchaseID,purchase_date,condition_at_purchase,purchase_price,userID,vin,customerID) VALUES (74,'2022-10-22','Excellent',4585.96,17,'UKRLDVVBSZZ487336',50);
INSERT INTO Purchase(PurchaseID,purchase_date,condition_at_purchase,purchase_price,userID,vin,customerID) VALUES (75,'2022-10-24','Excellent',1053.89,20,'A1S3JZU0RGM394036',138);
INSERT INTO Purchase(PurchaseID,purchase_date,condition_at_purchase,purchase_price,userID,vin,customerID) VALUES (76,'2022-10-24','Excellent',1794.24,10,'F37VOS4G0QV020629',97);
INSERT INTO Purchase(PurchaseID,purchase_date,condition_at_purchase,purchase_price,userID,vin,customerID) VALUES (77,'2022-10-28','Very Good',4086.58,14,'340C5KYKWVM715838',196);
INSERT INTO Purchase(PurchaseID,purchase_date,condition_at_purchase,purchase_price,userID,vin,customerID) VALUES (78,'2022-10-29','Excellent',1310.54,5,'BROAYF3JXYB733688',77);
INSERT INTO Purchase(PurchaseID,purchase_date,condition_at_purchase,purchase_price,userID,vin,customerID) VALUES (79,'2022-10-31','Excellent',2834.73,7,'0RTZMNEP443530450',60);
INSERT INTO Purchase(PurchaseID,purchase_date,condition_at_purchase,purchase_price,userID,vin,customerID) VALUES (80,'2022-10-31','Very Good',4436.52,1,'MJZ2P85E65M015209',32);
INSERT INTO Purchase(PurchaseID,purchase_date,condition_at_purchase,purchase_price,userID,vin,customerID) VALUES (81,'2022-10-31','Very Good',1818.28,6,'RTV8NXYO2D4310350',47);
INSERT INTO Purchase(PurchaseID,purchase_date,condition_at_purchase,purchase_price,userID,vin,customerID) VALUES (82,'2022-10-31','Fair',1262.57,10,'VWWOX3PM6QD757820',92);
INSERT INTO Purchase(PurchaseID,purchase_date,condition_at_purchase,purchase_price,userID,vin,customerID) VALUES (83,'2022-11-01','Excellent',3887.81,17,'2MSC0A8PW8U686208',151);
INSERT INTO Purchase(PurchaseID,purchase_date,condition_at_purchase,purchase_price,userID,vin,customerID) VALUES (84,'2022-11-02','Very Good',3393.84,14,'HXP0L3Y7NRP032607',200);
INSERT INTO Purchase(PurchaseID,purchase_date,condition_at_purchase,purchase_price,userID,vin,customerID) VALUES (85,'2022-11-03','Fair',1181.30,6,'JS0Y5W8KIDC106093',40);
INSERT INTO Purchase(PurchaseID,purchase_date,condition_at_purchase,purchase_price,userID,vin,customerID) VALUES (86,'2022-11-04','Excellent',1762.01,17,'EZ144Z2QAJC644839',120);
INSERT INTO Purchase(PurchaseID,purchase_date,condition_at_purchase,purchase_price,userID,vin,customerID) VALUES (87,'2022-11-05','Good',1310.54,17,'YA0EN8KRBAN266216',66);
INSERT INTO Purchase(PurchaseID,purchase_date,condition_at_purchase,purchase_price,userID,vin,customerID) VALUES (88,'2022-11-07','Very Good',4281.97,11,'GTTYZXB3YJG754847',100);
INSERT INTO Purchase(PurchaseID,purchase_date,condition_at_purchase,purchase_price,userID,vin,customerID) VALUES (89,'2022-11-07','Fair',3160.01,12,'NM3BN4RJS1M492634',190);
INSERT INTO Purchase(PurchaseID,purchase_date,condition_at_purchase,purchase_price,userID,vin,customerID) VALUES (90,'2022-11-10','Very Good',1627.40,16,'U8CPVV20LCB872591',3);
INSERT INTO Purchase(PurchaseID,purchase_date,condition_at_purchase,purchase_price,userID,vin,customerID) VALUES (91,'2022-11-10','Very Good',15195.08,23,'WQGPTZ2HOU7481211',38);
INSERT INTO Purchase(PurchaseID,purchase_date,condition_at_purchase,purchase_price,userID,vin,customerID) VALUES (92,'2022-11-12','Good',3809.86,7,'8UU0VC3VENC905922',23);
INSERT INTO Purchase(PurchaseID,purchase_date,condition_at_purchase,purchase_price,userID,vin,customerID) VALUES (93,'2022-11-12','Very Good',3551.46,23,'PYWDSWXK5X5262660',137);
INSERT INTO Purchase(PurchaseID,purchase_date,condition_at_purchase,purchase_price,userID,vin,customerID) VALUES (94,'2022-11-15','Very Good',3528.70,19,'8VGJ74SC8UK076966',79);
INSERT INTO Purchase(PurchaseID,purchase_date,condition_at_purchase,purchase_price,userID,vin,customerID) VALUES (95,'2022-11-18','Fair',1794.24,11,'72SCGHC1RB4779672',102);
INSERT INTO Purchase(PurchaseID,purchase_date,condition_at_purchase,purchase_price,userID,vin,customerID) VALUES (96,'2022-11-21','Fair',3195.56,1,'MRHV8EI5ETH324409',102);
INSERT INTO Purchase(PurchaseID,purchase_date,condition_at_purchase,purchase_price,userID,vin,customerID) VALUES (97,'2022-11-22','Fair',1276.63,23,'8FDAK0CPTWA122888',106);
INSERT INTO Purchase(PurchaseID,purchase_date,condition_at_purchase,purchase_price,userID,vin,customerID) VALUES (98,'2022-11-24','Very Good',1360.83,11,'FA7LJ664E04088299',163);
INSERT INTO Purchase(PurchaseID,purchase_date,condition_at_purchase,purchase_price,userID,vin,customerID) VALUES (99,'2022-11-27','Excellent',8603.94,10,'HRBDCA8RAE0685886',31);
INSERT INTO Purchase(PurchaseID,purchase_date,condition_at_purchase,purchase_price,userID,vin,customerID) VALUES (100,'2022-12-01','Excellent',2891.79,6,'UYQXFHB268D227085',186);
INSERT INTO Purchase(PurchaseID,purchase_date,condition_at_purchase,purchase_price,userID,vin,customerID) VALUES (101,'2022-12-02','Good',1762.11,14,'RH3XN0D50EO772614',168);
INSERT INTO Purchase(PurchaseID,purchase_date,condition_at_purchase,purchase_price,userID,vin,customerID) VALUES (102,'2022-12-03','Excellent',3617.81,12,'QWYUAF6GIGE744209',157);
INSERT INTO Purchase(PurchaseID,purchase_date,condition_at_purchase,purchase_price,userID,vin,customerID) VALUES (103,'2022-12-03','Good',4646.30,19,'U6AKQW00N22614671',74);
INSERT INTO Purchase(PurchaseID,purchase_date,condition_at_purchase,purchase_price,userID,vin,customerID) VALUES (104,'2022-12-06','Very Good',7257.96,16,'OMJKHKQNFKJ761643',95);
INSERT INTO Purchase(PurchaseID,purchase_date,condition_at_purchase,purchase_price,userID,vin,customerID) VALUES (105,'2022-12-08','Very Good',4646.30,6,'KEZRVGOFFMA250868',87);
INSERT INTO Purchase(PurchaseID,purchase_date,condition_at_purchase,purchase_price,userID,vin,customerID) VALUES (106,'2022-12-08','Good',1476.79,12,'PFRYPJOGJ51531310',176);
INSERT INTO Purchase(PurchaseID,purchase_date,condition_at_purchase,purchase_price,userID,vin,customerID) VALUES (107,'2022-12-09','Very Good',6648.87,10,'YFV4PPW4SW8405660',86);
INSERT INTO Purchase(PurchaseID,purchase_date,condition_at_purchase,purchase_price,userID,vin,customerID) VALUES (108,'2022-12-10','Excellent',1794.24,5,'LQHDVXVOOUT107133',150);
INSERT INTO Purchase(PurchaseID,purchase_date,condition_at_purchase,purchase_price,userID,vin,customerID) VALUES (109,'2022-12-11','Good',3077.30,10,'GNJQGN3RWIT431179',178);
INSERT INTO Purchase(PurchaseID,purchase_date,condition_at_purchase,purchase_price,userID,vin,customerID) VALUES (110,'2022-12-11','Very Good',1946.82,19,'L6EFDBPTY1B405814',127);
INSERT INTO Purchase(PurchaseID,purchase_date,condition_at_purchase,purchase_price,userID,vin,customerID) VALUES (111,'2022-12-12','Fair',7129.88,23,'PKFGEZTKARS310898',119);
INSERT INTO Purchase(PurchaseID,purchase_date,condition_at_purchase,purchase_price,userID,vin,customerID) VALUES (112,'2022-12-14','Fair',1487.55,5,'323F5QUAPKX190724',57);
INSERT INTO Purchase(PurchaseID,purchase_date,condition_at_purchase,purchase_price,userID,vin,customerID) VALUES (113,'2022-12-17','Good',5236.88,14,'EYTJ0RTAAHK130156',194);
INSERT INTO Purchase(PurchaseID,purchase_date,condition_at_purchase,purchase_price,userID,vin,customerID) VALUES (114,'2022-12-20','Very Good',6572.23,12,'IZPS1NTRXAH046134',98);
INSERT INTO Purchase(PurchaseID,purchase_date,condition_at_purchase,purchase_price,userID,vin,customerID) VALUES (115,'2022-12-22','Very Good',1917.14,7,'FW817ZV3BVG215163',33);
INSERT INTO Purchase(PurchaseID,purchase_date,condition_at_purchase,purchase_price,userID,vin,customerID) VALUES (116,'2022-12-24','Very Good',5490.09,1,'HGHHV1IWCUX780355',130);
INSERT INTO Purchase(PurchaseID,purchase_date,condition_at_purchase,purchase_price,userID,vin,customerID) VALUES (117,'2022-12-24','Good',1403.88,14,'RXLO3PC8EG8307071',179);
INSERT INTO Purchase(PurchaseID,purchase_date,condition_at_purchase,purchase_price,userID,vin,customerID) VALUES (118,'2022-12-25','Excellent',4792.30,10,'T1TFNQC1QZ0222284',101);
INSERT INTO Purchase(PurchaseID,purchase_date,condition_at_purchase,purchase_price,userID,vin,customerID) VALUES (119,'2022-12-26','Excellent',1240.27,19,'BYNUGAHZM1L977542',158);
INSERT INTO Purchase(PurchaseID,purchase_date,condition_at_purchase,purchase_price,userID,vin,customerID) VALUES (120,'2022-12-27','Fair',3448.24,6,'ZI36738ITE3999852',148);
INSERT INTO Purchase(PurchaseID,purchase_date,condition_at_purchase,purchase_price,userID,vin,customerID) VALUES (121,'2022-12-29','Fair',1118.40,10,'1MV1LD01B0D736628',59);
INSERT INTO Purchase(PurchaseID,purchase_date,condition_at_purchase,purchase_price,userID,vin,customerID) VALUES (122,'2022-12-29','Excellent',1647.91,19,'8CR4YKPMHVR077313',19);
INSERT INTO Purchase(PurchaseID,purchase_date,condition_at_purchase,purchase_price,userID,vin,customerID) VALUES (123,'2023-01-01','Good',2712.19,7,'LYPZILOBZ87153615',70);
INSERT INTO Purchase(PurchaseID,purchase_date,condition_at_purchase,purchase_price,userID,vin,customerID) VALUES (124,'2023-01-02','Fair',2478.11,10,'F42NYNK4BK3657449',132);
INSERT INTO Purchase(PurchaseID,purchase_date,condition_at_purchase,purchase_price,userID,vin,customerID) VALUES (125,'2023-01-04','Good',4023.89,17,'2DHOH4P4672123749',67);
INSERT INTO Purchase(PurchaseID,purchase_date,condition_at_purchase,purchase_price,userID,vin,customerID) VALUES (126,'2023-01-04','Good',1023.03,23,'SL5LRZAJFUI810871',189);
INSERT INTO Purchase(PurchaseID,purchase_date,condition_at_purchase,purchase_price,userID,vin,customerID) VALUES (127,'2023-01-06','Very Good',4655.40,19,'CNBSW7RMXAE536762',84);
INSERT INTO Purchase(PurchaseID,purchase_date,condition_at_purchase,purchase_price,userID,vin,customerID) VALUES (128,'2023-01-14','Very Good',2670.24,6,'4TJ5T18OMFN710800',122);
INSERT INTO Purchase(PurchaseID,purchase_date,condition_at_purchase,purchase_price,userID,vin,customerID) VALUES (129,'2023-01-14','Excellent',3343.31,23,'GHEDZEHRLGJ237205',50);
INSERT INTO Purchase(PurchaseID,purchase_date,condition_at_purchase,purchase_price,userID,vin,customerID) VALUES (130,'2023-01-18','Excellent',4646.30,7,'B68KFH50SOO194215',85);
INSERT INTO Purchase(PurchaseID,purchase_date,condition_at_purchase,purchase_price,userID,vin,customerID) VALUES (131,'2023-01-25','Excellent',2723.58,7,'2JUBCDLLXSB731848',67);
INSERT INTO Purchase(PurchaseID,purchase_date,condition_at_purchase,purchase_price,userID,vin,customerID) VALUES (132,'2023-01-25','Fair',1262.57,5,'W1R2THVZD6L234135',8);
INSERT INTO Purchase(PurchaseID,purchase_date,condition_at_purchase,purchase_price,userID,vin,customerID) VALUES (133,'2023-01-26','Very Good',1189.26,12,'1JRH0ZBVOBE937509',178);
INSERT INTO Purchase(PurchaseID,purchase_date,condition_at_purchase,purchase_price,userID,vin,customerID) VALUES (134,'2023-01-26','Good',3441.51,20,'2LUXDFJTYZA796766',176);
INSERT INTO Purchase(PurchaseID,purchase_date,condition_at_purchase,purchase_price,userID,vin,customerID) VALUES (135,'2023-01-26','Fair',3551.46,23,'67BQ74RV204502543',132);
INSERT INTO Purchase(PurchaseID,purchase_date,condition_at_purchase,purchase_price,userID,vin,customerID) VALUES (136,'2023-01-27','Good',1313.07,17,'ME064DUO8S0025936',195);
INSERT INTO Purchase(PurchaseID,purchase_date,condition_at_purchase,purchase_price,userID,vin,customerID) VALUES (137,'2023-01-28','Good',1496.02,19,'QVSOV4QTXAE520972',175);
INSERT INTO Purchase(PurchaseID,purchase_date,condition_at_purchase,purchase_price,userID,vin,customerID) VALUES (138,'2023-01-31','Very Good',20036.73,19,'MM2NLRDRNXX156196',164);
INSERT INTO Purchase(PurchaseID,purchase_date,condition_at_purchase,purchase_price,userID,vin,customerID) VALUES (139,'2023-02-03','Good',3418.64,11,'IHYW5EQH7SL835482',66);
INSERT INTO Purchase(PurchaseID,purchase_date,condition_at_purchase,purchase_price,userID,vin,customerID) VALUES (140,'2023-02-06','Fair',2723.58,11,'6LYU65SHD4H127612',53);
INSERT INTO Purchase(PurchaseID,purchase_date,condition_at_purchase,purchase_price,userID,vin,customerID) VALUES (141,'2023-02-06','Excellent',2354.81,19,'EZ308PJB831681306',136);
INSERT INTO Purchase(PurchaseID,purchase_date,condition_at_purchase,purchase_price,userID,vin,customerID) VALUES (142,'2023-02-07','Good',2964.53,7,'036EG6XGHFJ822528',115);
INSERT INTO Purchase(PurchaseID,purchase_date,condition_at_purchase,purchase_price,userID,vin,customerID) VALUES (143,'2023-02-08','Very Good',3441.51,12,'0JMXH7GQF1K570196',82);
INSERT INTO Purchase(PurchaseID,purchase_date,condition_at_purchase,purchase_price,userID,vin,customerID) VALUES (144,'2023-02-08','Very Good',3617.81,6,'U4DAG21M25I154677',200);
INSERT INTO Purchase(PurchaseID,purchase_date,condition_at_purchase,purchase_price,userID,vin,customerID) VALUES (145,'2023-02-09','Very Good',3969.70,23,'IUTAUS27FGO848930',199);
INSERT INTO Purchase(PurchaseID,purchase_date,condition_at_purchase,purchase_price,userID,vin,customerID) VALUES (146,'2023-02-10','Fair',3423.52,6,'2BEGOJVB21D198188',146);
INSERT INTO Purchase(PurchaseID,purchase_date,condition_at_purchase,purchase_price,userID,vin,customerID) VALUES (147,'2023-02-12','Excellent',1180.12,5,'2YTUEYSLDJG398062',68);
INSERT INTO Purchase(PurchaseID,purchase_date,condition_at_purchase,purchase_price,userID,vin,customerID) VALUES (148,'2023-02-12','Good',4655.40,10,'IK0HARFDHRY246462',91);
INSERT INTO Purchase(PurchaseID,purchase_date,condition_at_purchase,purchase_price,userID,vin,customerID) VALUES (149,'2023-02-12','Excellent',3617.81,6,'UAITKQ7KMQN776987',22);
INSERT INTO Purchase(PurchaseID,purchase_date,condition_at_purchase,purchase_price,userID,vin,customerID) VALUES (150,'2023-02-13','Excellent',4290.93,20,'L535DHDAU62985677',53);
INSERT INTO Purchase(PurchaseID,purchase_date,condition_at_purchase,purchase_price,userID,vin,customerID) VALUES (151,'2023-02-14','Fair',3706.14,1,'3NED8CVSG6V494138',120);
INSERT INTO Purchase(PurchaseID,purchase_date,condition_at_purchase,purchase_price,userID,vin,customerID) VALUES (152,'2023-02-14','Excellent',1778.47,11,'KW1EHM2N1UB940362',37);
INSERT INTO Purchase(PurchaseID,purchase_date,condition_at_purchase,purchase_price,userID,vin,customerID) VALUES (153,'2023-02-15','Very Good',1384.05,10,'B1NDXK4VPM8021524',58);
INSERT INTO Purchase(PurchaseID,purchase_date,condition_at_purchase,purchase_price,userID,vin,customerID) VALUES (154,'2023-02-17','Fair',4502.59,16,'1A8CMLRTUGR146952',102);
INSERT INTO Purchase(PurchaseID,purchase_date,condition_at_purchase,purchase_price,userID,vin,customerID) VALUES (155,'2023-02-17','Good',1818.28,6,'A58PSDYJWYD029917',129);
INSERT INTO Purchase(PurchaseID,purchase_date,condition_at_purchase,purchase_price,userID,vin,customerID) VALUES (156,'2023-02-20','Fair',2764.86,1,'TOIFP5YHHJC099537',101);
INSERT INTO Purchase(PurchaseID,purchase_date,condition_at_purchase,purchase_price,userID,vin,customerID) VALUES (157,'2023-02-21','Fair',5235.38,17,'O1C66KL1VK4840531',44);
INSERT INTO Purchase(PurchaseID,purchase_date,condition_at_purchase,purchase_price,userID,vin,customerID) VALUES (158,'2023-02-22','Excellent',2793.26,23,'U1GXDUQ2NVP642154',74);
INSERT INTO Purchase(PurchaseID,purchase_date,condition_at_purchase,purchase_price,userID,vin,customerID) VALUES (159,'2023-02-24','Excellent',11858.52,5,'E5W8EPPWZS0896119',12);
INSERT INTO Purchase(PurchaseID,purchase_date,condition_at_purchase,purchase_price,userID,vin,customerID) VALUES (160,'2023-02-25','Good',5059.91,12,'73HIEJVMY26464395',187);
INSERT INTO Purchase(PurchaseID,purchase_date,condition_at_purchase,purchase_price,userID,vin,customerID) VALUES (161,'2023-02-28','Very Good',3611.00,12,'1P2ISJXQKIW025651',114);
INSERT INTO Purchase(PurchaseID,purchase_date,condition_at_purchase,purchase_price,userID,vin,customerID) VALUES (162,'2023-03-02','Excellent',2668.19,7,'4HVC60L66KI459720',1);
INSERT INTO Purchase(PurchaseID,purchase_date,condition_at_purchase,purchase_price,userID,vin,customerID) VALUES (163,'2023-03-03','Good',1480.54,11,'LLPNU12CY5C440662',53);
INSERT INTO Purchase(PurchaseID,purchase_date,condition_at_purchase,purchase_price,userID,vin,customerID) VALUES (164,'2023-03-06','Very Good',2240.99,5,'30YUJXKGY7I314746',171);
INSERT INTO Purchase(PurchaseID,purchase_date,condition_at_purchase,purchase_price,userID,vin,customerID) VALUES (165,'2023-03-06','Good',2405.57,20,'RRRZH6PBRYY000587',102);
INSERT INTO Purchase(PurchaseID,purchase_date,condition_at_purchase,purchase_price,userID,vin,customerID) VALUES (166,'2023-03-09','Excellent',2156.31,17,'5IZQ0A8JNL8536828',182);
INSERT INTO Purchase(PurchaseID,purchase_date,condition_at_purchase,purchase_price,userID,vin,customerID) VALUES (167,'2023-03-10','Excellent',1802.04,20,'8SGNAEKKQ0B252643',66);
INSERT INTO Purchase(PurchaseID,purchase_date,condition_at_purchase,purchase_price,userID,vin,customerID) VALUES (168,'2023-03-11','Excellent',1011.49,19,'13DN4WJV2HW654524',191);
INSERT INTO Purchase(PurchaseID,purchase_date,condition_at_purchase,purchase_price,userID,vin,customerID) VALUES (169,'2023-03-11','Excellent',3650.47,11,'ETRV7OGUK1A265022',153);
INSERT INTO Purchase(PurchaseID,purchase_date,condition_at_purchase,purchase_price,userID,vin,customerID) VALUES (170,'2023-03-13','Very Good',5260.42,14,'V73RJYYHEIT850422',167);
INSERT INTO Purchase(PurchaseID,purchase_date,condition_at_purchase,purchase_price,userID,vin,customerID) VALUES (171,'2023-03-13','Good',2834.73,7,'W85FIU0UPWJ342063',37);
INSERT INTO Purchase(PurchaseID,purchase_date,condition_at_purchase,purchase_price,userID,vin,customerID) VALUES (172,'2023-03-14','Very Good',3629.02,6,'J1MG8R7RAZX116769',105);
INSERT INTO Purchase(PurchaseID,purchase_date,condition_at_purchase,purchase_price,userID,vin,customerID) VALUES (173,'2023-03-15','Excellent',1384.05,5,'15WH5TNL8GD986516',147);
INSERT INTO Purchase(PurchaseID,purchase_date,condition_at_purchase,purchase_price,userID,vin,customerID) VALUES (174,'2023-03-15','Fair',2586.28,16,'N5QQ2WLB5PL198189',190);
INSERT INTO Purchase(PurchaseID,purchase_date,condition_at_purchase,purchase_price,userID,vin,customerID) VALUES (175,'2023-03-16','Excellent',2570.77,10,'1V61QHRD20E210923',55);
INSERT INTO Purchase(PurchaseID,purchase_date,condition_at_purchase,purchase_price,userID,vin,customerID) VALUES (176,'2023-03-18','Very Good',3271.32,14,'P7NLPCKCGFU554815',11);
INSERT INTO Purchase(PurchaseID,purchase_date,condition_at_purchase,purchase_price,userID,vin,customerID) VALUES (177,'2023-03-18','Fair',1185.52,12,'QPMO737UII0340028',77);
INSERT INTO Purchase(PurchaseID,purchase_date,condition_at_purchase,purchase_price,userID,vin,customerID) VALUES (178,'2023-03-19','Excellent',3007.81,19,'JS7IRJMSXPC511509',66);
INSERT INTO Purchase(PurchaseID,purchase_date,condition_at_purchase,purchase_price,userID,vin,customerID) VALUES (179,'2023-03-22','Good',2906.51,5,'Z0405USEZKH796737',152);
INSERT INTO Purchase(PurchaseID,purchase_date,condition_at_purchase,purchase_price,userID,vin,customerID) VALUES (180,'2023-03-23','Excellent',3448.24,23,'GEW8SXH3TWS985107',15);
INSERT INTO Purchase(PurchaseID,purchase_date,condition_at_purchase,purchase_price,userID,vin,customerID) VALUES (181,'2023-03-23','Very Good',1011.49,19,'ZUG6F1Z7LAY309325',65);
INSERT INTO Purchase(PurchaseID,purchase_date,condition_at_purchase,purchase_price,userID,vin,customerID) VALUES (182,'2023-03-24','Excellent',4980.10,16,'OQPBCN4Y1YB733979',170);
INSERT INTO Purchase(PurchaseID,purchase_date,condition_at_purchase,purchase_price,userID,vin,customerID) VALUES (183,'2023-03-27','Good',4630.84,14,'7ZGFTG3CJWB276675',174);
INSERT INTO Purchase(PurchaseID,purchase_date,condition_at_purchase,purchase_price,userID,vin,customerID) VALUES (184,'2023-03-28','Fair',5423.56,6,'K3MTK4TIJNU760358',59);
INSERT INTO Purchase(PurchaseID,purchase_date,condition_at_purchase,purchase_price,userID,vin,customerID) VALUES (185,'2023-03-29','Very Good',1293.22,19,'EJET1HMTOKB682315',45);
INSERT INTO Purchase(PurchaseID,purchase_date,condition_at_purchase,purchase_price,userID,vin,customerID) VALUES (186,'2023-03-29','Excellent',4952.95,7,'NKY5WJPCYVC675161',58);
INSERT INTO Purchase(PurchaseID,purchase_date,condition_at_purchase,purchase_price,userID,vin,customerID) VALUES (187,'2023-03-30','Excellent',1505.45,12,'0XPRYKN4QTB854977',49);
INSERT INTO Purchase(PurchaseID,purchase_date,condition_at_purchase,purchase_price,userID,vin,customerID) VALUES (188,'2023-03-31','Very Good',7257.96,23,'K4IZJXWXWJR973290',58);
INSERT INTO Purchase(PurchaseID,purchase_date,condition_at_purchase,purchase_price,userID,vin,customerID) VALUES (189,'2023-04-01','Very Good',3611.00,5,'F032TW1LYVD881430',94);
INSERT INTO Purchase(PurchaseID,purchase_date,condition_at_purchase,purchase_price,userID,vin,customerID) VALUES (190,'2023-04-02','Good',2526.28,10,'1C05IGNBBB6823554',155);
INSERT INTO Purchase(PurchaseID,purchase_date,condition_at_purchase,purchase_price,userID,vin,customerID) VALUES (191,'2023-04-03','Fair',1286.18,16,'0SR7K3TGOVW149442',15);
INSERT INTO Purchase(PurchaseID,purchase_date,condition_at_purchase,purchase_price,userID,vin,customerID) VALUES (192,'2023-04-04','Excellent',4655.40,23,'BCTZOAWQMHJ300759',7);
INSERT INTO Purchase(PurchaseID,purchase_date,condition_at_purchase,purchase_price,userID,vin,customerID) VALUES (193,'2023-04-06','Very Good',3512.58,10,'ZDNMEDH0CHN556637',164);
INSERT INTO Purchase(PurchaseID,purchase_date,condition_at_purchase,purchase_price,userID,vin,customerID) VALUES (194,'2023-04-08','Excellent',5190.25,20,'0A45MTRRJ3K877609',2);
INSERT INTO Purchase(PurchaseID,purchase_date,condition_at_purchase,purchase_price,userID,vin,customerID) VALUES (195,'2023-04-10','Fair',1252.18,23,'OMDPS8X50N7546352',3);
INSERT INTO Purchase(PurchaseID,purchase_date,condition_at_purchase,purchase_price,userID,vin,customerID) VALUES (196,'2023-04-10','Very Good',3228.13,12,'UU2VI1MPOCJ886472',5);
INSERT INTO Purchase(PurchaseID,purchase_date,condition_at_purchase,purchase_price,userID,vin,customerID) VALUES (197,'2023-04-12','Fair',4026.11,10,'63OUTYEBN7D928507',142);
INSERT INTO Purchase(PurchaseID,purchase_date,condition_at_purchase,purchase_price,userID,vin,customerID) VALUES (198,'2023-04-12','Excellent',4309.63,19,'UDK1102XNQ4362369',180);
INSERT INTO Purchase(PurchaseID,purchase_date,condition_at_purchase,purchase_price,userID,vin,customerID) VALUES (199,'2023-04-12','Very Good',2543.11,19,'ZIOB2UP8DA8102221',67);
INSERT INTO Purchase(PurchaseID,purchase_date,condition_at_purchase,purchase_price,userID,vin,customerID) VALUES (200,'2023-04-13','Very Good',2815.81,10,'2CB6WLH88NB344487',194);
INSERT INTO Purchase(PurchaseID,purchase_date,condition_at_purchase,purchase_price,userID,vin,customerID) VALUES (201,'2023-04-13','Good',1874.61,19,'ZPSM0A6MZXM357384',70);
INSERT INTO Purchase(PurchaseID,purchase_date,condition_at_purchase,purchase_price,userID,vin,customerID) VALUES (202,'2023-04-14','Fair',1736.94,12,'6AZQDNCM3G6215989',168);
INSERT INTO Purchase(PurchaseID,purchase_date,condition_at_purchase,purchase_price,userID,vin,customerID) VALUES (203,'2023-04-18','Good',1530.69,7,'6N5JA7X7LX2749307',160);
INSERT INTO Purchase(PurchaseID,purchase_date,condition_at_purchase,purchase_price,userID,vin,customerID) VALUES (204,'2023-04-20','Good',1766.52,20,'VTJI8XXO2CO552773',29);
INSERT INTO Purchase(PurchaseID,purchase_date,condition_at_purchase,purchase_price,userID,vin,customerID) VALUES (205,'2023-04-21','Fair',3189.45,10,'YIRV4C5U8MN581204',177);
INSERT INTO Purchase(PurchaseID,purchase_date,condition_at_purchase,purchase_price,userID,vin,customerID) VALUES (206,'2023-04-23','Very Good',7509.50,12,'5DAWXIM4EAK735462',91);
INSERT INTO Purchase(PurchaseID,purchase_date,condition_at_purchase,purchase_price,userID,vin,customerID) VALUES (207,'2023-04-23','Fair',4026.11,5,'5NFMDSJIMMB492412',98);
INSERT INTO Purchase(PurchaseID,purchase_date,condition_at_purchase,purchase_price,userID,vin,customerID) VALUES (208,'2023-04-24','Fair',1652.08,14,'HUJ762ME6OB336499',40);
INSERT INTO Purchase(PurchaseID,purchase_date,condition_at_purchase,purchase_price,userID,vin,customerID) VALUES (209,'2023-04-26','Very Good',4098.92,16,'1RMG763RUOZ482821',185);
INSERT INTO Purchase(PurchaseID,purchase_date,condition_at_purchase,purchase_price,userID,vin,customerID) VALUES (210,'2023-04-29','Very Good',2647.38,17,'RP3I3QO2BYF582498',60);
INSERT INTO Purchase(PurchaseID,purchase_date,condition_at_purchase,purchase_price,userID,vin,customerID) VALUES (211,'2023-04-29','Very Good',1060.98,19,'TJY1H16Y6DA687801',29);
INSERT INTO Purchase(PurchaseID,purchase_date,condition_at_purchase,purchase_price,userID,vin,customerID) VALUES (212,'2023-04-30','Excellent',1938.46,5,'CXGQS7AZP6I329568',187);
INSERT INTO Purchase(PurchaseID,purchase_date,condition_at_purchase,purchase_price,userID,vin,customerID) VALUES (213,'2023-04-30','Good',2920.42,23,'IO8AOWYKMLD518556',84);
INSERT INTO Purchase(PurchaseID,purchase_date,condition_at_purchase,purchase_price,userID,vin,customerID) VALUES (214,'2023-05-01','Very Good',1917.14,23,'JZKBFXYGWL5900436',108);
INSERT INTO Purchase(PurchaseID,purchase_date,condition_at_purchase,purchase_price,userID,vin,customerID) VALUES (215,'2023-05-02','Fair',2201.22,14,'PBJA5AUSTU5098920',166);
INSERT INTO Purchase(PurchaseID,purchase_date,condition_at_purchase,purchase_price,userID,vin,customerID) VALUES (216,'2023-05-07','Very Good',4579.57,20,'BJIK4PRL350875445',92);
INSERT INTO Purchase(PurchaseID,purchase_date,condition_at_purchase,purchase_price,userID,vin,customerID) VALUES (217,'2023-05-08','Fair',3794.47,11,'BV7ZLIZN0R2917777',132);
INSERT INTO Purchase(PurchaseID,purchase_date,condition_at_purchase,purchase_price,userID,vin,customerID) VALUES (218,'2023-05-09','Fair',1216.12,11,'MATGJILCBL4124189',87);
INSERT INTO Purchase(PurchaseID,purchase_date,condition_at_purchase,purchase_price,userID,vin,customerID) VALUES (219,'2023-05-10','Excellent',3614.03,5,'JE1O6OHJZW1220783',33);
INSERT INTO Purchase(PurchaseID,purchase_date,condition_at_purchase,purchase_price,userID,vin,customerID) VALUES (220,'2023-05-11','Good',2723.58,7,'XPBUWRX56F6412345',145);
INSERT INTO Purchase(PurchaseID,purchase_date,condition_at_purchase,purchase_price,userID,vin,customerID) VALUES (221,'2023-05-12','Excellent',2106.56,11,'SSSGFBFNIOE995675',121);
INSERT INTO Purchase(PurchaseID,purchase_date,condition_at_purchase,purchase_price,userID,vin,customerID) VALUES (222,'2023-05-14','Good',10724.59,6,'0O56VQ0TP1C342110',113);
INSERT INTO Purchase(PurchaseID,purchase_date,condition_at_purchase,purchase_price,userID,vin,customerID) VALUES (223,'2023-05-15','Excellent',4646.30,17,'OETQ6SV7QKM285952',31);
INSERT INTO Purchase(PurchaseID,purchase_date,condition_at_purchase,purchase_price,userID,vin,customerID) VALUES (224,'2023-05-19','Good',1470.45,12,'5WKWALJ4EQU001163',125);
INSERT INTO Purchase(PurchaseID,purchase_date,condition_at_purchase,purchase_price,userID,vin,customerID) VALUES (225,'2023-05-19','Excellent',3007.22,20,'ZMVRJH6HGUZ703892',92);
INSERT INTO Purchase(PurchaseID,purchase_date,condition_at_purchase,purchase_price,userID,vin,customerID) VALUES (226,'2023-05-20','Excellent',4646.30,14,'HIEWYKOMDAK597903',104);
INSERT INTO Purchase(PurchaseID,purchase_date,condition_at_purchase,purchase_price,userID,vin,customerID) VALUES (227,'2023-05-21','Excellent',1386.63,10,'ANW7EMLQVI6782246',108);
INSERT INTO Purchase(PurchaseID,purchase_date,condition_at_purchase,purchase_price,userID,vin,customerID) VALUES (228,'2023-05-21','Excellent',8341.09,20,'M0S6NVFHN2E042385',151);
INSERT INTO Purchase(PurchaseID,purchase_date,condition_at_purchase,purchase_price,userID,vin,customerID) VALUES (229,'2023-05-23','Very Good',2516.57,10,'I4ZQBJWMKGO132368',51);
INSERT INTO Purchase(PurchaseID,purchase_date,condition_at_purchase,purchase_price,userID,vin,customerID) VALUES (230,'2023-05-26','Good',4585.96,5,'NNKIP3UNIGZ353715',88);
INSERT INTO Purchase(PurchaseID,purchase_date,condition_at_purchase,purchase_price,userID,vin,customerID) VALUES (231,'2023-05-27','Excellent',1923.78,10,'OA1F76XJUQS608395',71);
INSERT INTO Purchase(PurchaseID,purchase_date,condition_at_purchase,purchase_price,userID,vin,customerID) VALUES (232,'2023-05-29','Excellent',1503.96,7,'05PN35GUCGU088819',183);
INSERT INTO Purchase(PurchaseID,purchase_date,condition_at_purchase,purchase_price,userID,vin,customerID) VALUES (233,'2023-05-30','Very Good',1384.05,6,'NRQQC5OQ0F4586467',67);
INSERT INTO Purchase(PurchaseID,purchase_date,condition_at_purchase,purchase_price,userID,vin,customerID) VALUES (234,'2023-06-02','Excellent',1670.87,19,'WGVK4P1UIPJ916959',93);
INSERT INTO Purchase(PurchaseID,purchase_date,condition_at_purchase,purchase_price,userID,vin,customerID) VALUES (235,'2023-06-04','Excellent',1339.48,20,'MPXFMDRYC6D036656',128);
INSERT INTO Purchase(PurchaseID,purchase_date,condition_at_purchase,purchase_price,userID,vin,customerID) VALUES (236,'2023-06-04','Excellent',5241.86,20,'P54475O4N8K403608',39);
INSERT INTO Purchase(PurchaseID,purchase_date,condition_at_purchase,purchase_price,userID,vin,customerID) VALUES (237,'2023-06-05','Fair',9286.21,19,'JL4O86VLF1F081674',100);
INSERT INTO Purchase(PurchaseID,purchase_date,condition_at_purchase,purchase_price,userID,vin,customerID) VALUES (238,'2023-06-05','Excellent',1210.77,14,'VOCIAMIZKKN350227',49);
INSERT INTO Purchase(PurchaseID,purchase_date,condition_at_purchase,purchase_price,userID,vin,customerID) VALUES (239,'2023-06-09','Excellent',3593.77,11,'N2VSLYX8OXL077775',197);
INSERT INTO Purchase(PurchaseID,purchase_date,condition_at_purchase,purchase_price,userID,vin,customerID) VALUES (240,'2023-06-12','Excellent',1540.51,23,'SMZSGMQWSKI621717',47);
INSERT INTO Purchase(PurchaseID,purchase_date,condition_at_purchase,purchase_price,userID,vin,customerID) VALUES (241,'2023-06-13','Good',2173.13,14,'FLACGVUE5FI388538',16);
INSERT INTO Purchase(PurchaseID,purchase_date,condition_at_purchase,purchase_price,userID,vin,customerID) VALUES (242,'2023-06-13','Excellent',2066.80,6,'O0LX0JY57BT960015',154);
INSERT INTO Purchase(PurchaseID,purchase_date,condition_at_purchase,purchase_price,userID,vin,customerID) VALUES (243,'2023-06-15','Good',3462.65,6,'4QL2U7A4H4J019100',140);
INSERT INTO Purchase(PurchaseID,purchase_date,condition_at_purchase,purchase_price,userID,vin,customerID) VALUES (244,'2023-06-16','Excellent',7061.50,14,'5T3XYBUNB63008211',149);
INSERT INTO Purchase(PurchaseID,purchase_date,condition_at_purchase,purchase_price,userID,vin,customerID) VALUES (245,'2023-06-17','Fair',1262.57,17,'1HHB3PGRMMK153438',89);
INSERT INTO Purchase(PurchaseID,purchase_date,condition_at_purchase,purchase_price,userID,vin,customerID) VALUES (246,'2023-06-19','Fair',2176.29,23,'EWUO21O8D0P959813',7);
INSERT INTO Purchase(PurchaseID,purchase_date,condition_at_purchase,purchase_price,userID,vin,customerID) VALUES (247,'2023-06-20','Fair',3200.57,23,'GZ81MW85M47387080',1);
INSERT INTO Purchase(PurchaseID,purchase_date,condition_at_purchase,purchase_price,userID,vin,customerID) VALUES (248,'2023-06-22','Very Good',1344.15,1,'JA7U5AG0WEE170652',106);
INSERT INTO Purchase(PurchaseID,purchase_date,condition_at_purchase,purchase_price,userID,vin,customerID) VALUES (249,'2023-06-23','Excellent',10362.71,17,'054CB5NHFMK652777',33);
INSERT INTO Purchase(PurchaseID,purchase_date,condition_at_purchase,purchase_price,userID,vin,customerID) VALUES (250,'2023-06-23','Fair',4123.82,20,'55M41D1AGKW204016',84);
INSERT INTO Purchase(PurchaseID,purchase_date,condition_at_purchase,purchase_price,userID,vin,customerID) VALUES (251,'2023-06-24','Fair',1820.73,12,'PEB0OLCPG6W994144',21);
INSERT INTO Purchase(PurchaseID,purchase_date,condition_at_purchase,purchase_price,userID,vin,customerID) VALUES (252,'2023-07-02','Excellent',1984.05,11,'8WLKEABOQM5965804',101);
INSERT INTO Purchase(PurchaseID,purchase_date,condition_at_purchase,purchase_price,userID,vin,customerID) VALUES (253,'2023-07-02','Fair',1908.98,6,'IQ73NEIBJNB403342',65);
INSERT INTO Purchase(PurchaseID,purchase_date,condition_at_purchase,purchase_price,userID,vin,customerID) VALUES (254,'2023-07-05','Good',2243.43,6,'J6OMNLGS2AO161351',103);
INSERT INTO Purchase(PurchaseID,purchase_date,condition_at_purchase,purchase_price,userID,vin,customerID) VALUES (255,'2023-07-05','Excellent',3729.30,5,'JBPIGW2CI42143239',96);
INSERT INTO Purchase(PurchaseID,purchase_date,condition_at_purchase,purchase_price,userID,vin,customerID) VALUES (256,'2023-07-06','Excellent',1947.58,17,'BH6Z8Q8YUSV665327',18);
INSERT INTO Purchase(PurchaseID,purchase_date,condition_at_purchase,purchase_price,userID,vin,customerID) VALUES (257,'2023-07-08','Fair',3639.95,5,'KZQ5C1NSWAJ790169',25);
INSERT INTO Purchase(PurchaseID,purchase_date,condition_at_purchase,purchase_price,userID,vin,customerID) VALUES (258,'2023-07-09','Very Good',1670.87,7,'EUNRBUAUCXQ934676',180);
INSERT INTO Purchase(PurchaseID,purchase_date,condition_at_purchase,purchase_price,userID,vin,customerID) VALUES (259,'2023-07-09','Good',3209.95,14,'I2Y84J2JYUI249817',45);
INSERT INTO Purchase(PurchaseID,purchase_date,condition_at_purchase,purchase_price,userID,vin,customerID) VALUES (260,'2023-07-17','Excellent',1621.16,10,'FXCJT6N4BUT928292',139);
INSERT INTO Purchase(PurchaseID,purchase_date,condition_at_purchase,purchase_price,userID,vin,customerID) VALUES (261,'2023-07-18','Excellent',5190.70,7,'Y0E0QLEFDDC702405',7);
INSERT INTO Purchase(PurchaseID,purchase_date,condition_at_purchase,purchase_price,userID,vin,customerID) VALUES (262,'2023-07-19','Excellent',4559.65,17,'SPE2WMY887O932788',196);
INSERT INTO Purchase(PurchaseID,purchase_date,condition_at_purchase,purchase_price,userID,vin,customerID) VALUES (263,'2023-07-20','Fair',4559.65,1,'LWA5MXOU4MD327938',170);
INSERT INTO Purchase(PurchaseID,purchase_date,condition_at_purchase,purchase_price,userID,vin,customerID) VALUES (264,'2023-07-21','Excellent',4123.82,7,'JA36JFM31V4526050',112);
INSERT INTO Purchase(PurchaseID,purchase_date,condition_at_purchase,purchase_price,userID,vin,customerID) VALUES (265,'2023-07-21','Fair',1265.21,6,'ZO6LSHSSJHC695220',81);
INSERT INTO Purchase(PurchaseID,purchase_date,condition_at_purchase,purchase_price,userID,vin,customerID) VALUES (266,'2023-07-22','Good',3754.85,14,'8LPZZLYHF77014597',63);
INSERT INTO Purchase(PurchaseID,purchase_date,condition_at_purchase,purchase_price,userID,vin,customerID) VALUES (267,'2023-07-22','Fair',3285.70,23,'MRHT53HXAKW856444',13);
INSERT INTO Purchase(PurchaseID,purchase_date,condition_at_purchase,purchase_price,userID,vin,customerID) VALUES (268,'2023-07-22','Fair',1014.91,6,'TVFRONGULQ7855167',154);
INSERT INTO Purchase(PurchaseID,purchase_date,condition_at_purchase,purchase_price,userID,vin,customerID) VALUES (269,'2023-07-24','Fair',3535.41,12,'8U653RXUMZY984495',108);
INSERT INTO Purchase(PurchaseID,purchase_date,condition_at_purchase,purchase_price,userID,vin,customerID) VALUES (270,'2023-07-24','Fair',1465.60,16,'PLPMWBZXIDB972615',84);
INSERT INTO Purchase(PurchaseID,purchase_date,condition_at_purchase,purchase_price,userID,vin,customerID) VALUES (271,'2023-07-24','Fair',3362.58,6,'U3SEY7BL74U428566',63);
INSERT INTO Purchase(PurchaseID,purchase_date,condition_at_purchase,purchase_price,userID,vin,customerID) VALUES (272,'2023-07-25','Good',8627.19,1,'POBJLZ8FZN0427016',192);
INSERT INTO Purchase(PurchaseID,purchase_date,condition_at_purchase,purchase_price,userID,vin,customerID) VALUES (273,'2023-07-26','Very Good',2834.73,6,'I7TC64WMFN3679469',13);
INSERT INTO Purchase(PurchaseID,purchase_date,condition_at_purchase,purchase_price,userID,vin,customerID) VALUES (274,'2023-07-27','Excellent',6549.15,1,'AOIDQU2ROYY946376',94);
INSERT INTO Purchase(PurchaseID,purchase_date,condition_at_purchase,purchase_price,userID,vin,customerID) VALUES (275,'2023-07-28','Excellent',5394.41,10,'Q3TT4GKZDHK659352',7);
INSERT INTO Purchase(PurchaseID,purchase_date,condition_at_purchase,purchase_price,userID,vin,customerID) VALUES (276,'2023-07-31','Good',1220.94,6,'4RJT1NOLXUG037441',89);
INSERT INTO Purchase(PurchaseID,purchase_date,condition_at_purchase,purchase_price,userID,vin,customerID) VALUES (277,'2023-08-01','Very Good',15213.67,14,'BKO2YY3HI56119138',30);
INSERT INTO Purchase(PurchaseID,purchase_date,condition_at_purchase,purchase_price,userID,vin,customerID) VALUES (278,'2023-08-01','Very Good',5730.36,17,'DABGHKVUB2D696619',77);
INSERT INTO Purchase(PurchaseID,purchase_date,condition_at_purchase,purchase_price,userID,vin,customerID) VALUES (279,'2023-08-03','Fair',3218.80,20,'4BW4C1KL6TZ577336',184);
INSERT INTO Purchase(PurchaseID,purchase_date,condition_at_purchase,purchase_price,userID,vin,customerID) VALUES (280,'2023-08-03','Very Good',1794.24,6,'EV4TH4BF5DQ470200',99);
INSERT INTO Purchase(PurchaseID,purchase_date,condition_at_purchase,purchase_price,userID,vin,customerID) VALUES (281,'2023-08-06','Good',3054.94,1,'MTBE6DK55IO892347',21);
INSERT INTO Purchase(PurchaseID,purchase_date,condition_at_purchase,purchase_price,userID,vin,customerID) VALUES (282,'2023-08-06','Excellent',2576.09,14,'Z1QCG3DRQAX515930',102);
INSERT INTO Purchase(PurchaseID,purchase_date,condition_at_purchase,purchase_price,userID,vin,customerID) VALUES (283,'2023-08-08','Excellent',1874.32,5,'XNUNZXGY3NC711419',105);
INSERT INTO Purchase(PurchaseID,purchase_date,condition_at_purchase,purchase_price,userID,vin,customerID) VALUES (284,'2023-08-10','Excellent',2315.28,16,'L3ETEZZL0ER968032',33);
INSERT INTO Purchase(PurchaseID,purchase_date,condition_at_purchase,purchase_price,userID,vin,customerID) VALUES (285,'2023-08-14','Excellent',2526.28,7,'A1GTY6T551Q455502',25);
INSERT INTO Purchase(PurchaseID,purchase_date,condition_at_purchase,purchase_price,userID,vin,customerID) VALUES (286,'2023-08-15','Excellent',1461.71,23,'N64LL1WC63N759701',190);
INSERT INTO Purchase(PurchaseID,purchase_date,condition_at_purchase,purchase_price,userID,vin,customerID) VALUES (287,'2023-08-19','Very Good',2793.26,14,'B5Q25XY368S364688',138);
INSERT INTO Purchase(PurchaseID,purchase_date,condition_at_purchase,purchase_price,userID,vin,customerID) VALUES (288,'2023-08-20','Good',1014.91,23,'5L5RPVESTIA976918',7);
INSERT INTO Purchase(PurchaseID,purchase_date,condition_at_purchase,purchase_price,userID,vin,customerID) VALUES (289,'2023-08-21','Fair',3332.56,10,'5JVO4MGJYXC563627',190);
INSERT INTO Purchase(PurchaseID,purchase_date,condition_at_purchase,purchase_price,userID,vin,customerID) VALUES (290,'2023-08-21','Excellent',8191.71,1,'EQPAH1SUF8O016349',157);
INSERT INTO Purchase(PurchaseID,purchase_date,condition_at_purchase,purchase_price,userID,vin,customerID) VALUES (291,'2023-08-21','Fair',3435.82,17,'NVHYWIDW4WI400980',76);
INSERT INTO Purchase(PurchaseID,purchase_date,condition_at_purchase,purchase_price,userID,vin,customerID) VALUES (292,'2023-08-21','Very Good',5043.96,16,'UVK0K4YAN4D361432',190);
INSERT INTO Purchase(PurchaseID,purchase_date,condition_at_purchase,purchase_price,userID,vin,customerID) VALUES (293,'2023-08-22','Very Good',2834.73,20,'MJT0LBERDE8792947',149);
INSERT INTO Purchase(PurchaseID,purchase_date,condition_at_purchase,purchase_price,userID,vin,customerID) VALUES (294,'2023-08-26','Fair',3076.00,19,'2N45QQ7SMY3757149',134);
INSERT INTO Purchase(PurchaseID,purchase_date,condition_at_purchase,purchase_price,userID,vin,customerID) VALUES (295,'2023-08-28','Fair',2570.77,5,'03KAPEOTGE8482192',156);
INSERT INTO Purchase(PurchaseID,purchase_date,condition_at_purchase,purchase_price,userID,vin,customerID) VALUES (296,'2023-08-28','Very Good',1716.10,19,'OY3DWMTTXNP309610',6);
INSERT INTO Purchase(PurchaseID,purchase_date,condition_at_purchase,purchase_price,userID,vin,customerID) VALUES (297,'2023-08-28','Excellent',1023.03,1,'SAN8CKZV8O6386790',171);
INSERT INTO Purchase(PurchaseID,purchase_date,condition_at_purchase,purchase_price,userID,vin,customerID) VALUES (298,'2023-08-29','Very Good',4856.09,23,'J05SWPOXE56492516',73);
INSERT INTO Purchase(PurchaseID,purchase_date,condition_at_purchase,purchase_price,userID,vin,customerID) VALUES (299,'2023-08-30','Fair',7257.96,5,'23VKNWAH4WQ056833',29);
INSERT INTO Purchase(PurchaseID,purchase_date,condition_at_purchase,purchase_price,userID,vin,customerID) VALUES (300,'2023-08-30','Fair',2097.26,6,'PLMR41N2YPR821121',26);



-- Sale
INSERT INTO Sale(saleID,sale_price,sale_date,userID,vin,customerID) VALUES (1,23017.20,'2022-08-14',24,'Z8KJQAZ0L2C379316',180);
INSERT INTO Sale(saleID,sale_price,sale_date,userID,vin,customerID) VALUES (2,4590.03,'2022-08-21',22,'2YHAF0V8512939431',85);
INSERT INTO Sale(saleID,sale_price,sale_date,userID,vin,customerID) VALUES (3,6537.17,'2022-08-22',1,'6WRD8C6784B120048',29);
INSERT INTO Sale(saleID,sale_price,sale_date,userID,vin,customerID) VALUES (4,12740.00,'2022-08-26',4,'V08JG7APNII434369',105);
INSERT INTO Sale(saleID,sale_price,sale_date,userID,vin,customerID) VALUES (5,2316.59,'2022-09-18',9,'06E4W168GDV777330',32);
INSERT INTO Sale(saleID,sale_price,sale_date,userID,vin,customerID) VALUES (6,5993.42,'2022-09-26',1,'8JVUFKHA0TM075506',39);
INSERT INTO Sale(saleID,sale_price,sale_date,userID,vin,customerID) VALUES (7,6406.99,'2022-09-28',15,'1J538YW76YE281757',5);
INSERT INTO Sale(saleID,sale_price,sale_date,userID,vin,customerID) VALUES (8,6494.38,'2022-10-05',15,'3EAZYH5SPE8904041',179);
INSERT INTO Sale(saleID,sale_price,sale_date,userID,vin,customerID) VALUES (9,6646.27,'2022-10-15',13,'KE1QKPKS6Q8459351',27);
INSERT INTO Sale(saleID,sale_price,sale_date,userID,vin,customerID) VALUES (10,7296.31,'2022-10-15',4,'WWMN8RWHPDM674733',193);
INSERT INTO Sale(saleID,sale_price,sale_date,userID,vin,customerID) VALUES (11,29424.60,'2022-10-24',2,'M3VW8YIQKWT779745',51);
INSERT INTO Sale(saleID,sale_price,sale_date,userID,vin,customerID) VALUES (12,4732.83,'2022-11-02',15,'NJFDCKXL34E222565',22);
INSERT INTO Sale(saleID,sale_price,sale_date,userID,vin,customerID) VALUES (13,16342.51,'2022-11-17',22,'1GIQVMBR2A2798107',41);
INSERT INTO Sale(saleID,sale_price,sale_date,userID,vin,customerID) VALUES (14,3674.88,'2022-11-26',24,'BW4Z2PQG761237438',105);
INSERT INTO Sale(saleID,sale_price,sale_date,userID,vin,customerID) VALUES (15,4511.46,'2022-11-30',26,'4BSRNVZZ2CQ691731',144);
INSERT INTO Sale(saleID,sale_price,sale_date,userID,vin,customerID) VALUES (16,4439.33,'2022-12-03',21,'NF2DBQEFZ0N234783',156);
INSERT INTO Sale(saleID,sale_price,sale_date,userID,vin,customerID) VALUES (17,5828.45,'2022-12-04',9,'1M1GEHMECS1730055',110);
INSERT INTO Sale(saleID,sale_price,sale_date,userID,vin,customerID) VALUES (18,3105.82,'2022-12-13',4,'W17V1HTH5IW129737',110);
INSERT INTO Sale(saleID,sale_price,sale_date,userID,vin,customerID) VALUES (19,18682.67,'2022-12-20',21,'EX0DFWC3FLW639681',51);
INSERT INTO Sale(saleID,sale_price,sale_date,userID,vin,customerID) VALUES (20,14367.37,'2022-12-20',8,'VTVE6444244403193',87);
INSERT INTO Sale(saleID,sale_price,sale_date,userID,vin,customerID) VALUES (21,5545.65,'2022-12-21',2,'QF6QBNKTPSA019446',31);
INSERT INTO Sale(saleID,sale_price,sale_date,userID,vin,customerID) VALUES (22,2651.70,'2022-12-26',26,'3464CBUBJ3G311266',36);
INSERT INTO Sale(saleID,sale_price,sale_date,userID,vin,customerID) VALUES (23,11692.19,'2022-12-26',2,'TRB4XOLO3Y2181257',130);
INSERT INTO Sale(saleID,sale_price,sale_date,userID,vin,customerID) VALUES (24,5826.66,'2022-12-28',22,'D244CUCA1UX127908',165);
INSERT INTO Sale(saleID,sale_price,sale_date,userID,vin,customerID) VALUES (25,4838.38,'2023-01-15',22,'65ISMOWUBDU569125',47);
INSERT INTO Sale(saleID,sale_price,sale_date,userID,vin,customerID) VALUES (26,1845.99,'2023-01-17',1,'GC27VB8JWCD457186',66);
INSERT INTO Sale(saleID,sale_price,sale_date,userID,vin,customerID) VALUES (27,9072.45,'2023-01-19',1,'QV77RP24AZ3546581',55);
INSERT INTO Sale(saleID,sale_price,sale_date,userID,vin,customerID) VALUES (28,11232.59,'2023-01-23',13,'MAO8BQ1NDT7049472',181);
INSERT INTO Sale(saleID,sale_price,sale_date,userID,vin,customerID) VALUES (29,50267.36,'2023-01-24',26,'2Y1UCXYY50T192604',136);
INSERT INTO Sale(saleID,sale_price,sale_date,userID,vin,customerID) VALUES (30,6487.53,'2023-01-25',8,'Q6C80HSWMFK634460',93);
INSERT INTO Sale(saleID,sale_price,sale_date,userID,vin,customerID) VALUES (31,1534.85,'2023-01-30',21,'FXR24KBAHFZ139993',13);
INSERT INTO Sale(saleID,sale_price,sale_date,userID,vin,customerID) VALUES (32,16975.42,'2023-02-07',1,'L712UQJXM4L524142',127);
INSERT INTO Sale(saleID,sale_price,sale_date,userID,vin,customerID) VALUES (33,7534.52,'2023-02-09',15,'JA7YVHAFRLT437706',173);
INSERT INTO Sale(saleID,sale_price,sale_date,userID,vin,customerID) VALUES (34,2331.81,'2023-02-15',8,'6ZG2Z4HYIKW532605',28);
INSERT INTO Sale(saleID,sale_price,sale_date,userID,vin,customerID) VALUES (35,8887.56,'2023-02-16',9,'KCXGZEVS1QW404654',191);
INSERT INTO Sale(saleID,sale_price,sale_date,userID,vin,customerID) VALUES (36,8021.69,'2023-02-19',22,'EDH6BDC74XY589172',192);
INSERT INTO Sale(saleID,sale_price,sale_date,userID,vin,customerID) VALUES (37,3097.64,'2023-02-22',21,'ZR3ABC4M7DZ405619',126);
INSERT INTO Sale(saleID,sale_price,sale_date,userID,vin,customerID) VALUES (38,5139.83,'2023-02-23',8,'3P0R7483FP1117876',49);
INSERT INTO Sale(saleID,sale_price,sale_date,userID,vin,customerID) VALUES (39,6551.03,'2023-02-23',9,'SO6WD25XQVR636495',66);
INSERT INTO Sale(saleID,sale_price,sale_date,userID,vin,customerID) VALUES (40,25101.41,'2023-02-24',22,'5MS17EW23YR611242',141);
INSERT INTO Sale(saleID,sale_price,sale_date,userID,vin,customerID) VALUES (41,7596.87,'2023-02-28',15,'F253TPAMQK3083569',107);
INSERT INTO Sale(saleID,sale_price,sale_date,userID,vin,customerID) VALUES (42,3309.23,'2023-03-01',13,'RAZB0H0MQX5869731',51);
INSERT INTO Sale(saleID,sale_price,sale_date,userID,vin,customerID) VALUES (43,5630.64,'2023-03-02',1,'R3Q6NWXL5OK028859',30);
INSERT INTO Sale(saleID,sale_price,sale_date,userID,vin,customerID) VALUES (44,15859.04,'2023-03-07',22,'VLYZ0TBEDGM584853',119);
INSERT INTO Sale(saleID,sale_price,sale_date,userID,vin,customerID) VALUES (45,3880.35,'2023-03-08',15,'IXZVB277TU2768773',135);
INSERT INTO Sale(saleID,sale_price,sale_date,userID,vin,customerID) VALUES (46,10678.71,'2023-03-10',9,'UDOHJKQNZRU355125',160);
INSERT INTO Sale(saleID,sale_price,sale_date,userID,vin,customerID) VALUES (47,7972.93,'2023-03-12',13,'DBF5M62ODXK242204',28);
INSERT INTO Sale(saleID,sale_price,sale_date,userID,vin,customerID) VALUES (48,4999.70,'2023-03-14',4,'ELA1OD0NP7S259553',145);
INSERT INTO Sale(saleID,sale_price,sale_date,userID,vin,customerID) VALUES (49,4011.60,'2023-03-17',24,'HTIAUKNL6TA101731',120);
INSERT INTO Sale(saleID,sale_price,sale_date,userID,vin,customerID) VALUES (50,3614.74,'2023-03-23',22,'LRB2H3BHPKX650155',29);
INSERT INTO Sale(saleID,sale_price,sale_date,userID,vin,customerID) VALUES (51,4339.63,'2023-03-26',9,'M4E2PBWXZFJ700371',119);
INSERT INTO Sale(saleID,sale_price,sale_date,userID,vin,customerID) VALUES (52,7944.70,'2023-03-27',21,'SC0ZRWACOEM768702',68);
INSERT INTO Sale(saleID,sale_price,sale_date,userID,vin,customerID) VALUES (53,4632.68,'2023-03-29',2,'NV7YPGMDYFH278949',165);
INSERT INTO Sale(saleID,sale_price,sale_date,userID,vin,customerID) VALUES (54,4775.11,'2023-03-29',15,'VJUYVX0SHHT606044',84);
INSERT INTO Sale(saleID,sale_price,sale_date,userID,vin,customerID) VALUES (55,9113.27,'2023-03-31',9,'I5E5PHXL5CF199096',199);
INSERT INTO Sale(saleID,sale_price,sale_date,userID,vin,customerID) VALUES (56,8775.72,'2023-04-02',21,'8W38A5ZZFKA123439',88);
INSERT INTO Sale(saleID,sale_price,sale_date,userID,vin,customerID) VALUES (57,4877.12,'2023-04-04',1,'FAQ8F8F300A215860',121);
INSERT INTO Sale(saleID,sale_price,sale_date,userID,vin,customerID) VALUES (58,1826.00,'2023-04-10',9,'XJMTKD21FUV756318',131);
INSERT INTO Sale(saleID,sale_price,sale_date,userID,vin,customerID) VALUES (59,6887.99,'2023-04-13',1,'ZBZRLDKTF22899385',179);
INSERT INTO Sale(saleID,sale_price,sale_date,userID,vin,customerID) VALUES (60,2022.67,'2023-04-14',24,'VPER1TKLOPC634179',1);
INSERT INTO Sale(saleID,sale_price,sale_date,userID,vin,customerID) VALUES (61,6214.49,'2023-04-17',9,'HJHFHI4TARG736468',91);
INSERT INTO Sale(saleID,sale_price,sale_date,userID,vin,customerID) VALUES (62,4002.02,'2023-04-21',8,'KBYS182F2ID559258',185);
INSERT INTO Sale(saleID,sale_price,sale_date,userID,vin,customerID) VALUES (63,4366.19,'2023-04-25',8,'NLYCMW5DAS5194596',106);
INSERT INTO Sale(saleID,sale_price,sale_date,userID,vin,customerID) VALUES (64,9157.58,'2023-04-28',1,'SLY1Q4WQXLP675951',143);
INSERT INTO Sale(saleID,sale_price,sale_date,userID,vin,customerID) VALUES (65,17537.48,'2023-04-28',4,'PI5K0FV5WKD862880',47);
INSERT INTO Sale(saleID,sale_price,sale_date,userID,vin,customerID) VALUES (66,2971.05,'2023-05-01',8,'1U7J5TO2RMU974230',83);
INSERT INTO Sale(saleID,sale_price,sale_date,userID,vin,customerID) VALUES (67,3276.56,'2023-05-01',24,'EQ22HWH3DG1475247',138);
INSERT INTO Sale(saleID,sale_price,sale_date,userID,vin,customerID) VALUES (68,5014.09,'2023-05-02',13,'BQ1P8TA2OBE090669',47);
INSERT INTO Sale(saleID,sale_price,sale_date,userID,vin,customerID) VALUES (69,2891.47,'2023-05-03',1,'72OI8SLM4HN113041',141);
INSERT INTO Sale(saleID,sale_price,sale_date,userID,vin,customerID) VALUES (70,5168.97,'2023-05-04',24,'XUYF42BKSWK479574',84);
INSERT INTO Sale(saleID,sale_price,sale_date,userID,vin,customerID) VALUES (71,2342.90,'2023-05-06',13,'U2SEQATJQIP647043',66);
INSERT INTO Sale(saleID,sale_price,sale_date,userID,vin,customerID) VALUES (72,2763.62,'2023-05-08',13,'WKNIUEPLNDU378894',176);
INSERT INTO Sale(saleID,sale_price,sale_date,userID,vin,customerID) VALUES (73,4823.85,'2023-05-12',2,'FPJBMT3OOG8061158',64);
INSERT INTO Sale(saleID,sale_price,sale_date,userID,vin,customerID) VALUES (74,3178.89,'2023-05-21',22,'UKRLDVVBSZZ487336',199);
INSERT INTO Sale(saleID,sale_price,sale_date,userID,vin,customerID) VALUES (75,2117.08,'2023-05-22',13,'A1S3JZU0RGM394036',100);
INSERT INTO Sale(saleID,sale_price,sale_date,userID,vin,customerID) VALUES (76,5643.04,'2023-05-23',8,'F37VOS4G0QV020629',172);
INSERT INTO Sale(saleID,sale_price,sale_date,userID,vin,customerID) VALUES (77,2042.32,'2023-05-23',9,'340C5KYKWVM715838',190);
INSERT INTO Sale(saleID,sale_price,sale_date,userID,vin,customerID) VALUES (78,1804.40,'2023-05-23',9,'BROAYF3JXYB733688',158);
INSERT INTO Sale(saleID,sale_price,sale_date,userID,vin,customerID) VALUES (79,8493.95,'2023-05-24',15,'0RTZMNEP443530450',84);
INSERT INTO Sale(saleID,sale_price,sale_date,userID,vin,customerID) VALUES (80,7852.87,'2023-05-24',15,'MJZ2P85E65M015209',92);
INSERT INTO Sale(saleID,sale_price,sale_date,userID,vin,customerID) VALUES (81,3663.85,'2023-05-25',13,'RTV8NXYO2D4310350',171);
INSERT INTO Sale(saleID,sale_price,sale_date,userID,vin,customerID) VALUES (82,7951.00,'2023-05-26',1,'VWWOX3PM6QD757820',86);
INSERT INTO Sale(saleID,sale_price,sale_date,userID,vin,customerID) VALUES (83,1883.13,'2023-05-30',9,'2MSC0A8PW8U686208',149);
INSERT INTO Sale(saleID,sale_price,sale_date,userID,vin,customerID) VALUES (84,26606.07,'2023-05-30',22,'HXP0L3Y7NRP032607',28);
INSERT INTO Sale(saleID,sale_price,sale_date,userID,vin,customerID) VALUES (85,10432.46,'2023-05-30',9,'JS0Y5W8KIDC106093',11);
INSERT INTO Sale(saleID,sale_price,sale_date,userID,vin,customerID) VALUES (86,3355.42,'2023-06-01',24,'EZ144Z2QAJC644839',111);
INSERT INTO Sale(saleID,sale_price,sale_date,userID,vin,customerID) VALUES (87,2940.86,'2023-06-03',24,'YA0EN8KRBAN266216',108);
INSERT INTO Sale(saleID,sale_price,sale_date,userID,vin,customerID) VALUES (88,11600.59,'2023-06-06',1,'GTTYZXB3YJG754847',131);
INSERT INTO Sale(saleID,sale_price,sale_date,userID,vin,customerID) VALUES (89,3398.72,'2023-06-06',24,'NM3BN4RJS1M492634',53);
INSERT INTO Sale(saleID,sale_price,sale_date,userID,vin,customerID) VALUES (90,5059.94,'2023-06-06',15,'U8CPVV20LCB872591',38);
INSERT INTO Sale(saleID,sale_price,sale_date,userID,vin,customerID) VALUES (91,4777.79,'2023-06-06',24,'WQGPTZ2HOU7481211',152);
INSERT INTO Sale(saleID,sale_price,sale_date,userID,vin,customerID) VALUES (92,9209.06,'2023-06-06',24,'8UU0VC3VENC905922',114);
INSERT INTO Sale(saleID,sale_price,sale_date,userID,vin,customerID) VALUES (93,9810.62,'2023-06-06',26,'PYWDSWXK5X5262660',146);
INSERT INTO Sale(saleID,sale_price,sale_date,userID,vin,customerID) VALUES (94,15659.34,'2023-06-08',26,'8VGJ74SC8UK076966',23);
INSERT INTO Sale(saleID,sale_price,sale_date,userID,vin,customerID) VALUES (95,5108.23,'2023-06-08',4,'72SCGHC1RB4779672',13);
INSERT INTO Sale(saleID,sale_price,sale_date,userID,vin,customerID) VALUES (96,10723.45,'2023-06-08',4,'MRHV8EI5ETH324409',7);
INSERT INTO Sale(saleID,sale_price,sale_date,userID,vin,customerID) VALUES (97,2404.73,'2023-06-09',4,'8FDAK0CPTWA122888',25);
INSERT INTO Sale(saleID,sale_price,sale_date,userID,vin,customerID) VALUES (98,5248.70,'2023-06-10',4,'FA7LJ664E04088299',193);
INSERT INTO Sale(saleID,sale_price,sale_date,userID,vin,customerID) VALUES (99,1674.35,'2023-06-10',9,'HRBDCA8RAE0685886',41);
INSERT INTO Sale(saleID,sale_price,sale_date,userID,vin,customerID) VALUES (100,11959.51,'2023-06-10',8,'UYQXFHB268D227085',80);
INSERT INTO Sale(saleID,sale_price,sale_date,userID,vin,customerID) VALUES (101,2398.04,'2023-06-11',21,'RH3XN0D50EO772614',194);
INSERT INTO Sale(saleID,sale_price,sale_date,userID,vin,customerID) VALUES (102,9270.33,'2023-06-12',13,'QWYUAF6GIGE744209',81);
INSERT INTO Sale(saleID,sale_price,sale_date,userID,vin,customerID) VALUES (103,18479.85,'2023-06-12',1,'U6AKQW00N22614671',166);
INSERT INTO Sale(saleID,sale_price,sale_date,userID,vin,customerID) VALUES (104,7231.28,'2023-06-13',1,'OMJKHKQNFKJ761643',138);
INSERT INTO Sale(saleID,sale_price,sale_date,userID,vin,customerID) VALUES (105,4311.33,'2023-06-14',1,'KEZRVGOFFMA250868',146);
INSERT INTO Sale(saleID,sale_price,sale_date,userID,vin,customerID) VALUES (106,6833.84,'2023-06-14',24,'PFRYPJOGJ51531310',169);
INSERT INTO Sale(saleID,sale_price,sale_date,userID,vin,customerID) VALUES (107,27372.20,'2023-06-16',4,'YFV4PPW4SW8405660',142);
INSERT INTO Sale(saleID,sale_price,sale_date,userID,vin,customerID) VALUES (108,3994.45,'2023-06-17',2,'LQHDVXVOOUT107133',19);
INSERT INTO Sale(saleID,sale_price,sale_date,userID,vin,customerID) VALUES (109,6122.59,'2023-06-17',26,'GNJQGN3RWIT431179',178);
INSERT INTO Sale(saleID,sale_price,sale_date,userID,vin,customerID) VALUES (110,3631.65,'2023-06-18',21,'L6EFDBPTY1B405814',185);
INSERT INTO Sale(saleID,sale_price,sale_date,userID,vin,customerID) VALUES (111,9201.16,'2023-06-19',21,'PKFGEZTKARS310898',197);
INSERT INTO Sale(saleID,sale_price,sale_date,userID,vin,customerID) VALUES (112,3507.02,'2023-06-21',1,'323F5QUAPKX190724',136);
INSERT INTO Sale(saleID,sale_price,sale_date,userID,vin,customerID) VALUES (113,2751.53,'2023-06-21',4,'EYTJ0RTAAHK130156',176);
INSERT INTO Sale(saleID,sale_price,sale_date,userID,vin,customerID) VALUES (114,6863.51,'2023-06-26',8,'IZPS1NTRXAH046134',81);
INSERT INTO Sale(saleID,sale_price,sale_date,userID,vin,customerID) VALUES (115,3705.66,'2023-06-28',9,'FW817ZV3BVG215163',143);
INSERT INTO Sale(saleID,sale_price,sale_date,userID,vin,customerID) VALUES (116,31008.98,'2023-06-28',26,'HGHHV1IWCUX780355',109);
INSERT INTO Sale(saleID,sale_price,sale_date,userID,vin,customerID) VALUES (117,4151.40,'2023-06-29',15,'RXLO3PC8EG8307071',68);
INSERT INTO Sale(saleID,sale_price,sale_date,userID,vin,customerID) VALUES (118,4111.15,'2023-06-30',22,'T1TFNQC1QZ0222284',123);
INSERT INTO Sale(saleID,sale_price,sale_date,userID,vin,customerID) VALUES (119,6648.27,'2023-07-02',24,'BYNUGAHZM1L977542',179);
INSERT INTO Sale(saleID,sale_price,sale_date,userID,vin,customerID) VALUES (120,5100.30,'2023-07-04',4,'ZI36738ITE3999852',197);
INSERT INTO Sale(saleID,sale_price,sale_date,userID,vin,customerID) VALUES (121,10754.93,'2023-07-04',13,'1MV1LD01B0D736628',122);
INSERT INTO Sale(saleID,sale_price,sale_date,userID,vin,customerID) VALUES (122,2821.52,'2023-07-06',22,'8CR4YKPMHVR077313',86);
INSERT INTO Sale(saleID,sale_price,sale_date,userID,vin,customerID) VALUES (123,8377.91,'2023-07-06',9,'LYPZILOBZ87153615',121);
INSERT INTO Sale(saleID,sale_price,sale_date,userID,vin,customerID) VALUES (124,10191.83,'2023-07-07',22,'F42NYNK4BK3657449',15);
INSERT INTO Sale(saleID,sale_price,sale_date,userID,vin,customerID) VALUES (125,7755.20,'2023-07-08',15,'2DHOH4P4672123749',181);
INSERT INTO Sale(saleID,sale_price,sale_date,userID,vin,customerID) VALUES (126,6440.29,'2023-07-08',15,'SL5LRZAJFUI810871',102);
INSERT INTO Sale(saleID,sale_price,sale_date,userID,vin,customerID) VALUES (127,4301.89,'2023-07-09',26,'CNBSW7RMXAE536762',195);
INSERT INTO Sale(saleID,sale_price,sale_date,userID,vin,customerID) VALUES (128,17551.20,'2023-07-11',26,'4TJ5T18OMFN710800',20);
INSERT INTO Sale(saleID,sale_price,sale_date,userID,vin,customerID) VALUES (129,6625.96,'2023-07-12',21,'GHEDZEHRLGJ237205',35);
INSERT INTO Sale(saleID,sale_price,sale_date,userID,vin,customerID) VALUES (130,6233.11,'2023-07-12',24,'B68KFH50SOO194215',27);
INSERT INTO Sale(saleID,sale_price,sale_date,userID,vin,customerID) VALUES (131,6325.67,'2023-07-13',2,'2JUBCDLLXSB731848',143);
INSERT INTO Sale(saleID,sale_price,sale_date,userID,vin,customerID) VALUES (132,3300.79,'2023-07-14',22,'W1R2THVZD6L234135',79);
INSERT INTO Sale(saleID,sale_price,sale_date,userID,vin,customerID) VALUES (133,13734.88,'2023-07-16',2,'1JRH0ZBVOBE937509',7);
INSERT INTO Sale(saleID,sale_price,sale_date,userID,vin,customerID) VALUES (134,8444.08,'2023-07-17',21,'2LUXDFJTYZA796766',103);
INSERT INTO Sale(saleID,sale_price,sale_date,userID,vin,customerID) VALUES (135,1486.58,'2023-07-17',1,'67BQ74RV204502543',115);
INSERT INTO Sale(saleID,sale_price,sale_date,userID,vin,customerID) VALUES (136,4662.97,'2023-07-17',8,'ME064DUO8S0025936',147);
INSERT INTO Sale(saleID,sale_price,sale_date,userID,vin,customerID) VALUES (137,4554.12,'2023-07-17',24,'QVSOV4QTXAE520972',55);
INSERT INTO Sale(saleID,sale_price,sale_date,userID,vin,customerID) VALUES (138,16201.79,'2023-07-20',26,'MM2NLRDRNXX156196',81);
INSERT INTO Sale(saleID,sale_price,sale_date,userID,vin,customerID) VALUES (139,6488.38,'2023-07-20',15,'IHYW5EQH7SL835482',35);
INSERT INTO Sale(saleID,sale_price,sale_date,userID,vin,customerID) VALUES (140,2140.78,'2023-07-21',21,'6LYU65SHD4H127612',43);
INSERT INTO Sale(saleID,sale_price,sale_date,userID,vin,customerID) VALUES (141,2028.43,'2023-07-22',2,'EZ308PJB831681306',29);
INSERT INTO Sale(saleID,sale_price,sale_date,userID,vin,customerID) VALUES (142,7249.22,'2023-07-25',4,'036EG6XGHFJ822528',81);
INSERT INTO Sale(saleID,sale_price,sale_date,userID,vin,customerID) VALUES (143,6834.07,'2023-07-25',26,'0JMXH7GQF1K570196',47);
INSERT INTO Sale(saleID,sale_price,sale_date,userID,vin,customerID) VALUES (144,4464.44,'2023-07-25',4,'U4DAG21M25I154677',135);
INSERT INTO Sale(saleID,sale_price,sale_date,userID,vin,customerID) VALUES (145,1730.06,'2023-07-26',24,'IUTAUS27FGO848930',85);
INSERT INTO Sale(saleID,sale_price,sale_date,userID,vin,customerID) VALUES (146,6504.56,'2023-07-26',24,'2BEGOJVB21D198188',156);
INSERT INTO Sale(saleID,sale_price,sale_date,userID,vin,customerID) VALUES (147,7018.42,'2023-07-26',2,'2YTUEYSLDJG398062',36);
INSERT INTO Sale(saleID,sale_price,sale_date,userID,vin,customerID) VALUES (148,8826.88,'2023-07-26',2,'IK0HARFDHRY246462',71);
INSERT INTO Sale(saleID,sale_price,sale_date,userID,vin,customerID) VALUES (149,9028.13,'2023-07-29',15,'UAITKQ7KMQN776987',169);
INSERT INTO Sale(saleID,sale_price,sale_date,userID,vin,customerID) VALUES (150,3758.49,'2023-07-30',8,'L535DHDAU62985677',100);
INSERT INTO Sale(saleID,sale_price,sale_date,userID,vin,customerID) VALUES (151,8112.49,'2023-07-30',26,'3NED8CVSG6V494138',186);
INSERT INTO Sale(saleID,sale_price,sale_date,userID,vin,customerID) VALUES (152,5699.56,'2023-07-30',8,'KW1EHM2N1UB940362',21);
INSERT INTO Sale(saleID,sale_price,sale_date,userID,vin,customerID) VALUES (153,5527.55,'2023-08-01',24,'B1NDXK4VPM8021524',116);
INSERT INTO Sale(saleID,sale_price,sale_date,userID,vin,customerID) VALUES (154,9386.88,'2023-08-03',13,'1A8CMLRTUGR146952',82);
INSERT INTO Sale(saleID,sale_price,sale_date,userID,vin,customerID) VALUES (155,1380.66,'2023-08-03',8,'A58PSDYJWYD029917',23);
INSERT INTO Sale(saleID,sale_price,sale_date,userID,vin,customerID) VALUES (156,8793.14,'2023-08-03',9,'TOIFP5YHHJC099537',34);
INSERT INTO Sale(saleID,sale_price,sale_date,userID,vin,customerID) VALUES (157,11073.21,'2023-08-04',4,'O1C66KL1VK4840531',81);
INSERT INTO Sale(saleID,sale_price,sale_date,userID,vin,customerID) VALUES (158,2826.87,'2023-08-04',13,'U1GXDUQ2NVP642154',102);
INSERT INTO Sale(saleID,sale_price,sale_date,userID,vin,customerID) VALUES (159,34346.50,'2023-08-07',2,'E5W8EPPWZS0896119',182);
INSERT INTO Sale(saleID,sale_price,sale_date,userID,vin,customerID) VALUES (160,4148.52,'2023-08-08',4,'73HIEJVMY26464395',98);
INSERT INTO Sale(saleID,sale_price,sale_date,userID,vin,customerID) VALUES (161,5425.63,'2023-08-08',13,'1P2ISJXQKIW025651',40);
INSERT INTO Sale(saleID,sale_price,sale_date,userID,vin,customerID) VALUES (162,8153.78,'2023-08-09',24,'4HVC60L66KI459720',88);
INSERT INTO Sale(saleID,sale_price,sale_date,userID,vin,customerID) VALUES (163,4155.72,'2023-08-09',4,'LLPNU12CY5C440662',70);
INSERT INTO Sale(saleID,sale_price,sale_date,userID,vin,customerID) VALUES (164,1425.64,'2023-08-11',15,'30YUJXKGY7I314746',158);
INSERT INTO Sale(saleID,sale_price,sale_date,userID,vin,customerID) VALUES (165,1845.99,'2023-08-11',21,'RRRZH6PBRYY000587',107);
INSERT INTO Sale(saleID,sale_price,sale_date,userID,vin,customerID) VALUES (166,6232.04,'2023-08-12',9,'5IZQ0A8JNL8536828',98);
INSERT INTO Sale(saleID,sale_price,sale_date,userID,vin,customerID) VALUES (167,5128.10,'2023-08-12',24,'8SGNAEKKQ0B252643',112);
INSERT INTO Sale(saleID,sale_price,sale_date,userID,vin,customerID) VALUES (168,1879.95,'2023-08-12',4,'13DN4WJV2HW654524',131);
INSERT INTO Sale(saleID,sale_price,sale_date,userID,vin,customerID) VALUES (169,5154.78,'2023-08-12',22,'ETRV7OGUK1A265022',79);
INSERT INTO Sale(saleID,sale_price,sale_date,userID,vin,customerID) VALUES (170,15448.96,'2023-08-13',21,'V73RJYYHEIT850422',167);
INSERT INTO Sale(saleID,sale_price,sale_date,userID,vin,customerID) VALUES (171,3722.18,'2023-08-14',26,'W85FIU0UPWJ342063',114);
INSERT INTO Sale(saleID,sale_price,sale_date,userID,vin,customerID) VALUES (172,2625.20,'2023-08-14',15,'J1MG8R7RAZX116769',154);
INSERT INTO Sale(saleID,sale_price,sale_date,userID,vin,customerID) VALUES (173,11771.13,'2023-08-15',8,'15WH5TNL8GD986516',88);
INSERT INTO Sale(saleID,sale_price,sale_date,userID,vin,customerID) VALUES (174,6731.63,'2023-08-17',1,'N5QQ2WLB5PL198189',103);
INSERT INTO Sale(saleID,sale_price,sale_date,userID,vin,customerID) VALUES (175,6841.31,'2023-08-18',8,'1V61QHRD20E210923',69);
INSERT INTO Sale(saleID,sale_price,sale_date,userID,vin,customerID) VALUES (176,1832.00,'2023-08-20',9,'P7NLPCKCGFU554815',118);
INSERT INTO Sale(saleID,sale_price,sale_date,userID,vin,customerID) VALUES (177,3543.41,'2023-08-20',9,'QPMO737UII0340028',73);
INSERT INTO Sale(saleID,sale_price,sale_date,userID,vin,customerID) VALUES (178,4023.50,'2023-08-20',2,'JS7IRJMSXPC511509',98);
INSERT INTO Sale(saleID,sale_price,sale_date,userID,vin,customerID) VALUES (179,11685.34,'2023-08-20',26,'Z0405USEZKH796737',26);
INSERT INTO Sale(saleID,sale_price,sale_date,userID,vin,customerID) VALUES (180,13589.62,'2023-08-22',8,'GEW8SXH3TWS985107',11);
INSERT INTO Sale(saleID,sale_price,sale_date,userID,vin,customerID) VALUES (181,3390.24,'2023-08-23',8,'ZUG6F1Z7LAY309325',126);
INSERT INTO Sale(saleID,sale_price,sale_date,userID,vin,customerID) VALUES (182,44746.98,'2023-08-23',21,'OQPBCN4Y1YB733979',59);
INSERT INTO Sale(saleID,sale_price,sale_date,userID,vin,customerID) VALUES (183,7162.95,'2023-08-23',15,'7ZGFTG3CJWB276675',15);
INSERT INTO Sale(saleID,sale_price,sale_date,userID,vin,customerID) VALUES (184,6374.46,'2023-08-23',26,'K3MTK4TIJNU760358',93);
INSERT INTO Sale(saleID,sale_price,sale_date,userID,vin,customerID) VALUES (185,4614.36,'2023-08-24',4,'EJET1HMTOKB682315',198);
INSERT INTO Sale(saleID,sale_price,sale_date,userID,vin,customerID) VALUES (186,3736.95,'2023-08-25',13,'NKY5WJPCYVC675161',185);
INSERT INTO Sale(saleID,sale_price,sale_date,userID,vin,customerID) VALUES (187,2874.18,'2023-08-26',1,'0XPRYKN4QTB854977',62);
INSERT INTO Sale(saleID,sale_price,sale_date,userID,vin,customerID) VALUES (188,1526.18,'2023-08-26',13,'K4IZJXWXWJR973290',134);
INSERT INTO Sale(saleID,sale_price,sale_date,userID,vin,customerID) VALUES (189,7978.96,'2023-08-26',26,'F032TW1LYVD881430',68);
INSERT INTO Sale(saleID,sale_price,sale_date,userID,vin,customerID) VALUES (190,4911.67,'2023-08-27',2,'1C05IGNBBB6823554',141);
INSERT INTO Sale(saleID,sale_price,sale_date,userID,vin,customerID) VALUES (191,6751.90,'2023-08-27',15,'0SR7K3TGOVW149442',36);
INSERT INTO Sale(saleID,sale_price,sale_date,userID,vin,customerID) VALUES (192,22216.68,'2023-08-27',26,'BCTZOAWQMHJ300759',127);
INSERT INTO Sale(saleID,sale_price,sale_date,userID,vin,customerID) VALUES (193,3934.00,'2023-08-27',1,'ZDNMEDH0CHN556637',14);
INSERT INTO Sale(saleID,sale_price,sale_date,userID,vin,customerID) VALUES (194,1827.14,'2023-08-28',13,'0A45MTRRJ3K877609',126);
INSERT INTO Sale(saleID,sale_price,sale_date,userID,vin,customerID) VALUES (195,2214.86,'2023-08-29',15,'OMDPS8X50N7546352',30);
INSERT INTO Sale(saleID,sale_price,sale_date,userID,vin,customerID) VALUES (196,5005.70,'2023-08-29',4,'UU2VI1MPOCJ886472',13);
INSERT INTO Sale(saleID,sale_price,sale_date,userID,vin,customerID) VALUES (197,1278.79,'2023-08-29',13,'63OUTYEBN7D928507',69);
INSERT INTO Sale(saleID,sale_price,sale_date,userID,vin,customerID) VALUES (198,13837.62,'2023-08-30',9,'UDK1102XNQ4362369',145);
INSERT INTO Sale(saleID,sale_price,sale_date,userID,vin,customerID) VALUES (199,7601.58,'2023-08-30',24,'ZIOB2UP8DA8102221',39);
INSERT INTO Sale(saleID,sale_price,sale_date,userID,vin,customerID) VALUES (200,8036.88,'2023-08-30',22,'2CB6WLH88NB344487',3);
INSERT INTO Sale(saleID,sale_price,sale_date,userID,vin,customerID) VALUES (201,9262.35,'2023-08-31',24,'ZPSM0A6MZXM357384',42);




-- VENDOR

INSERT INTO Vendor(vendor_name,phone_number,street,city,state,postal_code) VALUES ('Bioholding','4708285765','1080 13-street','Laredo','VA','20618');
INSERT INTO Vendor(vendor_name,phone_number,street,city,state,postal_code) VALUES ('Doncon','8634240978','4134 1-street','Honolulu','CO','53516');
INSERT INTO Vendor(vendor_name,phone_number,street,city,state,postal_code) VALUES ('Donquadtech','4330271138','6342 10-street','Greensboro','NJ','21568');
INSERT INTO Vendor(vendor_name,phone_number,street,city,state,postal_code) VALUES ('Dontechi','4349799101','1980 19-street','Kansas City','AZ','15321');
INSERT INTO Vendor(vendor_name,phone_number,street,city,state,postal_code) VALUES ('Donware','3524489162','1082 16-street','Jersey City','CA','46411');
INSERT INTO Vendor(vendor_name,phone_number,street,city,state,postal_code) VALUES ('Faxquote','8628022276','3533 14-street','San Antonio','TX','45774');
INSERT INTO Vendor(vendor_name,phone_number,street,city,state,postal_code) VALUES ('Green-Plus','4949676580','8190 14-street','Anaheim','CA','47198');
INSERT INTO Vendor(vendor_name,phone_number,street,city,state,postal_code) VALUES ('Isdom','7773737055','3447 3-street','Colorado Springs','NE','42275');
INSERT INTO Vendor(vendor_name,phone_number,street,city,state,postal_code) VALUES ('J-Texon','4336879232','6594 20-street','Louisville/Jefferson County','OR','75254');
INSERT INTO Vendor(vendor_name,phone_number,street,city,state,postal_code) VALUES ('Konmatfix','5826379602','5602 11-street','St. Paul','OH','82076');
INSERT INTO Vendor(vendor_name,phone_number,street,city,state,postal_code) VALUES ('Newex','6597177673','1421 7-street','Chula Vista','IN','29195');
INSERT INTO Vendor(vendor_name,phone_number,street,city,state,postal_code) VALUES ('Ontomedia','1287442780','430 11-street','Buffalo','NJ','52404');
INSERT INTO Vendor(vendor_name,phone_number,street,city,state,postal_code) VALUES ('Plusstrip','3314841835','9626 13-street','Pittsburgh','AK','27911');
INSERT INTO Vendor(vendor_name,phone_number,street,city,state,postal_code) VALUES ('Rundofase','1145674122','1671 17-street','Lexington-Fayette','PA','31823');
INSERT INTO Vendor(vendor_name,phone_number,street,city,state,postal_code) VALUES ('Scotfind','6602654784','7881 14-street','San Francisco','CA','78014');
INSERT INTO Vendor(vendor_name,phone_number,street,city,state,postal_code) VALUES ('Stanredtax','9669721351','3849 17-street','Chicago','IL','88447');
INSERT INTO Vendor(vendor_name,phone_number,street,city,state,postal_code) VALUES ('Streethex','3157040219','321 9-street','Fresno','CA','53376');
INSERT INTO Vendor(vendor_name,phone_number,street,city,state,postal_code) VALUES ('Sumace','2740994602','9854 19-street','Cincinnati','MN','20643');
INSERT INTO Vendor(vendor_name,phone_number,street,city,state,postal_code) VALUES ('Xx-zobam','1024912710','2887 11-street','Arlington','LA','95543');
INSERT INTO Vendor(vendor_name,phone_number,street,city,state,postal_code) VALUES ('Yearin','4600382366','15 7-street','Detroit','MI','19807');


--- Parts Order
INSERT INTO PartsOrder(Purchase_order_number,VIN,vendor_name) VALUES ('036EG6XGHFJ822528-001','036EG6XGHFJ822528','Bioholding');
INSERT INTO PartsOrder(Purchase_order_number,VIN,vendor_name) VALUES ('0O56VQ0TP1C342110-005','0O56VQ0TP1C342110','Bioholding');
INSERT INTO PartsOrder(Purchase_order_number,VIN,vendor_name) VALUES ('0SR7K3TGOVW149442-003','0SR7K3TGOVW149442','Bioholding');
INSERT INTO PartsOrder(Purchase_order_number,VIN,vendor_name) VALUES ('0SR7K3TGOVW149442-004','0SR7K3TGOVW149442','Bioholding');
INSERT INTO PartsOrder(Purchase_order_number,VIN,vendor_name) VALUES ('1RMG763RUOZ482821-002','1RMG763RUOZ482821','Bioholding');
INSERT INTO PartsOrder(Purchase_order_number,VIN,vendor_name) VALUES ('1RMG763RUOZ482821-003','1RMG763RUOZ482821','Bioholding');
INSERT INTO PartsOrder(Purchase_order_number,VIN,vendor_name) VALUES ('1U7J5TO2RMU974230-001','1U7J5TO2RMU974230','Bioholding');
INSERT INTO PartsOrder(Purchase_order_number,VIN,vendor_name) VALUES ('1V61QHRD20E210923-002','1V61QHRD20E210923','Bioholding');
INSERT INTO PartsOrder(Purchase_order_number,VIN,vendor_name) VALUES ('2Y1UCXYY50T192604-005','2Y1UCXYY50T192604','Bioholding');
INSERT INTO PartsOrder(Purchase_order_number,VIN,vendor_name) VALUES ('3EAZYH5SPE8904041-001','3EAZYH5SPE8904041','Bioholding');
INSERT INTO PartsOrder(Purchase_order_number,VIN,vendor_name) VALUES ('55M41D1AGKW204016-003','55M41D1AGKW204016','Bioholding');
INSERT INTO PartsOrder(Purchase_order_number,VIN,vendor_name) VALUES ('6ZG2Z4HYIKW532605-001','6ZG2Z4HYIKW532605','Bioholding');
INSERT INTO PartsOrder(Purchase_order_number,VIN,vendor_name) VALUES ('A1GTY6T551Q455502-001','A1GTY6T551Q455502','Bioholding');
INSERT INTO PartsOrder(Purchase_order_number,VIN,vendor_name) VALUES ('EJET1HMTOKB682315-001','EJET1HMTOKB682315','Bioholding');
INSERT INTO PartsOrder(Purchase_order_number,VIN,vendor_name) VALUES ('F42NYNK4BK3657449-002','F42NYNK4BK3657449','Bioholding');
INSERT INTO PartsOrder(Purchase_order_number,VIN,vendor_name) VALUES ('HJHFHI4TARG736468-001','HJHFHI4TARG736468','Bioholding');
INSERT INTO PartsOrder(Purchase_order_number,VIN,vendor_name) VALUES ('I5E5PHXL5CF199096-002','I5E5PHXL5CF199096','Bioholding');
INSERT INTO PartsOrder(Purchase_order_number,VIN,vendor_name) VALUES ('J05SWPOXE56492516-001','J05SWPOXE56492516','Bioholding');
INSERT INTO PartsOrder(Purchase_order_number,VIN,vendor_name) VALUES ('JA7U5AG0WEE170652-001','JA7U5AG0WEE170652','Bioholding');
INSERT INTO PartsOrder(Purchase_order_number,VIN,vendor_name) VALUES ('LYPZILOBZ87153615-003','LYPZILOBZ87153615','Bioholding');
INSERT INTO PartsOrder(Purchase_order_number,VIN,vendor_name) VALUES ('ME064DUO8S0025936-005','ME064DUO8S0025936','Bioholding');
INSERT INTO PartsOrder(Purchase_order_number,VIN,vendor_name) VALUES ('MPXFMDRYC6D036656-005','MPXFMDRYC6D036656','Bioholding');
INSERT INTO PartsOrder(Purchase_order_number,VIN,vendor_name) VALUES ('MTBE6DK55IO892347-002','MTBE6DK55IO892347','Bioholding');
INSERT INTO PartsOrder(Purchase_order_number,VIN,vendor_name) VALUES ('N64LL1WC63N759701-001','N64LL1WC63N759701','Bioholding');
INSERT INTO PartsOrder(Purchase_order_number,VIN,vendor_name) VALUES ('OY3DWMTTXNP309610-003','OY3DWMTTXNP309610','Bioholding');
INSERT INTO PartsOrder(Purchase_order_number,VIN,vendor_name) VALUES ('P54475O4N8K403608-001','P54475O4N8K403608','Bioholding');
INSERT INTO PartsOrder(Purchase_order_number,VIN,vendor_name) VALUES ('PYWDSWXK5X5262660-001','PYWDSWXK5X5262660','Bioholding');
INSERT INTO PartsOrder(Purchase_order_number,VIN,vendor_name) VALUES ('PYWDSWXK5X5262660-003','PYWDSWXK5X5262660','Bioholding');
INSERT INTO PartsOrder(Purchase_order_number,VIN,vendor_name) VALUES ('TRB4XOLO3Y2181257-002','TRB4XOLO3Y2181257','Bioholding');
INSERT INTO PartsOrder(Purchase_order_number,VIN,vendor_name) VALUES ('U1GXDUQ2NVP642154-003','U1GXDUQ2NVP642154','Bioholding');
INSERT INTO PartsOrder(Purchase_order_number,VIN,vendor_name) VALUES ('UU2VI1MPOCJ886472-002','UU2VI1MPOCJ886472','Bioholding');
INSERT INTO PartsOrder(Purchase_order_number,VIN,vendor_name) VALUES ('UVK0K4YAN4D361432-001','UVK0K4YAN4D361432','Bioholding');
INSERT INTO PartsOrder(Purchase_order_number,VIN,vendor_name) VALUES ('VTJI8XXO2CO552773-001','VTJI8XXO2CO552773','Bioholding');
INSERT INTO PartsOrder(Purchase_order_number,VIN,vendor_name) VALUES ('ZO6LSHSSJHC695220-002','ZO6LSHSSJHC695220','Bioholding');
INSERT INTO PartsOrder(Purchase_order_number,VIN,vendor_name) VALUES ('03KAPEOTGE8482192-002','03KAPEOTGE8482192','Doncon');
INSERT INTO PartsOrder(Purchase_order_number,VIN,vendor_name) VALUES ('05PN35GUCGU088819-002','05PN35GUCGU088819','Doncon');
INSERT INTO PartsOrder(Purchase_order_number,VIN,vendor_name) VALUES ('05PN35GUCGU088819-004','05PN35GUCGU088819','Doncon');
INSERT INTO PartsOrder(Purchase_order_number,VIN,vendor_name) VALUES ('1V61QHRD20E210923-003','1V61QHRD20E210923','Doncon');
INSERT INTO PartsOrder(Purchase_order_number,VIN,vendor_name) VALUES ('2DHOH4P4672123749-003','2DHOH4P4672123749','Doncon');
INSERT INTO PartsOrder(Purchase_order_number,VIN,vendor_name) VALUES ('2N45QQ7SMY3757149-002','2N45QQ7SMY3757149','Doncon');
INSERT INTO PartsOrder(Purchase_order_number,VIN,vendor_name) VALUES ('30YUJXKGY7I314746-003','30YUJXKGY7I314746','Doncon');
INSERT INTO PartsOrder(Purchase_order_number,VIN,vendor_name) VALUES ('323F5QUAPKX190724-001','323F5QUAPKX190724','Doncon');
INSERT INTO PartsOrder(Purchase_order_number,VIN,vendor_name) VALUES ('4QL2U7A4H4J019100-002','4QL2U7A4H4J019100','Doncon');
INSERT INTO PartsOrder(Purchase_order_number,VIN,vendor_name) VALUES ('4TJ5T18OMFN710800-002','4TJ5T18OMFN710800','Doncon');
INSERT INTO PartsOrder(Purchase_order_number,VIN,vendor_name) VALUES ('5IZQ0A8JNL8536828-004','5IZQ0A8JNL8536828','Doncon');
INSERT INTO PartsOrder(Purchase_order_number,VIN,vendor_name) VALUES ('6AZQDNCM3G6215989-002','6AZQDNCM3G6215989','Doncon');
INSERT INTO PartsOrder(Purchase_order_number,VIN,vendor_name) VALUES ('8CR4YKPMHVR077313-002','8CR4YKPMHVR077313','Doncon');
INSERT INTO PartsOrder(Purchase_order_number,VIN,vendor_name) VALUES ('BV7ZLIZN0R2917777-001','BV7ZLIZN0R2917777','Doncon');
INSERT INTO PartsOrder(Purchase_order_number,VIN,vendor_name) VALUES ('EDH6BDC74XY589172-001','EDH6BDC74XY589172','Doncon');
INSERT INTO PartsOrder(Purchase_order_number,VIN,vendor_name) VALUES ('EWUO21O8D0P959813-004','EWUO21O8D0P959813','Doncon');
INSERT INTO PartsOrder(Purchase_order_number,VIN,vendor_name) VALUES ('EX0DFWC3FLW639681-004','EX0DFWC3FLW639681','Doncon');
INSERT INTO PartsOrder(Purchase_order_number,VIN,vendor_name) VALUES ('F032TW1LYVD881430-001','F032TW1LYVD881430','Doncon');
INSERT INTO PartsOrder(Purchase_order_number,VIN,vendor_name) VALUES ('F253TPAMQK3083569-002','F253TPAMQK3083569','Doncon');
INSERT INTO PartsOrder(Purchase_order_number,VIN,vendor_name) VALUES ('GEW8SXH3TWS985107-001','GEW8SXH3TWS985107','Doncon');
INSERT INTO PartsOrder(Purchase_order_number,VIN,vendor_name) VALUES ('I2Y84J2JYUI249817-002','I2Y84J2JYUI249817','Doncon');
INSERT INTO PartsOrder(Purchase_order_number,VIN,vendor_name) VALUES ('JA36JFM31V4526050-001','JA36JFM31V4526050','Doncon');
INSERT INTO PartsOrder(Purchase_order_number,VIN,vendor_name) VALUES ('KBYS182F2ID559258-001','KBYS182F2ID559258','Doncon');
INSERT INTO PartsOrder(Purchase_order_number,VIN,vendor_name) VALUES ('N64LL1WC63N759701-002','N64LL1WC63N759701','Doncon');
INSERT INTO PartsOrder(Purchase_order_number,VIN,vendor_name) VALUES ('Q6C80HSWMFK634460-003','Q6C80HSWMFK634460','Doncon');
INSERT INTO PartsOrder(Purchase_order_number,VIN,vendor_name) VALUES ('QVSOV4QTXAE520972-002','QVSOV4QTXAE520972','Doncon');
INSERT INTO PartsOrder(Purchase_order_number,VIN,vendor_name) VALUES ('SAN8CKZV8O6386790-001','SAN8CKZV8O6386790','Doncon');
INSERT INTO PartsOrder(Purchase_order_number,VIN,vendor_name) VALUES ('SC0ZRWACOEM768702-001','SC0ZRWACOEM768702','Doncon');
INSERT INTO PartsOrder(Purchase_order_number,VIN,vendor_name) VALUES ('SMZSGMQWSKI621717-004','SMZSGMQWSKI621717','Doncon');
INSERT INTO PartsOrder(Purchase_order_number,VIN,vendor_name) VALUES ('SSSGFBFNIOE995675-001','SSSGFBFNIOE995675','Doncon');
INSERT INTO PartsOrder(Purchase_order_number,VIN,vendor_name) VALUES ('UDOHJKQNZRU355125-002','UDOHJKQNZRU355125','Doncon');
INSERT INTO PartsOrder(Purchase_order_number,VIN,vendor_name) VALUES ('VLYZ0TBEDGM584853-002','VLYZ0TBEDGM584853','Doncon');
INSERT INTO PartsOrder(Purchase_order_number,VIN,vendor_name) VALUES ('VPER1TKLOPC634179-001','VPER1TKLOPC634179','Doncon');
INSERT INTO PartsOrder(Purchase_order_number,VIN,vendor_name) VALUES ('VWWOX3PM6QD757820-005','VWWOX3PM6QD757820','Doncon');
INSERT INTO PartsOrder(Purchase_order_number,VIN,vendor_name) VALUES ('XPBUWRX56F6412345-005','XPBUWRX56F6412345','Doncon');
INSERT INTO PartsOrder(Purchase_order_number,VIN,vendor_name) VALUES ('Z0405USEZKH796737-001','Z0405USEZKH796737','Doncon');
INSERT INTO PartsOrder(Purchase_order_number,VIN,vendor_name) VALUES ('Z0405USEZKH796737-005','Z0405USEZKH796737','Doncon');
INSERT INTO PartsOrder(Purchase_order_number,VIN,vendor_name) VALUES ('ZBZRLDKTF22899385-001','ZBZRLDKTF22899385','Doncon');
INSERT INTO PartsOrder(Purchase_order_number,VIN,vendor_name) VALUES ('0JMXH7GQF1K570196-002','0JMXH7GQF1K570196','Donquadtech');
INSERT INTO PartsOrder(Purchase_order_number,VIN,vendor_name) VALUES ('0SR7K3TGOVW149442-001','0SR7K3TGOVW149442','Donquadtech');
INSERT INTO PartsOrder(Purchase_order_number,VIN,vendor_name) VALUES ('2LUXDFJTYZA796766-003','2LUXDFJTYZA796766','Donquadtech');
INSERT INTO PartsOrder(Purchase_order_number,VIN,vendor_name) VALUES ('4BW4C1KL6TZ577336-002','4BW4C1KL6TZ577336','Donquadtech');
INSERT INTO PartsOrder(Purchase_order_number,VIN,vendor_name) VALUES ('5JVO4MGJYXC563627-001','5JVO4MGJYXC563627','Donquadtech');
INSERT INTO PartsOrder(Purchase_order_number,VIN,vendor_name) VALUES ('B5Q25XY368S364688-002','B5Q25XY368S364688','Donquadtech');
INSERT INTO PartsOrder(Purchase_order_number,VIN,vendor_name) VALUES ('BH6Z8Q8YUSV665327-001','BH6Z8Q8YUSV665327','Donquadtech');
INSERT INTO PartsOrder(Purchase_order_number,VIN,vendor_name) VALUES ('BV7ZLIZN0R2917777-002','BV7ZLIZN0R2917777','Donquadtech');
INSERT INTO PartsOrder(Purchase_order_number,VIN,vendor_name) VALUES ('BYNUGAHZM1L977542-002','BYNUGAHZM1L977542','Donquadtech');
INSERT INTO PartsOrder(Purchase_order_number,VIN,vendor_name) VALUES ('E5W8EPPWZS0896119-001','E5W8EPPWZS0896119','Donquadtech');
INSERT INTO PartsOrder(Purchase_order_number,VIN,vendor_name) VALUES ('EDH6BDC74XY589172-002','EDH6BDC74XY589172','Donquadtech');
INSERT INTO PartsOrder(Purchase_order_number,VIN,vendor_name) VALUES ('EDH6BDC74XY589172-003','EDH6BDC74XY589172','Donquadtech');
INSERT INTO PartsOrder(Purchase_order_number,VIN,vendor_name) VALUES ('EUNRBUAUCXQ934676-001','EUNRBUAUCXQ934676','Donquadtech');
INSERT INTO PartsOrder(Purchase_order_number,VIN,vendor_name) VALUES ('EWUO21O8D0P959813-002','EWUO21O8D0P959813','Donquadtech');
INSERT INTO PartsOrder(Purchase_order_number,VIN,vendor_name) VALUES ('FLACGVUE5FI388538-002','FLACGVUE5FI388538','Donquadtech');
INSERT INTO PartsOrder(Purchase_order_number,VIN,vendor_name) VALUES ('I2Y84J2JYUI249817-004','I2Y84J2JYUI249817','Donquadtech');
INSERT INTO PartsOrder(Purchase_order_number,VIN,vendor_name) VALUES ('K4IZJXWXWJR973290-001','K4IZJXWXWJR973290','Donquadtech');
INSERT INTO PartsOrder(Purchase_order_number,VIN,vendor_name) VALUES ('MJZ2P85E65M015209-001','MJZ2P85E65M015209','Donquadtech');
INSERT INTO PartsOrder(Purchase_order_number,VIN,vendor_name) VALUES ('MPXFMDRYC6D036656-004','MPXFMDRYC6D036656','Donquadtech');
INSERT INTO PartsOrder(Purchase_order_number,VIN,vendor_name) VALUES ('MTBE6DK55IO892347-001','MTBE6DK55IO892347','Donquadtech');
INSERT INTO PartsOrder(Purchase_order_number,VIN,vendor_name) VALUES ('NKY5WJPCYVC675161-002','NKY5WJPCYVC675161','Donquadtech');
INSERT INTO PartsOrder(Purchase_order_number,VIN,vendor_name) VALUES ('PEB0OLCPG6W994144-001','PEB0OLCPG6W994144','Donquadtech');
INSERT INTO PartsOrder(Purchase_order_number,VIN,vendor_name) VALUES ('PFRYPJOGJ51531310-001','PFRYPJOGJ51531310','Donquadtech');
INSERT INTO PartsOrder(Purchase_order_number,VIN,vendor_name) VALUES ('PI5K0FV5WKD862880-004','PI5K0FV5WKD862880','Donquadtech');
INSERT INTO PartsOrder(Purchase_order_number,VIN,vendor_name) VALUES ('SO6WD25XQVR636495-003','SO6WD25XQVR636495','Donquadtech');
INSERT INTO PartsOrder(Purchase_order_number,VIN,vendor_name) VALUES ('TOIFP5YHHJC099537-002','TOIFP5YHHJC099537','Donquadtech');
INSERT INTO PartsOrder(Purchase_order_number,VIN,vendor_name) VALUES ('TRB4XOLO3Y2181257-003','TRB4XOLO3Y2181257','Donquadtech');
INSERT INTO PartsOrder(Purchase_order_number,VIN,vendor_name) VALUES ('VJUYVX0SHHT606044-002','VJUYVX0SHHT606044','Donquadtech');
INSERT INTO PartsOrder(Purchase_order_number,VIN,vendor_name) VALUES ('VTJI8XXO2CO552773-003','VTJI8XXO2CO552773','Donquadtech');
INSERT INTO PartsOrder(Purchase_order_number,VIN,vendor_name) VALUES ('VTVE6444244403193-005','VTVE6444244403193','Donquadtech');
INSERT INTO PartsOrder(Purchase_order_number,VIN,vendor_name) VALUES ('Z8KJQAZ0L2C379316-005','Z8KJQAZ0L2C379316','Donquadtech');
INSERT INTO PartsOrder(Purchase_order_number,VIN,vendor_name) VALUES ('1A8CMLRTUGR146952-001','1A8CMLRTUGR146952','Dontechi');
INSERT INTO PartsOrder(Purchase_order_number,VIN,vendor_name) VALUES ('1C05IGNBBB6823554-002','1C05IGNBBB6823554','Dontechi');
INSERT INTO PartsOrder(Purchase_order_number,VIN,vendor_name) VALUES ('2N45QQ7SMY3757149-001','2N45QQ7SMY3757149','Dontechi');
INSERT INTO PartsOrder(Purchase_order_number,VIN,vendor_name) VALUES ('4HVC60L66KI459720-002','4HVC60L66KI459720','Dontechi');
INSERT INTO PartsOrder(Purchase_order_number,VIN,vendor_name) VALUES ('5DAWXIM4EAK735462-002','5DAWXIM4EAK735462','Dontechi');
INSERT INTO PartsOrder(Purchase_order_number,VIN,vendor_name) VALUES ('6AZQDNCM3G6215989-003','6AZQDNCM3G6215989','Dontechi');
INSERT INTO PartsOrder(Purchase_order_number,VIN,vendor_name) VALUES ('6WRD8C6784B120048-001','6WRD8C6784B120048','Dontechi');
INSERT INTO PartsOrder(Purchase_order_number,VIN,vendor_name) VALUES ('8FDAK0CPTWA122888-002','8FDAK0CPTWA122888','Dontechi');
INSERT INTO PartsOrder(Purchase_order_number,VIN,vendor_name) VALUES ('8VGJ74SC8UK076966-003','8VGJ74SC8UK076966','Dontechi');
INSERT INTO PartsOrder(Purchase_order_number,VIN,vendor_name) VALUES ('BV7ZLIZN0R2917777-003','BV7ZLIZN0R2917777','Dontechi');
INSERT INTO PartsOrder(Purchase_order_number,VIN,vendor_name) VALUES ('E5W8EPPWZS0896119-003','E5W8EPPWZS0896119','Dontechi');
INSERT INTO PartsOrder(Purchase_order_number,VIN,vendor_name) VALUES ('GEW8SXH3TWS985107-004','GEW8SXH3TWS985107','Dontechi');
INSERT INTO PartsOrder(Purchase_order_number,VIN,vendor_name) VALUES ('GHEDZEHRLGJ237205-001','GHEDZEHRLGJ237205','Dontechi');
INSERT INTO PartsOrder(Purchase_order_number,VIN,vendor_name) VALUES ('IO8AOWYKMLD518556-001','IO8AOWYKMLD518556','Dontechi');
INSERT INTO PartsOrder(Purchase_order_number,VIN,vendor_name) VALUES ('IQ73NEIBJNB403342-001','IQ73NEIBJNB403342','Dontechi');
INSERT INTO PartsOrder(Purchase_order_number,VIN,vendor_name) VALUES ('LWA5MXOU4MD327938-002','LWA5MXOU4MD327938','Dontechi');
INSERT INTO PartsOrder(Purchase_order_number,VIN,vendor_name) VALUES ('M3VW8YIQKWT779745-002','M3VW8YIQKWT779745','Dontechi');
INSERT INTO PartsOrder(Purchase_order_number,VIN,vendor_name) VALUES ('M3VW8YIQKWT779745-005','M3VW8YIQKWT779745','Dontechi');
INSERT INTO PartsOrder(Purchase_order_number,VIN,vendor_name) VALUES ('MRHT53HXAKW856444-002','MRHT53HXAKW856444','Dontechi');
INSERT INTO PartsOrder(Purchase_order_number,VIN,vendor_name) VALUES ('O1C66KL1VK4840531-002','O1C66KL1VK4840531','Dontechi');
INSERT INTO PartsOrder(Purchase_order_number,VIN,vendor_name) VALUES ('P54475O4N8K403608-002','P54475O4N8K403608','Dontechi');
INSERT INTO PartsOrder(Purchase_order_number,VIN,vendor_name) VALUES ('PEB0OLCPG6W994144-002','PEB0OLCPG6W994144','Dontechi');
INSERT INTO PartsOrder(Purchase_order_number,VIN,vendor_name) VALUES ('PKFGEZTKARS310898-002','PKFGEZTKARS310898','Dontechi');
INSERT INTO PartsOrder(Purchase_order_number,VIN,vendor_name) VALUES ('Q3TT4GKZDHK659352-001','Q3TT4GKZDHK659352','Dontechi');
INSERT INTO PartsOrder(Purchase_order_number,VIN,vendor_name) VALUES ('RXLO3PC8EG8307071-003','RXLO3PC8EG8307071','Dontechi');
INSERT INTO PartsOrder(Purchase_order_number,VIN,vendor_name) VALUES ('SPE2WMY887O932788-001','SPE2WMY887O932788','Dontechi');
INSERT INTO PartsOrder(Purchase_order_number,VIN,vendor_name) VALUES ('V73RJYYHEIT850422-001','V73RJYYHEIT850422','Dontechi');
INSERT INTO PartsOrder(Purchase_order_number,VIN,vendor_name) VALUES ('W17V1HTH5IW129737-005','W17V1HTH5IW129737','Dontechi');
INSERT INTO PartsOrder(Purchase_order_number,VIN,vendor_name) VALUES ('WGVK4P1UIPJ916959-003','WGVK4P1UIPJ916959','Dontechi');
INSERT INTO PartsOrder(Purchase_order_number,VIN,vendor_name) VALUES ('WKNIUEPLNDU378894-001','WKNIUEPLNDU378894','Dontechi');
INSERT INTO PartsOrder(Purchase_order_number,VIN,vendor_name) VALUES ('WWMN8RWHPDM674733-002','WWMN8RWHPDM674733','Dontechi');
INSERT INTO PartsOrder(Purchase_order_number,VIN,vendor_name) VALUES ('XJMTKD21FUV756318-001','XJMTKD21FUV756318','Dontechi');
INSERT INTO PartsOrder(Purchase_order_number,VIN,vendor_name) VALUES ('YA0EN8KRBAN266216-002','YA0EN8KRBAN266216','Dontechi');
INSERT INTO PartsOrder(Purchase_order_number,VIN,vendor_name) VALUES ('YFV4PPW4SW8405660-004','YFV4PPW4SW8405660','Dontechi');
INSERT INTO PartsOrder(Purchase_order_number,VIN,vendor_name) VALUES ('YIRV4C5U8MN581204-002','YIRV4C5U8MN581204','Dontechi');
INSERT INTO PartsOrder(Purchase_order_number,VIN,vendor_name) VALUES ('Z1QCG3DRQAX515930-002','Z1QCG3DRQAX515930','Dontechi');
INSERT INTO PartsOrder(Purchase_order_number,VIN,vendor_name) VALUES ('Z8KJQAZ0L2C379316-001','Z8KJQAZ0L2C379316','Dontechi');
INSERT INTO PartsOrder(Purchase_order_number,VIN,vendor_name) VALUES ('03KAPEOTGE8482192-001','03KAPEOTGE8482192','Donware');
INSERT INTO PartsOrder(Purchase_order_number,VIN,vendor_name) VALUES ('0O56VQ0TP1C342110-002','0O56VQ0TP1C342110','Donware');
INSERT INTO PartsOrder(Purchase_order_number,VIN,vendor_name) VALUES ('0SR7K3TGOVW149442-005','0SR7K3TGOVW149442','Donware');
INSERT INTO PartsOrder(Purchase_order_number,VIN,vendor_name) VALUES ('1GIQVMBR2A2798107-003','1GIQVMBR2A2798107','Donware');
INSERT INTO PartsOrder(Purchase_order_number,VIN,vendor_name) VALUES ('1HHB3PGRMMK153438-003','1HHB3PGRMMK153438','Donware');
INSERT INTO PartsOrder(Purchase_order_number,VIN,vendor_name) VALUES ('1JRH0ZBVOBE937509-001','1JRH0ZBVOBE937509','Donware');
INSERT INTO PartsOrder(Purchase_order_number,VIN,vendor_name) VALUES ('4TJ5T18OMFN710800-003','4TJ5T18OMFN710800','Donware');
INSERT INTO PartsOrder(Purchase_order_number,VIN,vendor_name) VALUES ('5MS17EW23YR611242-001','5MS17EW23YR611242','Donware');
INSERT INTO PartsOrder(Purchase_order_number,VIN,vendor_name) VALUES ('8U653RXUMZY984495-004','8U653RXUMZY984495','Donware');
INSERT INTO PartsOrder(Purchase_order_number,VIN,vendor_name) VALUES ('8UU0VC3VENC905922-001','8UU0VC3VENC905922','Donware');
INSERT INTO PartsOrder(Purchase_order_number,VIN,vendor_name) VALUES ('8WLKEABOQM5965804-003','8WLKEABOQM5965804','Donware');
INSERT INTO PartsOrder(Purchase_order_number,VIN,vendor_name) VALUES ('CXGQS7AZP6I329568-001','CXGQS7AZP6I329568','Donware');
INSERT INTO PartsOrder(Purchase_order_number,VIN,vendor_name) VALUES ('EV4TH4BF5DQ470200-001','EV4TH4BF5DQ470200','Donware');
INSERT INTO PartsOrder(Purchase_order_number,VIN,vendor_name) VALUES ('FA7LJ664E04088299-003','FA7LJ664E04088299','Donware');
INSERT INTO PartsOrder(Purchase_order_number,VIN,vendor_name) VALUES ('FLACGVUE5FI388538-001','FLACGVUE5FI388538','Donware');
INSERT INTO PartsOrder(Purchase_order_number,VIN,vendor_name) VALUES ('HJHFHI4TARG736468-002','HJHFHI4TARG736468','Donware');
INSERT INTO PartsOrder(Purchase_order_number,VIN,vendor_name) VALUES ('I4ZQBJWMKGO132368-001','I4ZQBJWMKGO132368','Donware');
INSERT INTO PartsOrder(Purchase_order_number,VIN,vendor_name) VALUES ('IXZVB277TU2768773-001','IXZVB277TU2768773','Donware');
INSERT INTO PartsOrder(Purchase_order_number,VIN,vendor_name) VALUES ('J05SWPOXE56492516-002','J05SWPOXE56492516','Donware');
INSERT INTO PartsOrder(Purchase_order_number,VIN,vendor_name) VALUES ('KBYS182F2ID559258-002','KBYS182F2ID559258','Donware');
INSERT INTO PartsOrder(Purchase_order_number,VIN,vendor_name) VALUES ('M3VW8YIQKWT779745-001','M3VW8YIQKWT779745','Donware');
INSERT INTO PartsOrder(Purchase_order_number,VIN,vendor_name) VALUES ('NM3BN4RJS1M492634-001','NM3BN4RJS1M492634','Donware');
INSERT INTO PartsOrder(Purchase_order_number,VIN,vendor_name) VALUES ('OETQ6SV7QKM285952-001','OETQ6SV7QKM285952','Donware');
INSERT INTO PartsOrder(Purchase_order_number,VIN,vendor_name) VALUES ('PYWDSWXK5X5262660-002','PYWDSWXK5X5262660','Donware');
INSERT INTO PartsOrder(Purchase_order_number,VIN,vendor_name) VALUES ('Q6C80HSWMFK634460-005','Q6C80HSWMFK634460','Donware');
INSERT INTO PartsOrder(Purchase_order_number,VIN,vendor_name) VALUES ('QVSOV4QTXAE520972-004','QVSOV4QTXAE520972','Donware');
INSERT INTO PartsOrder(Purchase_order_number,VIN,vendor_name) VALUES ('U1GXDUQ2NVP642154-002','U1GXDUQ2NVP642154','Donware');
INSERT INTO PartsOrder(Purchase_order_number,VIN,vendor_name) VALUES ('UAITKQ7KMQN776987-001','UAITKQ7KMQN776987','Donware');
INSERT INTO PartsOrder(Purchase_order_number,VIN,vendor_name) VALUES ('UU2VI1MPOCJ886472-001','UU2VI1MPOCJ886472','Donware');
INSERT INTO PartsOrder(Purchase_order_number,VIN,vendor_name) VALUES ('V08JG7APNII434369-003','V08JG7APNII434369','Donware');
INSERT INTO PartsOrder(Purchase_order_number,VIN,vendor_name) VALUES ('W85FIU0UPWJ342063-001','W85FIU0UPWJ342063','Donware');
INSERT INTO PartsOrder(Purchase_order_number,VIN,vendor_name) VALUES ('YA0EN8KRBAN266216-004','YA0EN8KRBAN266216','Donware');
INSERT INTO PartsOrder(Purchase_order_number,VIN,vendor_name) VALUES ('Z0405USEZKH796737-004','Z0405USEZKH796737','Donware');
INSERT INTO PartsOrder(Purchase_order_number,VIN,vendor_name) VALUES ('Z1QCG3DRQAX515930-001','Z1QCG3DRQAX515930','Donware');
INSERT INTO PartsOrder(Purchase_order_number,VIN,vendor_name) VALUES ('ZI36738ITE3999852-001','ZI36738ITE3999852','Donware');
INSERT INTO PartsOrder(Purchase_order_number,VIN,vendor_name) VALUES ('05PN35GUCGU088819-003','05PN35GUCGU088819','Faxquote');
INSERT INTO PartsOrder(Purchase_order_number,VIN,vendor_name) VALUES ('2DHOH4P4672123749-004','2DHOH4P4672123749','Faxquote');
INSERT INTO PartsOrder(Purchase_order_number,VIN,vendor_name) VALUES ('2N45QQ7SMY3757149-003','2N45QQ7SMY3757149','Faxquote');
INSERT INTO PartsOrder(Purchase_order_number,VIN,vendor_name) VALUES ('4QL2U7A4H4J019100-001','4QL2U7A4H4J019100','Faxquote');
INSERT INTO PartsOrder(Purchase_order_number,VIN,vendor_name) VALUES ('5DAWXIM4EAK735462-001','5DAWXIM4EAK735462','Faxquote');
INSERT INTO PartsOrder(Purchase_order_number,VIN,vendor_name) VALUES ('5DAWXIM4EAK735462-003','5DAWXIM4EAK735462','Faxquote');
INSERT INTO PartsOrder(Purchase_order_number,VIN,vendor_name) VALUES ('72OI8SLM4HN113041-002','72OI8SLM4HN113041','Faxquote');
INSERT INTO PartsOrder(Purchase_order_number,VIN,vendor_name) VALUES ('72SCGHC1RB4779672-001','72SCGHC1RB4779672','Faxquote');
INSERT INTO PartsOrder(Purchase_order_number,VIN,vendor_name) VALUES ('8FDAK0CPTWA122888-001','8FDAK0CPTWA122888','Faxquote');
INSERT INTO PartsOrder(Purchase_order_number,VIN,vendor_name) VALUES ('8U653RXUMZY984495-002','8U653RXUMZY984495','Faxquote');
INSERT INTO PartsOrder(Purchase_order_number,VIN,vendor_name) VALUES ('8U653RXUMZY984495-003','8U653RXUMZY984495','Faxquote');
INSERT INTO PartsOrder(Purchase_order_number,VIN,vendor_name) VALUES ('8VGJ74SC8UK076966-001','8VGJ74SC8UK076966','Faxquote');
INSERT INTO PartsOrder(Purchase_order_number,VIN,vendor_name) VALUES ('A58PSDYJWYD029917-002','A58PSDYJWYD029917','Faxquote');
INSERT INTO PartsOrder(Purchase_order_number,VIN,vendor_name) VALUES ('BV7ZLIZN0R2917777-004','BV7ZLIZN0R2917777','Faxquote');
INSERT INTO PartsOrder(Purchase_order_number,VIN,vendor_name) VALUES ('D244CUCA1UX127908-002','D244CUCA1UX127908','Faxquote');
INSERT INTO PartsOrder(Purchase_order_number,VIN,vendor_name) VALUES ('EX0DFWC3FLW639681-003','EX0DFWC3FLW639681','Faxquote');
INSERT INTO PartsOrder(Purchase_order_number,VIN,vendor_name) VALUES ('EZ144Z2QAJC644839-001','EZ144Z2QAJC644839','Faxquote');
INSERT INTO PartsOrder(Purchase_order_number,VIN,vendor_name) VALUES ('F42NYNK4BK3657449-001','F42NYNK4BK3657449','Faxquote');
INSERT INTO PartsOrder(Purchase_order_number,VIN,vendor_name) VALUES ('FA7LJ664E04088299-001','FA7LJ664E04088299','Faxquote');
INSERT INTO PartsOrder(Purchase_order_number,VIN,vendor_name) VALUES ('FXR24KBAHFZ139993-001','FXR24KBAHFZ139993','Faxquote');
INSERT INTO PartsOrder(Purchase_order_number,VIN,vendor_name) VALUES ('HIEWYKOMDAK597903-001','HIEWYKOMDAK597903','Faxquote');
INSERT INTO PartsOrder(Purchase_order_number,VIN,vendor_name) VALUES ('KZQ5C1NSWAJ790169-003','KZQ5C1NSWAJ790169','Faxquote');
INSERT INTO PartsOrder(Purchase_order_number,VIN,vendor_name) VALUES ('NKY5WJPCYVC675161-001','NKY5WJPCYVC675161','Faxquote');
INSERT INTO PartsOrder(Purchase_order_number,VIN,vendor_name) VALUES ('NM3BN4RJS1M492634-002','NM3BN4RJS1M492634','Faxquote');
INSERT INTO PartsOrder(Purchase_order_number,VIN,vendor_name) VALUES ('PI5K0FV5WKD862880-005','PI5K0FV5WKD862880','Faxquote');
INSERT INTO PartsOrder(Purchase_order_number,VIN,vendor_name) VALUES ('RRRZH6PBRYY000587-001','RRRZH6PBRYY000587','Faxquote');
INSERT INTO PartsOrder(Purchase_order_number,VIN,vendor_name) VALUES ('RXLO3PC8EG8307071-001','RXLO3PC8EG8307071','Faxquote');
INSERT INTO PartsOrder(Purchase_order_number,VIN,vendor_name) VALUES ('SL5LRZAJFUI810871-001','SL5LRZAJFUI810871','Faxquote');
INSERT INTO PartsOrder(Purchase_order_number,VIN,vendor_name) VALUES ('SLY1Q4WQXLP675951-004','SLY1Q4WQXLP675951','Faxquote');
INSERT INTO PartsOrder(Purchase_order_number,VIN,vendor_name) VALUES ('U3SEY7BL74U428566-003','U3SEY7BL74U428566','Faxquote');
INSERT INTO PartsOrder(Purchase_order_number,VIN,vendor_name) VALUES ('U8CPVV20LCB872591-002','U8CPVV20LCB872591','Faxquote');
INSERT INTO PartsOrder(Purchase_order_number,VIN,vendor_name) VALUES ('V08JG7APNII434369-001','V08JG7APNII434369','Faxquote');
INSERT INTO PartsOrder(Purchase_order_number,VIN,vendor_name) VALUES ('V73RJYYHEIT850422-002','V73RJYYHEIT850422','Faxquote');
INSERT INTO PartsOrder(Purchase_order_number,VIN,vendor_name) VALUES ('WKNIUEPLNDU378894-002','WKNIUEPLNDU378894','Faxquote');
INSERT INTO PartsOrder(Purchase_order_number,VIN,vendor_name) VALUES ('WWMN8RWHPDM674733-001','WWMN8RWHPDM674733','Faxquote');
INSERT INTO PartsOrder(Purchase_order_number,VIN,vendor_name) VALUES ('YFV4PPW4SW8405660-001','YFV4PPW4SW8405660','Faxquote');
INSERT INTO PartsOrder(Purchase_order_number,VIN,vendor_name) VALUES ('1A8CMLRTUGR146952-002','1A8CMLRTUGR146952','Green-Plus');
INSERT INTO PartsOrder(Purchase_order_number,VIN,vendor_name) VALUES ('2JUBCDLLXSB731848-002','2JUBCDLLXSB731848','Green-Plus');
INSERT INTO PartsOrder(Purchase_order_number,VIN,vendor_name) VALUES ('4RJT1NOLXUG037441-002','4RJT1NOLXUG037441','Green-Plus');
INSERT INTO PartsOrder(Purchase_order_number,VIN,vendor_name) VALUES ('4RJT1NOLXUG037441-003','4RJT1NOLXUG037441','Green-Plus');
INSERT INTO PartsOrder(Purchase_order_number,VIN,vendor_name) VALUES ('5WKWALJ4EQU001163-001','5WKWALJ4EQU001163','Green-Plus');
INSERT INTO PartsOrder(Purchase_order_number,VIN,vendor_name) VALUES ('5WKWALJ4EQU001163-002','5WKWALJ4EQU001163','Green-Plus');
INSERT INTO PartsOrder(Purchase_order_number,VIN,vendor_name) VALUES ('6AZQDNCM3G6215989-004','6AZQDNCM3G6215989','Green-Plus');
INSERT INTO PartsOrder(Purchase_order_number,VIN,vendor_name) VALUES ('A1GTY6T551Q455502-004','A1GTY6T551Q455502','Green-Plus');
INSERT INTO PartsOrder(Purchase_order_number,VIN,vendor_name) VALUES ('AOIDQU2ROYY946376-001','AOIDQU2ROYY946376','Green-Plus');
INSERT INTO PartsOrder(Purchase_order_number,VIN,vendor_name) VALUES ('BQ1P8TA2OBE090669-001','BQ1P8TA2OBE090669','Green-Plus');
INSERT INTO PartsOrder(Purchase_order_number,VIN,vendor_name) VALUES ('EWUO21O8D0P959813-005','EWUO21O8D0P959813','Green-Plus');
INSERT INTO PartsOrder(Purchase_order_number,VIN,vendor_name) VALUES ('EYTJ0RTAAHK130156-001','EYTJ0RTAAHK130156','Green-Plus');
INSERT INTO PartsOrder(Purchase_order_number,VIN,vendor_name) VALUES ('FPJBMT3OOG8061158-001','FPJBMT3OOG8061158','Green-Plus');
INSERT INTO PartsOrder(Purchase_order_number,VIN,vendor_name) VALUES ('FXCJT6N4BUT928292-001','FXCJT6N4BUT928292','Green-Plus');
INSERT INTO PartsOrder(Purchase_order_number,VIN,vendor_name) VALUES ('GHEDZEHRLGJ237205-003','GHEDZEHRLGJ237205','Green-Plus');
INSERT INTO PartsOrder(Purchase_order_number,VIN,vendor_name) VALUES ('GNJQGN3RWIT431179-001','GNJQGN3RWIT431179','Green-Plus');
INSERT INTO PartsOrder(Purchase_order_number,VIN,vendor_name) VALUES ('I2Y84J2JYUI249817-001','I2Y84J2JYUI249817','Green-Plus');
INSERT INTO PartsOrder(Purchase_order_number,VIN,vendor_name) VALUES ('JL4O86VLF1F081674-001','JL4O86VLF1F081674','Green-Plus');
INSERT INTO PartsOrder(Purchase_order_number,VIN,vendor_name) VALUES ('JL4O86VLF1F081674-002','JL4O86VLF1F081674','Green-Plus');
INSERT INTO PartsOrder(Purchase_order_number,VIN,vendor_name) VALUES ('L712UQJXM4L524142-005','L712UQJXM4L524142','Green-Plus');
INSERT INTO PartsOrder(Purchase_order_number,VIN,vendor_name) VALUES ('ME064DUO8S0025936-004','ME064DUO8S0025936','Green-Plus');
INSERT INTO PartsOrder(Purchase_order_number,VIN,vendor_name) VALUES ('MRHT53HXAKW856444-006','MRHT53HXAKW856444','Green-Plus');
INSERT INTO PartsOrder(Purchase_order_number,VIN,vendor_name) VALUES ('N64LL1WC63N759701-003','N64LL1WC63N759701','Green-Plus');
INSERT INTO PartsOrder(Purchase_order_number,VIN,vendor_name) VALUES ('NKY5WJPCYVC675161-003','NKY5WJPCYVC675161','Green-Plus');
INSERT INTO PartsOrder(Purchase_order_number,VIN,vendor_name) VALUES ('O1C66KL1VK4840531-003','O1C66KL1VK4840531','Green-Plus');
INSERT INTO PartsOrder(Purchase_order_number,VIN,vendor_name) VALUES ('OETQ6SV7QKM285952-002','OETQ6SV7QKM285952','Green-Plus');
INSERT INTO PartsOrder(Purchase_order_number,VIN,vendor_name) VALUES ('PI5K0FV5WKD862880-003','PI5K0FV5WKD862880','Green-Plus');
INSERT INTO PartsOrder(Purchase_order_number,VIN,vendor_name) VALUES ('PKFGEZTKARS310898-001','PKFGEZTKARS310898','Green-Plus');
INSERT INTO PartsOrder(Purchase_order_number,VIN,vendor_name) VALUES ('RH3XN0D50EO772614-002','RH3XN0D50EO772614','Green-Plus');
INSERT INTO PartsOrder(Purchase_order_number,VIN,vendor_name) VALUES ('SLY1Q4WQXLP675951-001','SLY1Q4WQXLP675951','Green-Plus');
INSERT INTO PartsOrder(Purchase_order_number,VIN,vendor_name) VALUES ('SMZSGMQWSKI621717-003','SMZSGMQWSKI621717','Green-Plus');
INSERT INTO PartsOrder(Purchase_order_number,VIN,vendor_name) VALUES ('SPE2WMY887O932788-002','SPE2WMY887O932788','Green-Plus');
INSERT INTO PartsOrder(Purchase_order_number,VIN,vendor_name) VALUES ('V73RJYYHEIT850422-003','V73RJYYHEIT850422','Green-Plus');
INSERT INTO PartsOrder(Purchase_order_number,VIN,vendor_name) VALUES ('VJUYVX0SHHT606044-004','VJUYVX0SHHT606044','Green-Plus');
INSERT INTO PartsOrder(Purchase_order_number,VIN,vendor_name) VALUES ('WGVK4P1UIPJ916959-001','WGVK4P1UIPJ916959','Green-Plus');
INSERT INTO PartsOrder(Purchase_order_number,VIN,vendor_name) VALUES ('WWMN8RWHPDM674733-003','WWMN8RWHPDM674733','Green-Plus');
INSERT INTO PartsOrder(Purchase_order_number,VIN,vendor_name) VALUES ('XNUNZXGY3NC711419-002','XNUNZXGY3NC711419','Green-Plus');
INSERT INTO PartsOrder(Purchase_order_number,VIN,vendor_name) VALUES ('0RTZMNEP443530450-001','0RTZMNEP443530450','Isdom');
INSERT INTO PartsOrder(Purchase_order_number,VIN,vendor_name) VALUES ('1P2ISJXQKIW025651-001','1P2ISJXQKIW025651','Isdom');
INSERT INTO PartsOrder(Purchase_order_number,VIN,vendor_name) VALUES ('2N45QQ7SMY3757149-004','2N45QQ7SMY3757149','Isdom');
INSERT INTO PartsOrder(Purchase_order_number,VIN,vendor_name) VALUES ('2Y1UCXYY50T192604-003','2Y1UCXYY50T192604','Isdom');
INSERT INTO PartsOrder(Purchase_order_number,VIN,vendor_name) VALUES ('2Y1UCXYY50T192604-004','2Y1UCXYY50T192604','Isdom');
INSERT INTO PartsOrder(Purchase_order_number,VIN,vendor_name) VALUES ('2YHAF0V8512939431-002','2YHAF0V8512939431','Isdom');
INSERT INTO PartsOrder(Purchase_order_number,VIN,vendor_name) VALUES ('4RJT1NOLXUG037441-004','4RJT1NOLXUG037441','Isdom');
INSERT INTO PartsOrder(Purchase_order_number,VIN,vendor_name) VALUES ('5L5RPVESTIA976918-001','5L5RPVESTIA976918','Isdom');
INSERT INTO PartsOrder(Purchase_order_number,VIN,vendor_name) VALUES ('5L5RPVESTIA976918-002','5L5RPVESTIA976918','Isdom');
INSERT INTO PartsOrder(Purchase_order_number,VIN,vendor_name) VALUES ('6WRD8C6784B120048-002','6WRD8C6784B120048','Isdom');
INSERT INTO PartsOrder(Purchase_order_number,VIN,vendor_name) VALUES ('72OI8SLM4HN113041-001','72OI8SLM4HN113041','Isdom');
INSERT INTO PartsOrder(Purchase_order_number,VIN,vendor_name) VALUES ('A1GTY6T551Q455502-002','A1GTY6T551Q455502','Isdom');
INSERT INTO PartsOrder(Purchase_order_number,VIN,vendor_name) VALUES ('DABGHKVUB2D696619-001','DABGHKVUB2D696619','Isdom');
INSERT INTO PartsOrder(Purchase_order_number,VIN,vendor_name) VALUES ('DBF5M62ODXK242204-003','DBF5M62ODXK242204','Isdom');
INSERT INTO PartsOrder(Purchase_order_number,VIN,vendor_name) VALUES ('EJET1HMTOKB682315-002','EJET1HMTOKB682315','Isdom');
INSERT INTO PartsOrder(Purchase_order_number,VIN,vendor_name) VALUES ('HGHHV1IWCUX780355-004','HGHHV1IWCUX780355','Isdom');
INSERT INTO PartsOrder(Purchase_order_number,VIN,vendor_name) VALUES ('IQ73NEIBJNB403342-005','IQ73NEIBJNB403342','Isdom');
INSERT INTO PartsOrder(Purchase_order_number,VIN,vendor_name) VALUES ('L712UQJXM4L524142-001','L712UQJXM4L524142','Isdom');
INSERT INTO PartsOrder(Purchase_order_number,VIN,vendor_name) VALUES ('ME064DUO8S0025936-002','ME064DUO8S0025936','Isdom');
INSERT INTO PartsOrder(Purchase_order_number,VIN,vendor_name) VALUES ('MTBE6DK55IO892347-003','MTBE6DK55IO892347','Isdom');
INSERT INTO PartsOrder(Purchase_order_number,VIN,vendor_name) VALUES ('OMJKHKQNFKJ761643-002','OMJKHKQNFKJ761643','Isdom');
INSERT INTO PartsOrder(Purchase_order_number,VIN,vendor_name) VALUES ('SAN8CKZV8O6386790-004','SAN8CKZV8O6386790','Isdom');
INSERT INTO PartsOrder(Purchase_order_number,VIN,vendor_name) VALUES ('TRB4XOLO3Y2181257-001','TRB4XOLO3Y2181257','Isdom');
INSERT INTO PartsOrder(Purchase_order_number,VIN,vendor_name) VALUES ('U4DAG21M25I154677-001','U4DAG21M25I154677','Isdom');
INSERT INTO PartsOrder(Purchase_order_number,VIN,vendor_name) VALUES ('U6AKQW00N22614671-004','U6AKQW00N22614671','Isdom');
INSERT INTO PartsOrder(Purchase_order_number,VIN,vendor_name) VALUES ('UYQXFHB268D227085-001','UYQXFHB268D227085','Isdom');
INSERT INTO PartsOrder(Purchase_order_number,VIN,vendor_name) VALUES ('UYQXFHB268D227085-002','UYQXFHB268D227085','Isdom');
INSERT INTO PartsOrder(Purchase_order_number,VIN,vendor_name) VALUES ('VWWOX3PM6QD757820-004','VWWOX3PM6QD757820','Isdom');
INSERT INTO PartsOrder(Purchase_order_number,VIN,vendor_name) VALUES ('W1R2THVZD6L234135-002','W1R2THVZD6L234135','Isdom');
INSERT INTO PartsOrder(Purchase_order_number,VIN,vendor_name) VALUES ('XPBUWRX56F6412345-002','XPBUWRX56F6412345','Isdom');
INSERT INTO PartsOrder(Purchase_order_number,VIN,vendor_name) VALUES ('Y0E0QLEFDDC702405-001','Y0E0QLEFDDC702405','Isdom');
INSERT INTO PartsOrder(Purchase_order_number,VIN,vendor_name) VALUES ('15WH5TNL8GD986516-002','15WH5TNL8GD986516','J-Texon');
INSERT INTO PartsOrder(Purchase_order_number,VIN,vendor_name) VALUES ('1HHB3PGRMMK153438-001','1HHB3PGRMMK153438','J-Texon');
INSERT INTO PartsOrder(Purchase_order_number,VIN,vendor_name) VALUES ('1M1GEHMECS1730055-001','1M1GEHMECS1730055','J-Texon');
INSERT INTO PartsOrder(Purchase_order_number,VIN,vendor_name) VALUES ('2DHOH4P4672123749-002','2DHOH4P4672123749','J-Texon');
INSERT INTO PartsOrder(Purchase_order_number,VIN,vendor_name) VALUES ('2LUXDFJTYZA796766-001','2LUXDFJTYZA796766','J-Texon');
INSERT INTO PartsOrder(Purchase_order_number,VIN,vendor_name) VALUES ('30YUJXKGY7I314746-001','30YUJXKGY7I314746','J-Texon');
INSERT INTO PartsOrder(Purchase_order_number,VIN,vendor_name) VALUES ('3464CBUBJ3G311266-001','3464CBUBJ3G311266','J-Texon');
INSERT INTO PartsOrder(Purchase_order_number,VIN,vendor_name) VALUES ('4BW4C1KL6TZ577336-001','4BW4C1KL6TZ577336','J-Texon');
INSERT INTO PartsOrder(Purchase_order_number,VIN,vendor_name) VALUES ('8VGJ74SC8UK076966-002','8VGJ74SC8UK076966','J-Texon');
INSERT INTO PartsOrder(Purchase_order_number,VIN,vendor_name) VALUES ('EZ144Z2QAJC644839-002','EZ144Z2QAJC644839','J-Texon');
INSERT INTO PartsOrder(Purchase_order_number,VIN,vendor_name) VALUES ('EZ308PJB831681306-001','EZ308PJB831681306','J-Texon');
INSERT INTO PartsOrder(Purchase_order_number,VIN,vendor_name) VALUES ('FA7LJ664E04088299-002','FA7LJ664E04088299','J-Texon');
INSERT INTO PartsOrder(Purchase_order_number,VIN,vendor_name) VALUES ('FLACGVUE5FI388538-003','FLACGVUE5FI388538','J-Texon');
INSERT INTO PartsOrder(Purchase_order_number,VIN,vendor_name) VALUES ('FPJBMT3OOG8061158-005','FPJBMT3OOG8061158','J-Texon');
INSERT INTO PartsOrder(Purchase_order_number,VIN,vendor_name) VALUES ('GTTYZXB3YJG754847-002','GTTYZXB3YJG754847','J-Texon');
INSERT INTO PartsOrder(Purchase_order_number,VIN,vendor_name) VALUES ('GZ81MW85M47387080-001','GZ81MW85M47387080','J-Texon');
INSERT INTO PartsOrder(Purchase_order_number,VIN,vendor_name) VALUES ('M4E2PBWXZFJ700371-001','M4E2PBWXZFJ700371','J-Texon');
INSERT INTO PartsOrder(Purchase_order_number,VIN,vendor_name) VALUES ('MAO8BQ1NDT7049472-002','MAO8BQ1NDT7049472','J-Texon');
INSERT INTO PartsOrder(Purchase_order_number,VIN,vendor_name) VALUES ('MAO8BQ1NDT7049472-003','MAO8BQ1NDT7049472','J-Texon');
INSERT INTO PartsOrder(Purchase_order_number,VIN,vendor_name) VALUES ('MRHV8EI5ETH324409-001','MRHV8EI5ETH324409','J-Texon');
INSERT INTO PartsOrder(Purchase_order_number,VIN,vendor_name) VALUES ('R3Q6NWXL5OK028859-001','R3Q6NWXL5OK028859','J-Texon');
INSERT INTO PartsOrder(Purchase_order_number,VIN,vendor_name) VALUES ('RP3I3QO2BYF582498-001','RP3I3QO2BYF582498','J-Texon');
INSERT INTO PartsOrder(Purchase_order_number,VIN,vendor_name) VALUES ('SSSGFBFNIOE995675-002','SSSGFBFNIOE995675','J-Texon');
INSERT INTO PartsOrder(Purchase_order_number,VIN,vendor_name) VALUES ('U6AKQW00N22614671-003','U6AKQW00N22614671','J-Texon');
INSERT INTO PartsOrder(Purchase_order_number,VIN,vendor_name) VALUES ('UVK0K4YAN4D361432-002','UVK0K4YAN4D361432','J-Texon');
INSERT INTO PartsOrder(Purchase_order_number,VIN,vendor_name) VALUES ('XPBUWRX56F6412345-003','XPBUWRX56F6412345','J-Texon');
INSERT INTO PartsOrder(Purchase_order_number,VIN,vendor_name) VALUES ('YFV4PPW4SW8405660-002','YFV4PPW4SW8405660','J-Texon');
INSERT INTO PartsOrder(Purchase_order_number,VIN,vendor_name) VALUES ('Z1QCG3DRQAX515930-004','Z1QCG3DRQAX515930','J-Texon');
INSERT INTO PartsOrder(Purchase_order_number,VIN,vendor_name) VALUES ('ZMVRJH6HGUZ703892-001','ZMVRJH6HGUZ703892','J-Texon');
INSERT INTO PartsOrder(Purchase_order_number,VIN,vendor_name) VALUES ('ZMVRJH6HGUZ703892-002','ZMVRJH6HGUZ703892','J-Texon');
INSERT INTO PartsOrder(Purchase_order_number,VIN,vendor_name) VALUES ('ZPSM0A6MZXM357384-001','ZPSM0A6MZXM357384','J-Texon');
INSERT INTO PartsOrder(Purchase_order_number,VIN,vendor_name) VALUES ('036EG6XGHFJ822528-003','036EG6XGHFJ822528','Konmatfix');
INSERT INTO PartsOrder(Purchase_order_number,VIN,vendor_name) VALUES ('0O56VQ0TP1C342110-001','0O56VQ0TP1C342110','Konmatfix');
INSERT INTO PartsOrder(Purchase_order_number,VIN,vendor_name) VALUES ('2MSC0A8PW8U686208-001','2MSC0A8PW8U686208','Konmatfix');
INSERT INTO PartsOrder(Purchase_order_number,VIN,vendor_name) VALUES ('3NED8CVSG6V494138-002','3NED8CVSG6V494138','Konmatfix');
INSERT INTO PartsOrder(Purchase_order_number,VIN,vendor_name) VALUES ('8LPZZLYHF77014597-001','8LPZZLYHF77014597','Konmatfix');
INSERT INTO PartsOrder(Purchase_order_number,VIN,vendor_name) VALUES ('8UU0VC3VENC905922-003','8UU0VC3VENC905922','Konmatfix');
INSERT INTO PartsOrder(Purchase_order_number,VIN,vendor_name) VALUES ('B5Q25XY368S364688-001','B5Q25XY368S364688','Konmatfix');
INSERT INTO PartsOrder(Purchase_order_number,VIN,vendor_name) VALUES ('BCTZOAWQMHJ300759-002','BCTZOAWQMHJ300759','Konmatfix');
INSERT INTO PartsOrder(Purchase_order_number,VIN,vendor_name) VALUES ('BROAYF3JXYB733688-001','BROAYF3JXYB733688','Konmatfix');
INSERT INTO PartsOrder(Purchase_order_number,VIN,vendor_name) VALUES ('DBF5M62ODXK242204-002','DBF5M62ODXK242204','Konmatfix');
INSERT INTO PartsOrder(Purchase_order_number,VIN,vendor_name) VALUES ('EQ22HWH3DG1475247-002','EQ22HWH3DG1475247','Konmatfix');
INSERT INTO PartsOrder(Purchase_order_number,VIN,vendor_name) VALUES ('FAQ8F8F300A215860-001','FAQ8F8F300A215860','Konmatfix');
INSERT INTO PartsOrder(Purchase_order_number,VIN,vendor_name) VALUES ('HXP0L3Y7NRP032607-004','HXP0L3Y7NRP032607','Konmatfix');
INSERT INTO PartsOrder(Purchase_order_number,VIN,vendor_name) VALUES ('J6OMNLGS2AO161351-001','J6OMNLGS2AO161351','Konmatfix');
INSERT INTO PartsOrder(Purchase_order_number,VIN,vendor_name) VALUES ('JS0Y5W8KIDC106093-005','JS0Y5W8KIDC106093','Konmatfix');
INSERT INTO PartsOrder(Purchase_order_number,VIN,vendor_name) VALUES ('KEZRVGOFFMA250868-001','KEZRVGOFFMA250868','Konmatfix');
INSERT INTO PartsOrder(Purchase_order_number,VIN,vendor_name) VALUES ('L6EFDBPTY1B405814-002','L6EFDBPTY1B405814','Konmatfix');
INSERT INTO PartsOrder(Purchase_order_number,VIN,vendor_name) VALUES ('ME064DUO8S0025936-003','ME064DUO8S0025936','Konmatfix');
INSERT INTO PartsOrder(Purchase_order_number,VIN,vendor_name) VALUES ('NJFDCKXL34E222565-001','NJFDCKXL34E222565','Konmatfix');
INSERT INTO PartsOrder(Purchase_order_number,VIN,vendor_name) VALUES ('NNKIP3UNIGZ353715-001','NNKIP3UNIGZ353715','Konmatfix');
INSERT INTO PartsOrder(Purchase_order_number,VIN,vendor_name) VALUES ('OA1F76XJUQS608395-001','OA1F76XJUQS608395','Konmatfix');
INSERT INTO PartsOrder(Purchase_order_number,VIN,vendor_name) VALUES ('OMJKHKQNFKJ761643-001','OMJKHKQNFKJ761643','Konmatfix');
INSERT INTO PartsOrder(Purchase_order_number,VIN,vendor_name) VALUES ('Q3TT4GKZDHK659352-003','Q3TT4GKZDHK659352','Konmatfix');
INSERT INTO PartsOrder(Purchase_order_number,VIN,vendor_name) VALUES ('RTV8NXYO2D4310350-001','RTV8NXYO2D4310350','Konmatfix');
INSERT INTO PartsOrder(Purchase_order_number,VIN,vendor_name) VALUES ('U3SEY7BL74U428566-002','U3SEY7BL74U428566','Konmatfix');
INSERT INTO PartsOrder(Purchase_order_number,VIN,vendor_name) VALUES ('U6AKQW00N22614671-005','U6AKQW00N22614671','Konmatfix');
INSERT INTO PartsOrder(Purchase_order_number,VIN,vendor_name) VALUES ('UDK1102XNQ4362369-001','UDK1102XNQ4362369','Konmatfix');
INSERT INTO PartsOrder(Purchase_order_number,VIN,vendor_name) VALUES ('UDOHJKQNZRU355125-001','UDOHJKQNZRU355125','Konmatfix');
INSERT INTO PartsOrder(Purchase_order_number,VIN,vendor_name) VALUES ('V73RJYYHEIT850422-004','V73RJYYHEIT850422','Konmatfix');
INSERT INTO PartsOrder(Purchase_order_number,VIN,vendor_name) VALUES ('VTVE6444244403193-003','VTVE6444244403193','Konmatfix');
INSERT INTO PartsOrder(Purchase_order_number,VIN,vendor_name) VALUES ('WGVK4P1UIPJ916959-004','WGVK4P1UIPJ916959','Konmatfix');
INSERT INTO PartsOrder(Purchase_order_number,VIN,vendor_name) VALUES ('ZDNMEDH0CHN556637-001','ZDNMEDH0CHN556637','Konmatfix');
INSERT INTO PartsOrder(Purchase_order_number,VIN,vendor_name) VALUES ('1C05IGNBBB6823554-001','1C05IGNBBB6823554','Newex');
INSERT INTO PartsOrder(Purchase_order_number,VIN,vendor_name) VALUES ('2BEGOJVB21D198188-002','2BEGOJVB21D198188','Newex');
INSERT INTO PartsOrder(Purchase_order_number,VIN,vendor_name) VALUES ('3P0R7483FP1117876-005','3P0R7483FP1117876','Newex');
INSERT INTO PartsOrder(Purchase_order_number,VIN,vendor_name) VALUES ('4BSRNVZZ2CQ691731-001','4BSRNVZZ2CQ691731','Newex');
INSERT INTO PartsOrder(Purchase_order_number,VIN,vendor_name) VALUES ('4RJT1NOLXUG037441-001','4RJT1NOLXUG037441','Newex');
INSERT INTO PartsOrder(Purchase_order_number,VIN,vendor_name) VALUES ('5WKWALJ4EQU001163-003','5WKWALJ4EQU001163','Newex');
INSERT INTO PartsOrder(Purchase_order_number,VIN,vendor_name) VALUES ('8VGJ74SC8UK076966-004','8VGJ74SC8UK076966','Newex');
INSERT INTO PartsOrder(Purchase_order_number,VIN,vendor_name) VALUES ('8W38A5ZZFKA123439-001','8W38A5ZZFKA123439','Newex');
INSERT INTO PartsOrder(Purchase_order_number,VIN,vendor_name) VALUES ('8WLKEABOQM5965804-001','8WLKEABOQM5965804','Newex');
INSERT INTO PartsOrder(Purchase_order_number,VIN,vendor_name) VALUES ('BKO2YY3HI56119138-002','BKO2YY3HI56119138','Newex');
INSERT INTO PartsOrder(Purchase_order_number,VIN,vendor_name) VALUES ('BROAYF3JXYB733688-002','BROAYF3JXYB733688','Newex');
INSERT INTO PartsOrder(Purchase_order_number,VIN,vendor_name) VALUES ('EWUO21O8D0P959813-003','EWUO21O8D0P959813','Newex');
INSERT INTO PartsOrder(Purchase_order_number,VIN,vendor_name) VALUES ('HGHHV1IWCUX780355-005','HGHHV1IWCUX780355','Newex');
INSERT INTO PartsOrder(Purchase_order_number,VIN,vendor_name) VALUES ('JS0Y5W8KIDC106093-003','JS0Y5W8KIDC106093','Newex');
INSERT INTO PartsOrder(Purchase_order_number,VIN,vendor_name) VALUES ('LLPNU12CY5C440662-002','LLPNU12CY5C440662','Newex');
INSERT INTO PartsOrder(Purchase_order_number,VIN,vendor_name) VALUES ('MPXFMDRYC6D036656-001','MPXFMDRYC6D036656','Newex');
INSERT INTO PartsOrder(Purchase_order_number,VIN,vendor_name) VALUES ('QF6QBNKTPSA019446-001','QF6QBNKTPSA019446','Newex');
INSERT INTO PartsOrder(Purchase_order_number,VIN,vendor_name) VALUES ('QVSOV4QTXAE520972-003','QVSOV4QTXAE520972','Newex');
INSERT INTO PartsOrder(Purchase_order_number,VIN,vendor_name) VALUES ('QWYUAF6GIGE744209-001','QWYUAF6GIGE744209','Newex');
INSERT INTO PartsOrder(Purchase_order_number,VIN,vendor_name) VALUES ('R3Q6NWXL5OK028859-002','R3Q6NWXL5OK028859','Newex');
INSERT INTO PartsOrder(Purchase_order_number,VIN,vendor_name) VALUES ('TOIFP5YHHJC099537-001','TOIFP5YHHJC099537','Newex');
INSERT INTO PartsOrder(Purchase_order_number,VIN,vendor_name) VALUES ('UAITKQ7KMQN776987-002','UAITKQ7KMQN776987','Newex');
INSERT INTO PartsOrder(Purchase_order_number,VIN,vendor_name) VALUES ('UDOHJKQNZRU355125-004','UDOHJKQNZRU355125','Newex');
INSERT INTO PartsOrder(Purchase_order_number,VIN,vendor_name) VALUES ('V08JG7APNII434369-005','V08JG7APNII434369','Newex');
INSERT INTO PartsOrder(Purchase_order_number,VIN,vendor_name) VALUES ('VJUYVX0SHHT606044-003','VJUYVX0SHHT606044','Newex');
INSERT INTO PartsOrder(Purchase_order_number,VIN,vendor_name) VALUES ('YA0EN8KRBAN266216-003','YA0EN8KRBAN266216','Newex');
INSERT INTO PartsOrder(Purchase_order_number,VIN,vendor_name) VALUES ('1HHB3PGRMMK153438-002','1HHB3PGRMMK153438','Ontomedia');
INSERT INTO PartsOrder(Purchase_order_number,VIN,vendor_name) VALUES ('2YHAF0V8512939431-001','2YHAF0V8512939431','Ontomedia');
INSERT INTO PartsOrder(Purchase_order_number,VIN,vendor_name) VALUES ('4BW4C1KL6TZ577336-003','4BW4C1KL6TZ577336','Ontomedia');
INSERT INTO PartsOrder(Purchase_order_number,VIN,vendor_name) VALUES ('5NFMDSJIMMB492412-001','5NFMDSJIMMB492412','Ontomedia');
INSERT INTO PartsOrder(Purchase_order_number,VIN,vendor_name) VALUES ('8JVUFKHA0TM075506-001','8JVUFKHA0TM075506','Ontomedia');
INSERT INTO PartsOrder(Purchase_order_number,VIN,vendor_name) VALUES ('8LPZZLYHF77014597-003','8LPZZLYHF77014597','Ontomedia');
INSERT INTO PartsOrder(Purchase_order_number,VIN,vendor_name) VALUES ('8UU0VC3VENC905922-002','8UU0VC3VENC905922','Ontomedia');
INSERT INTO PartsOrder(Purchase_order_number,VIN,vendor_name) VALUES ('8W38A5ZZFKA123439-002','8W38A5ZZFKA123439','Ontomedia');
INSERT INTO PartsOrder(Purchase_order_number,VIN,vendor_name) VALUES ('8WLKEABOQM5965804-002','8WLKEABOQM5965804','Ontomedia');
INSERT INTO PartsOrder(Purchase_order_number,VIN,vendor_name) VALUES ('ELA1OD0NP7S259553-001','ELA1OD0NP7S259553','Ontomedia');
INSERT INTO PartsOrder(Purchase_order_number,VIN,vendor_name) VALUES ('EX0DFWC3FLW639681-001','EX0DFWC3FLW639681','Ontomedia');
INSERT INTO PartsOrder(Purchase_order_number,VIN,vendor_name) VALUES ('HGHHV1IWCUX780355-001','HGHHV1IWCUX780355','Ontomedia');
INSERT INTO PartsOrder(Purchase_order_number,VIN,vendor_name) VALUES ('HIEWYKOMDAK597903-004','HIEWYKOMDAK597903','Ontomedia');
INSERT INTO PartsOrder(Purchase_order_number,VIN,vendor_name) VALUES ('HXP0L3Y7NRP032607-002','HXP0L3Y7NRP032607','Ontomedia');
INSERT INTO PartsOrder(Purchase_order_number,VIN,vendor_name) VALUES ('I7TC64WMFN3679469-001','I7TC64WMFN3679469','Ontomedia');
INSERT INTO PartsOrder(Purchase_order_number,VIN,vendor_name) VALUES ('I7TC64WMFN3679469-002','I7TC64WMFN3679469','Ontomedia');
INSERT INTO PartsOrder(Purchase_order_number,VIN,vendor_name) VALUES ('IZPS1NTRXAH046134-002','IZPS1NTRXAH046134','Ontomedia');
INSERT INTO PartsOrder(Purchase_order_number,VIN,vendor_name) VALUES ('JE1O6OHJZW1220783-003','JE1O6OHJZW1220783','Ontomedia');
INSERT INTO PartsOrder(Purchase_order_number,VIN,vendor_name) VALUES ('KZQ5C1NSWAJ790169-001','KZQ5C1NSWAJ790169','Ontomedia');
INSERT INTO PartsOrder(Purchase_order_number,VIN,vendor_name) VALUES ('LWA5MXOU4MD327938-001','LWA5MXOU4MD327938','Ontomedia');
INSERT INTO PartsOrder(Purchase_order_number,VIN,vendor_name) VALUES ('M3VW8YIQKWT779745-004','M3VW8YIQKWT779745','Ontomedia');
INSERT INTO PartsOrder(Purchase_order_number,VIN,vendor_name) VALUES ('N5QQ2WLB5PL198189-003','N5QQ2WLB5PL198189','Ontomedia');
INSERT INTO PartsOrder(Purchase_order_number,VIN,vendor_name) VALUES ('NRQQC5OQ0F4586467-002','NRQQC5OQ0F4586467','Ontomedia');
INSERT INTO PartsOrder(Purchase_order_number,VIN,vendor_name) VALUES ('Q3TT4GKZDHK659352-005','Q3TT4GKZDHK659352','Ontomedia');
INSERT INTO PartsOrder(Purchase_order_number,VIN,vendor_name) VALUES ('Q6C80HSWMFK634460-001','Q6C80HSWMFK634460','Ontomedia');
INSERT INTO PartsOrder(Purchase_order_number,VIN,vendor_name) VALUES ('SLY1Q4WQXLP675951-003','SLY1Q4WQXLP675951','Ontomedia');
INSERT INTO PartsOrder(Purchase_order_number,VIN,vendor_name) VALUES ('TVFRONGULQ7855167-002','TVFRONGULQ7855167','Ontomedia');
INSERT INTO PartsOrder(Purchase_order_number,VIN,vendor_name) VALUES ('U1GXDUQ2NVP642154-001','U1GXDUQ2NVP642154','Ontomedia');
INSERT INTO PartsOrder(Purchase_order_number,VIN,vendor_name) VALUES ('U3SEY7BL74U428566-001','U3SEY7BL74U428566','Ontomedia');
INSERT INTO PartsOrder(Purchase_order_number,VIN,vendor_name) VALUES ('UAITKQ7KMQN776987-003','UAITKQ7KMQN776987','Ontomedia');
INSERT INTO PartsOrder(Purchase_order_number,VIN,vendor_name) VALUES ('V08JG7APNII434369-002','V08JG7APNII434369','Ontomedia');
INSERT INTO PartsOrder(Purchase_order_number,VIN,vendor_name) VALUES ('VLYZ0TBEDGM584853-001','VLYZ0TBEDGM584853','Ontomedia');
INSERT INTO PartsOrder(Purchase_order_number,VIN,vendor_name) VALUES ('W17V1HTH5IW129737-004','W17V1HTH5IW129737','Ontomedia');
INSERT INTO PartsOrder(Purchase_order_number,VIN,vendor_name) VALUES ('XPBUWRX56F6412345-004','XPBUWRX56F6412345','Ontomedia');
INSERT INTO PartsOrder(Purchase_order_number,VIN,vendor_name) VALUES ('ZIOB2UP8DA8102221-001','ZIOB2UP8DA8102221','Ontomedia');
INSERT INTO PartsOrder(Purchase_order_number,VIN,vendor_name) VALUES ('ZIOB2UP8DA8102221-002','ZIOB2UP8DA8102221','Ontomedia');
INSERT INTO PartsOrder(Purchase_order_number,VIN,vendor_name) VALUES ('0XPRYKN4QTB854977-001','0XPRYKN4QTB854977','Plusstrip');
INSERT INTO PartsOrder(Purchase_order_number,VIN,vendor_name) VALUES ('1GIQVMBR2A2798107-002','1GIQVMBR2A2798107','Plusstrip');
INSERT INTO PartsOrder(Purchase_order_number,VIN,vendor_name) VALUES ('1HHB3PGRMMK153438-004','1HHB3PGRMMK153438','Plusstrip');
INSERT INTO PartsOrder(Purchase_order_number,VIN,vendor_name) VALUES ('2JUBCDLLXSB731848-001','2JUBCDLLXSB731848','Plusstrip');
INSERT INTO PartsOrder(Purchase_order_number,VIN,vendor_name) VALUES ('2MSC0A8PW8U686208-002','2MSC0A8PW8U686208','Plusstrip');
INSERT INTO PartsOrder(Purchase_order_number,VIN,vendor_name) VALUES ('2MSC0A8PW8U686208-003','2MSC0A8PW8U686208','Plusstrip');
INSERT INTO PartsOrder(Purchase_order_number,VIN,vendor_name) VALUES ('2N45QQ7SMY3757149-005','2N45QQ7SMY3757149','Plusstrip');
INSERT INTO PartsOrder(Purchase_order_number,VIN,vendor_name) VALUES ('323F5QUAPKX190724-002','323F5QUAPKX190724','Plusstrip');
INSERT INTO PartsOrder(Purchase_order_number,VIN,vendor_name) VALUES ('5NFMDSJIMMB492412-004','5NFMDSJIMMB492412','Plusstrip');
INSERT INTO PartsOrder(Purchase_order_number,VIN,vendor_name) VALUES ('73HIEJVMY26464395-002','73HIEJVMY26464395','Plusstrip');
INSERT INTO PartsOrder(Purchase_order_number,VIN,vendor_name) VALUES ('7ZGFTG3CJWB276675-001','7ZGFTG3CJWB276675','Plusstrip');
INSERT INTO PartsOrder(Purchase_order_number,VIN,vendor_name) VALUES ('8CR4YKPMHVR077313-001','8CR4YKPMHVR077313','Plusstrip');
INSERT INTO PartsOrder(Purchase_order_number,VIN,vendor_name) VALUES ('CXGQS7AZP6I329568-002','CXGQS7AZP6I329568','Plusstrip');
INSERT INTO PartsOrder(Purchase_order_number,VIN,vendor_name) VALUES ('EQ22HWH3DG1475247-001','EQ22HWH3DG1475247','Plusstrip');
INSERT INTO PartsOrder(Purchase_order_number,VIN,vendor_name) VALUES ('EWUO21O8D0P959813-001','EWUO21O8D0P959813','Plusstrip');
INSERT INTO PartsOrder(Purchase_order_number,VIN,vendor_name) VALUES ('F032TW1LYVD881430-002','F032TW1LYVD881430','Plusstrip');
INSERT INTO PartsOrder(Purchase_order_number,VIN,vendor_name) VALUES ('I4ZQBJWMKGO132368-002','I4ZQBJWMKGO132368','Plusstrip');
INSERT INTO PartsOrder(Purchase_order_number,VIN,vendor_name) VALUES ('I5E5PHXL5CF199096-001','I5E5PHXL5CF199096','Plusstrip');
INSERT INTO PartsOrder(Purchase_order_number,VIN,vendor_name) VALUES ('J1MG8R7RAZX116769-001','J1MG8R7RAZX116769','Plusstrip');
INSERT INTO PartsOrder(Purchase_order_number,VIN,vendor_name) VALUES ('JA7U5AG0WEE170652-002','JA7U5AG0WEE170652','Plusstrip');
INSERT INTO PartsOrder(Purchase_order_number,VIN,vendor_name) VALUES ('KCXGZEVS1QW404654-005','KCXGZEVS1QW404654','Plusstrip');
INSERT INTO PartsOrder(Purchase_order_number,VIN,vendor_name) VALUES ('KE1QKPKS6Q8459351-001','KE1QKPKS6Q8459351','Plusstrip');
INSERT INTO PartsOrder(Purchase_order_number,VIN,vendor_name) VALUES ('KE1QKPKS6Q8459351-002','KE1QKPKS6Q8459351','Plusstrip');
INSERT INTO PartsOrder(Purchase_order_number,VIN,vendor_name) VALUES ('ME064DUO8S0025936-001','ME064DUO8S0025936','Plusstrip');
INSERT INTO PartsOrder(Purchase_order_number,VIN,vendor_name) VALUES ('MJZ2P85E65M015209-002','MJZ2P85E65M015209','Plusstrip');
INSERT INTO PartsOrder(Purchase_order_number,VIN,vendor_name) VALUES ('MTBE6DK55IO892347-004','MTBE6DK55IO892347','Plusstrip');
INSERT INTO PartsOrder(Purchase_order_number,VIN,vendor_name) VALUES ('N2VSLYX8OXL077775-001','N2VSLYX8OXL077775','Plusstrip');
INSERT INTO PartsOrder(Purchase_order_number,VIN,vendor_name) VALUES ('N5QQ2WLB5PL198189-001','N5QQ2WLB5PL198189','Plusstrip');
INSERT INTO PartsOrder(Purchase_order_number,VIN,vendor_name) VALUES ('N5QQ2WLB5PL198189-002','N5QQ2WLB5PL198189','Plusstrip');
INSERT INTO PartsOrder(Purchase_order_number,VIN,vendor_name) VALUES ('NM3BN4RJS1M492634-004','NM3BN4RJS1M492634','Plusstrip');
INSERT INTO PartsOrder(Purchase_order_number,VIN,vendor_name) VALUES ('NRQQC5OQ0F4586467-001','NRQQC5OQ0F4586467','Plusstrip');
INSERT INTO PartsOrder(Purchase_order_number,VIN,vendor_name) VALUES ('PI5K0FV5WKD862880-001','PI5K0FV5WKD862880','Plusstrip');
INSERT INTO PartsOrder(Purchase_order_number,VIN,vendor_name) VALUES ('POBJLZ8FZN0427016-001','POBJLZ8FZN0427016','Plusstrip');
INSERT INTO PartsOrder(Purchase_order_number,VIN,vendor_name) VALUES ('QF6QBNKTPSA019446-002','QF6QBNKTPSA019446','Plusstrip');
INSERT INTO PartsOrder(Purchase_order_number,VIN,vendor_name) VALUES ('SL5LRZAJFUI810871-002','SL5LRZAJFUI810871','Plusstrip');
INSERT INTO PartsOrder(Purchase_order_number,VIN,vendor_name) VALUES ('TRB4XOLO3Y2181257-004','TRB4XOLO3Y2181257','Plusstrip');
INSERT INTO PartsOrder(Purchase_order_number,VIN,vendor_name) VALUES ('U1GXDUQ2NVP642154-004','U1GXDUQ2NVP642154','Plusstrip');
INSERT INTO PartsOrder(Purchase_order_number,VIN,vendor_name) VALUES ('U6AKQW00N22614671-002','U6AKQW00N22614671','Plusstrip');
INSERT INTO PartsOrder(Purchase_order_number,VIN,vendor_name) VALUES ('VLYZ0TBEDGM584853-005','VLYZ0TBEDGM584853','Plusstrip');
INSERT INTO PartsOrder(Purchase_order_number,VIN,vendor_name) VALUES ('VWWOX3PM6QD757820-003','VWWOX3PM6QD757820','Plusstrip');
INSERT INTO PartsOrder(Purchase_order_number,VIN,vendor_name) VALUES ('Z0405USEZKH796737-003','Z0405USEZKH796737','Plusstrip');
INSERT INTO PartsOrder(Purchase_order_number,VIN,vendor_name) VALUES ('Z1QCG3DRQAX515930-003','Z1QCG3DRQAX515930','Plusstrip');
INSERT INTO PartsOrder(Purchase_order_number,VIN,vendor_name) VALUES ('054CB5NHFMK652777-001','054CB5NHFMK652777','Rundofase');
INSERT INTO PartsOrder(Purchase_order_number,VIN,vendor_name) VALUES ('2BEGOJVB21D198188-001','2BEGOJVB21D198188','Rundofase');
INSERT INTO PartsOrder(Purchase_order_number,VIN,vendor_name) VALUES ('2CB6WLH88NB344487-004','2CB6WLH88NB344487','Rundofase');
INSERT INTO PartsOrder(Purchase_order_number,VIN,vendor_name) VALUES ('3NED8CVSG6V494138-003','3NED8CVSG6V494138','Rundofase');
INSERT INTO PartsOrder(Purchase_order_number,VIN,vendor_name) VALUES ('5NFMDSJIMMB492412-003','5NFMDSJIMMB492412','Rundofase');
INSERT INTO PartsOrder(Purchase_order_number,VIN,vendor_name) VALUES ('6AZQDNCM3G6215989-001','6AZQDNCM3G6215989','Rundofase');
INSERT INTO PartsOrder(Purchase_order_number,VIN,vendor_name) VALUES ('73HIEJVMY26464395-001','73HIEJVMY26464395','Rundofase');
INSERT INTO PartsOrder(Purchase_order_number,VIN,vendor_name) VALUES ('A58PSDYJWYD029917-001','A58PSDYJWYD029917','Rundofase');
INSERT INTO PartsOrder(Purchase_order_number,VIN,vendor_name) VALUES ('ANW7EMLQVI6782246-002','ANW7EMLQVI6782246','Rundofase');
INSERT INTO PartsOrder(Purchase_order_number,VIN,vendor_name) VALUES ('BH6Z8Q8YUSV665327-002','BH6Z8Q8YUSV665327','Rundofase');
INSERT INTO PartsOrder(Purchase_order_number,VIN,vendor_name) VALUES ('DBF5M62ODXK242204-001','DBF5M62ODXK242204','Rundofase');
INSERT INTO PartsOrder(Purchase_order_number,VIN,vendor_name) VALUES ('EZ144Z2QAJC644839-003','EZ144Z2QAJC644839','Rundofase');
INSERT INTO PartsOrder(Purchase_order_number,VIN,vendor_name) VALUES ('FPJBMT3OOG8061158-002','FPJBMT3OOG8061158','Rundofase');
INSERT INTO PartsOrder(Purchase_order_number,VIN,vendor_name) VALUES ('GEW8SXH3TWS985107-002','GEW8SXH3TWS985107','Rundofase');
INSERT INTO PartsOrder(Purchase_order_number,VIN,vendor_name) VALUES ('IHYW5EQH7SL835482-001','IHYW5EQH7SL835482','Rundofase');
INSERT INTO PartsOrder(Purchase_order_number,VIN,vendor_name) VALUES ('JS0Y5W8KIDC106093-002','JS0Y5W8KIDC106093','Rundofase');
INSERT INTO PartsOrder(Purchase_order_number,VIN,vendor_name) VALUES ('JZKBFXYGWL5900436-001','JZKBFXYGWL5900436','Rundofase');
INSERT INTO PartsOrder(Purchase_order_number,VIN,vendor_name) VALUES ('K3MTK4TIJNU760358-001','K3MTK4TIJNU760358','Rundofase');
INSERT INTO PartsOrder(Purchase_order_number,VIN,vendor_name) VALUES ('KCXGZEVS1QW404654-001','KCXGZEVS1QW404654','Rundofase');
INSERT INTO PartsOrder(Purchase_order_number,VIN,vendor_name) VALUES ('MAO8BQ1NDT7049472-001','MAO8BQ1NDT7049472','Rundofase');
INSERT INTO PartsOrder(Purchase_order_number,VIN,vendor_name) VALUES ('NLYCMW5DAS5194596-001','NLYCMW5DAS5194596','Rundofase');
INSERT INTO PartsOrder(Purchase_order_number,VIN,vendor_name) VALUES ('OQPBCN4Y1YB733979-002','OQPBCN4Y1YB733979','Rundofase');
INSERT INTO PartsOrder(Purchase_order_number,VIN,vendor_name) VALUES ('OQPBCN4Y1YB733979-005','OQPBCN4Y1YB733979','Rundofase');
INSERT INTO PartsOrder(Purchase_order_number,VIN,vendor_name) VALUES ('P54475O4N8K403608-003','P54475O4N8K403608','Rundofase');
INSERT INTO PartsOrder(Purchase_order_number,VIN,vendor_name) VALUES ('Q3TT4GKZDHK659352-004','Q3TT4GKZDHK659352','Rundofase');
INSERT INTO PartsOrder(Purchase_order_number,VIN,vendor_name) VALUES ('RP3I3QO2BYF582498-003','RP3I3QO2BYF582498','Rundofase');
INSERT INTO PartsOrder(Purchase_order_number,VIN,vendor_name) VALUES ('V08JG7APNII434369-004','V08JG7APNII434369','Rundofase');
INSERT INTO PartsOrder(Purchase_order_number,VIN,vendor_name) VALUES ('VTVE6444244403193-004','VTVE6444244403193','Rundofase');
INSERT INTO PartsOrder(Purchase_order_number,VIN,vendor_name) VALUES ('XNUNZXGY3NC711419-001','XNUNZXGY3NC711419','Rundofase');
INSERT INTO PartsOrder(Purchase_order_number,VIN,vendor_name) VALUES ('XPBUWRX56F6412345-001','XPBUWRX56F6412345','Rundofase');
INSERT INTO PartsOrder(Purchase_order_number,VIN,vendor_name) VALUES ('Z0405USEZKH796737-002','Z0405USEZKH796737','Rundofase');
INSERT INTO PartsOrder(Purchase_order_number,VIN,vendor_name) VALUES ('ZBZRLDKTF22899385-002','ZBZRLDKTF22899385','Rundofase');
INSERT INTO PartsOrder(Purchase_order_number,VIN,vendor_name) VALUES ('0O56VQ0TP1C342110-003','0O56VQ0TP1C342110','Scotfind');
INSERT INTO PartsOrder(Purchase_order_number,VIN,vendor_name) VALUES ('1GIQVMBR2A2798107-001','1GIQVMBR2A2798107','Scotfind');
INSERT INTO PartsOrder(Purchase_order_number,VIN,vendor_name) VALUES ('1GIQVMBR2A2798107-004','1GIQVMBR2A2798107','Scotfind');
INSERT INTO PartsOrder(Purchase_order_number,VIN,vendor_name) VALUES ('1RMG763RUOZ482821-001','1RMG763RUOZ482821','Scotfind');
INSERT INTO PartsOrder(Purchase_order_number,VIN,vendor_name) VALUES ('1V61QHRD20E210923-001','1V61QHRD20E210923','Scotfind');
INSERT INTO PartsOrder(Purchase_order_number,VIN,vendor_name) VALUES ('2CB6WLH88NB344487-003','2CB6WLH88NB344487','Scotfind');
INSERT INTO PartsOrder(Purchase_order_number,VIN,vendor_name) VALUES ('2DHOH4P4672123749-005','2DHOH4P4672123749','Scotfind');
INSERT INTO PartsOrder(Purchase_order_number,VIN,vendor_name) VALUES ('2LUXDFJTYZA796766-002','2LUXDFJTYZA796766','Scotfind');
INSERT INTO PartsOrder(Purchase_order_number,VIN,vendor_name) VALUES ('2Y1UCXYY50T192604-002','2Y1UCXYY50T192604','Scotfind');
INSERT INTO PartsOrder(Purchase_order_number,VIN,vendor_name) VALUES ('2YTUEYSLDJG398062-002','2YTUEYSLDJG398062','Scotfind');
INSERT INTO PartsOrder(Purchase_order_number,VIN,vendor_name) VALUES ('55M41D1AGKW204016-001','55M41D1AGKW204016','Scotfind');
INSERT INTO PartsOrder(Purchase_order_number,VIN,vendor_name) VALUES ('5T3XYBUNB63008211-003','5T3XYBUNB63008211','Scotfind');
INSERT INTO PartsOrder(Purchase_order_number,VIN,vendor_name) VALUES ('6LYU65SHD4H127612-001','6LYU65SHD4H127612','Scotfind');
INSERT INTO PartsOrder(Purchase_order_number,VIN,vendor_name) VALUES ('ANW7EMLQVI6782246-001','ANW7EMLQVI6782246','Scotfind');
INSERT INTO PartsOrder(Purchase_order_number,VIN,vendor_name) VALUES ('AOIDQU2ROYY946376-002','AOIDQU2ROYY946376','Scotfind');
INSERT INTO PartsOrder(Purchase_order_number,VIN,vendor_name) VALUES ('EUNRBUAUCXQ934676-002','EUNRBUAUCXQ934676','Scotfind');
INSERT INTO PartsOrder(Purchase_order_number,VIN,vendor_name) VALUES ('IQ73NEIBJNB403342-002','IQ73NEIBJNB403342','Scotfind');
INSERT INTO PartsOrder(Purchase_order_number,VIN,vendor_name) VALUES ('L535DHDAU62985677-001','L535DHDAU62985677','Scotfind');
INSERT INTO PartsOrder(Purchase_order_number,VIN,vendor_name) VALUES ('M0S6NVFHN2E042385-001','M0S6NVFHN2E042385','Scotfind');
INSERT INTO PartsOrder(Purchase_order_number,VIN,vendor_name) VALUES ('M3VW8YIQKWT779745-006','M3VW8YIQKWT779745','Scotfind');
INSERT INTO PartsOrder(Purchase_order_number,VIN,vendor_name) VALUES ('MATGJILCBL4124189-001','MATGJILCBL4124189','Scotfind');
INSERT INTO PartsOrder(Purchase_order_number,VIN,vendor_name) VALUES ('MM2NLRDRNXX156196-001','MM2NLRDRNXX156196','Scotfind');
INSERT INTO PartsOrder(Purchase_order_number,VIN,vendor_name) VALUES ('NKY5WJPCYVC675161-005','NKY5WJPCYVC675161','Scotfind');
INSERT INTO PartsOrder(Purchase_order_number,VIN,vendor_name) VALUES ('Q3TT4GKZDHK659352-002','Q3TT4GKZDHK659352','Scotfind');
INSERT INTO PartsOrder(Purchase_order_number,VIN,vendor_name) VALUES ('SLY1Q4WQXLP675951-005','SLY1Q4WQXLP675951','Scotfind');
INSERT INTO PartsOrder(Purchase_order_number,VIN,vendor_name) VALUES ('VTVE6444244403193-006','VTVE6444244403193','Scotfind');
INSERT INTO PartsOrder(Purchase_order_number,VIN,vendor_name) VALUES ('W17V1HTH5IW129737-001','W17V1HTH5IW129737','Scotfind');
INSERT INTO PartsOrder(Purchase_order_number,VIN,vendor_name) VALUES ('W17V1HTH5IW129737-003','W17V1HTH5IW129737','Scotfind');
INSERT INTO PartsOrder(Purchase_order_number,VIN,vendor_name) VALUES ('XUYF42BKSWK479574-001','XUYF42BKSWK479574','Scotfind');
INSERT INTO PartsOrder(Purchase_order_number,VIN,vendor_name) VALUES ('YFV4PPW4SW8405660-003','YFV4PPW4SW8405660','Scotfind');
INSERT INTO PartsOrder(Purchase_order_number,VIN,vendor_name) VALUES ('YIRV4C5U8MN581204-001','YIRV4C5U8MN581204','Scotfind');
INSERT INTO PartsOrder(Purchase_order_number,VIN,vendor_name) VALUES ('1RMG763RUOZ482821-004','1RMG763RUOZ482821','Stanredtax');
INSERT INTO PartsOrder(Purchase_order_number,VIN,vendor_name) VALUES ('30YUJXKGY7I314746-002','30YUJXKGY7I314746','Stanredtax');
INSERT INTO PartsOrder(Purchase_order_number,VIN,vendor_name) VALUES ('340C5KYKWVM715838-001','340C5KYKWVM715838','Stanredtax');
INSERT INTO PartsOrder(Purchase_order_number,VIN,vendor_name) VALUES ('5IZQ0A8JNL8536828-002','5IZQ0A8JNL8536828','Stanredtax');
INSERT INTO PartsOrder(Purchase_order_number,VIN,vendor_name) VALUES ('5T3XYBUNB63008211-001','5T3XYBUNB63008211','Stanredtax');
INSERT INTO PartsOrder(Purchase_order_number,VIN,vendor_name) VALUES ('5T3XYBUNB63008211-002','5T3XYBUNB63008211','Stanredtax');
INSERT INTO PartsOrder(Purchase_order_number,VIN,vendor_name) VALUES ('6AZQDNCM3G6215989-005','6AZQDNCM3G6215989','Stanredtax');
INSERT INTO PartsOrder(Purchase_order_number,VIN,vendor_name) VALUES ('72OI8SLM4HN113041-003','72OI8SLM4HN113041','Stanredtax');
INSERT INTO PartsOrder(Purchase_order_number,VIN,vendor_name) VALUES ('8U653RXUMZY984495-001','8U653RXUMZY984495','Stanredtax');
INSERT INTO PartsOrder(Purchase_order_number,VIN,vendor_name) VALUES ('BKO2YY3HI56119138-001','BKO2YY3HI56119138','Stanredtax');
INSERT INTO PartsOrder(Purchase_order_number,VIN,vendor_name) VALUES ('E5W8EPPWZS0896119-002','E5W8EPPWZS0896119','Stanredtax');
INSERT INTO PartsOrder(Purchase_order_number,VIN,vendor_name) VALUES ('EX0DFWC3FLW639681-005','EX0DFWC3FLW639681','Stanredtax');
INSERT INTO PartsOrder(Purchase_order_number,VIN,vendor_name) VALUES ('FLACGVUE5FI388538-004','FLACGVUE5FI388538','Stanredtax');
INSERT INTO PartsOrder(Purchase_order_number,VIN,vendor_name) VALUES ('FPJBMT3OOG8061158-003','FPJBMT3OOG8061158','Stanredtax');
INSERT INTO PartsOrder(Purchase_order_number,VIN,vendor_name) VALUES ('HGHHV1IWCUX780355-002','HGHHV1IWCUX780355','Stanredtax');
INSERT INTO PartsOrder(Purchase_order_number,VIN,vendor_name) VALUES ('HTIAUKNL6TA101731-001','HTIAUKNL6TA101731','Stanredtax');
INSERT INTO PartsOrder(Purchase_order_number,VIN,vendor_name) VALUES ('IZPS1NTRXAH046134-001','IZPS1NTRXAH046134','Stanredtax');
INSERT INTO PartsOrder(Purchase_order_number,VIN,vendor_name) VALUES ('JA7YVHAFRLT437706-001','JA7YVHAFRLT437706','Stanredtax');
INSERT INTO PartsOrder(Purchase_order_number,VIN,vendor_name) VALUES ('JE1O6OHJZW1220783-001','JE1O6OHJZW1220783','Stanredtax');
INSERT INTO PartsOrder(Purchase_order_number,VIN,vendor_name) VALUES ('JE1O6OHJZW1220783-002','JE1O6OHJZW1220783','Stanredtax');
INSERT INTO PartsOrder(Purchase_order_number,VIN,vendor_name) VALUES ('NM3BN4RJS1M492634-005','NM3BN4RJS1M492634','Stanredtax');
INSERT INTO PartsOrder(Purchase_order_number,VIN,vendor_name) VALUES ('NNKIP3UNIGZ353715-003','NNKIP3UNIGZ353715','Stanredtax');
INSERT INTO PartsOrder(Purchase_order_number,VIN,vendor_name) VALUES ('OY3DWMTTXNP309610-001','OY3DWMTTXNP309610','Stanredtax');
INSERT INTO PartsOrder(Purchase_order_number,VIN,vendor_name) VALUES ('Q6C80HSWMFK634460-002','Q6C80HSWMFK634460','Stanredtax');
INSERT INTO PartsOrder(Purchase_order_number,VIN,vendor_name) VALUES ('SAN8CKZV8O6386790-003','SAN8CKZV8O6386790','Stanredtax');
INSERT INTO PartsOrder(Purchase_order_number,VIN,vendor_name) VALUES ('SMZSGMQWSKI621717-001','SMZSGMQWSKI621717','Stanredtax');
INSERT INTO PartsOrder(Purchase_order_number,VIN,vendor_name) VALUES ('SO6WD25XQVR636495-004','SO6WD25XQVR636495','Stanredtax');
INSERT INTO PartsOrder(Purchase_order_number,VIN,vendor_name) VALUES ('U3SEY7BL74U428566-004','U3SEY7BL74U428566','Stanredtax');
INSERT INTO PartsOrder(Purchase_order_number,VIN,vendor_name) VALUES ('U4DAG21M25I154677-002','U4DAG21M25I154677','Stanredtax');
INSERT INTO PartsOrder(Purchase_order_number,VIN,vendor_name) VALUES ('UDK1102XNQ4362369-002','UDK1102XNQ4362369','Stanredtax');
INSERT INTO PartsOrder(Purchase_order_number,VIN,vendor_name) VALUES ('UDOHJKQNZRU355125-003','UDOHJKQNZRU355125','Stanredtax');
INSERT INTO PartsOrder(Purchase_order_number,VIN,vendor_name) VALUES ('VJUYVX0SHHT606044-001','VJUYVX0SHHT606044','Stanredtax');
INSERT INTO PartsOrder(Purchase_order_number,VIN,vendor_name) VALUES ('VWWOX3PM6QD757820-001','VWWOX3PM6QD757820','Stanredtax');
INSERT INTO PartsOrder(Purchase_order_number,VIN,vendor_name) VALUES ('W85FIU0UPWJ342063-002','W85FIU0UPWJ342063','Stanredtax');
INSERT INTO PartsOrder(Purchase_order_number,VIN,vendor_name) VALUES ('ZDNMEDH0CHN556637-002','ZDNMEDH0CHN556637','Stanredtax');
INSERT INTO PartsOrder(Purchase_order_number,VIN,vendor_name) VALUES ('ZDNMEDH0CHN556637-003','ZDNMEDH0CHN556637','Stanredtax');
INSERT INTO PartsOrder(Purchase_order_number,VIN,vendor_name) VALUES ('ZO6LSHSSJHC695220-001','ZO6LSHSSJHC695220','Stanredtax');
INSERT INTO PartsOrder(Purchase_order_number,VIN,vendor_name) VALUES ('036EG6XGHFJ822528-002','036EG6XGHFJ822528','Streethex');
INSERT INTO PartsOrder(Purchase_order_number,VIN,vendor_name) VALUES ('15WH5TNL8GD986516-001','15WH5TNL8GD986516','Streethex');
INSERT INTO PartsOrder(Purchase_order_number,VIN,vendor_name) VALUES ('1A8CMLRTUGR146952-003','1A8CMLRTUGR146952','Streethex');
INSERT INTO PartsOrder(Purchase_order_number,VIN,vendor_name) VALUES ('2YTUEYSLDJG398062-001','2YTUEYSLDJG398062','Streethex');
INSERT INTO PartsOrder(Purchase_order_number,VIN,vendor_name) VALUES ('3P0R7483FP1117876-001','3P0R7483FP1117876','Streethex');
INSERT INTO PartsOrder(Purchase_order_number,VIN,vendor_name) VALUES ('4BW4C1KL6TZ577336-004','4BW4C1KL6TZ577336','Streethex');
INSERT INTO PartsOrder(Purchase_order_number,VIN,vendor_name) VALUES ('4HVC60L66KI459720-001','4HVC60L66KI459720','Streethex');
INSERT INTO PartsOrder(Purchase_order_number,VIN,vendor_name) VALUES ('55M41D1AGKW204016-002','55M41D1AGKW204016','Streethex');
INSERT INTO PartsOrder(Purchase_order_number,VIN,vendor_name) VALUES ('5IZQ0A8JNL8536828-005','5IZQ0A8JNL8536828','Streethex');
INSERT INTO PartsOrder(Purchase_order_number,VIN,vendor_name) VALUES ('8VGJ74SC8UK076966-005','8VGJ74SC8UK076966','Streethex');
INSERT INTO PartsOrder(Purchase_order_number,VIN,vendor_name) VALUES ('B68KFH50SOO194215-001','B68KFH50SOO194215','Streethex');
INSERT INTO PartsOrder(Purchase_order_number,VIN,vendor_name) VALUES ('EX0DFWC3FLW639681-002','EX0DFWC3FLW639681','Streethex');
INSERT INTO PartsOrder(Purchase_order_number,VIN,vendor_name) VALUES ('HXP0L3Y7NRP032607-003','HXP0L3Y7NRP032607','Streethex');
INSERT INTO PartsOrder(Purchase_order_number,VIN,vendor_name) VALUES ('JBPIGW2CI42143239-001','JBPIGW2CI42143239','Streethex');
INSERT INTO PartsOrder(Purchase_order_number,VIN,vendor_name) VALUES ('JS0Y5W8KIDC106093-001','JS0Y5W8KIDC106093','Streethex');
INSERT INTO PartsOrder(Purchase_order_number,VIN,vendor_name) VALUES ('L712UQJXM4L524142-004','L712UQJXM4L524142','Streethex');
INSERT INTO PartsOrder(Purchase_order_number,VIN,vendor_name) VALUES ('LLPNU12CY5C440662-001','LLPNU12CY5C440662','Streethex');
INSERT INTO PartsOrder(Purchase_order_number,VIN,vendor_name) VALUES ('LYPZILOBZ87153615-001','LYPZILOBZ87153615','Streethex');
INSERT INTO PartsOrder(Purchase_order_number,VIN,vendor_name) VALUES ('MM2NLRDRNXX156196-002','MM2NLRDRNXX156196','Streethex');
INSERT INTO PartsOrder(Purchase_order_number,VIN,vendor_name) VALUES ('MPXFMDRYC6D036656-003','MPXFMDRYC6D036656','Streethex');
INSERT INTO PartsOrder(Purchase_order_number,VIN,vendor_name) VALUES ('N64LL1WC63N759701-005','N64LL1WC63N759701','Streethex');
INSERT INTO PartsOrder(Purchase_order_number,VIN,vendor_name) VALUES ('O1C66KL1VK4840531-001','O1C66KL1VK4840531','Streethex');
INSERT INTO PartsOrder(Purchase_order_number,VIN,vendor_name) VALUES ('OQPBCN4Y1YB733979-004','OQPBCN4Y1YB733979','Streethex');
INSERT INTO PartsOrder(Purchase_order_number,VIN,vendor_name) VALUES ('OY3DWMTTXNP309610-002','OY3DWMTTXNP309610','Streethex');
INSERT INTO PartsOrder(Purchase_order_number,VIN,vendor_name) VALUES ('PI5K0FV5WKD862880-002','PI5K0FV5WKD862880','Streethex');
INSERT INTO PartsOrder(Purchase_order_number,VIN,vendor_name) VALUES ('QPMO737UII0340028-001','QPMO737UII0340028','Streethex');
INSERT INTO PartsOrder(Purchase_order_number,VIN,vendor_name) VALUES ('RP3I3QO2BYF582498-002','RP3I3QO2BYF582498','Streethex');
INSERT INTO PartsOrder(Purchase_order_number,VIN,vendor_name) VALUES ('RP3I3QO2BYF582498-004','RP3I3QO2BYF582498','Streethex');
INSERT INTO PartsOrder(Purchase_order_number,VIN,vendor_name) VALUES ('SAN8CKZV8O6386790-005','SAN8CKZV8O6386790','Streethex');
INSERT INTO PartsOrder(Purchase_order_number,VIN,vendor_name) VALUES ('TVFRONGULQ7855167-001','TVFRONGULQ7855167','Streethex');
INSERT INTO PartsOrder(Purchase_order_number,VIN,vendor_name) VALUES ('TVFRONGULQ7855167-003','TVFRONGULQ7855167','Streethex');
INSERT INTO PartsOrder(Purchase_order_number,VIN,vendor_name) VALUES ('U8CPVV20LCB872591-001','U8CPVV20LCB872591','Streethex');
INSERT INTO PartsOrder(Purchase_order_number,VIN,vendor_name) VALUES ('VLYZ0TBEDGM584853-003','VLYZ0TBEDGM584853','Streethex');
INSERT INTO PartsOrder(Purchase_order_number,VIN,vendor_name) VALUES ('VOCIAMIZKKN350227-004','VOCIAMIZKKN350227','Streethex');
INSERT INTO PartsOrder(Purchase_order_number,VIN,vendor_name) VALUES ('W1R2THVZD6L234135-001','W1R2THVZD6L234135','Streethex');
INSERT INTO PartsOrder(Purchase_order_number,VIN,vendor_name) VALUES ('WGVK4P1UIPJ916959-005','WGVK4P1UIPJ916959','Streethex');
INSERT INTO PartsOrder(Purchase_order_number,VIN,vendor_name) VALUES ('XJMTKD21FUV756318-002','XJMTKD21FUV756318','Streethex');
INSERT INTO PartsOrder(Purchase_order_number,VIN,vendor_name) VALUES ('Z8KJQAZ0L2C379316-004','Z8KJQAZ0L2C379316','Streethex');
INSERT INTO PartsOrder(Purchase_order_number,VIN,vendor_name) VALUES ('05PN35GUCGU088819-001','05PN35GUCGU088819','Sumace');
INSERT INTO PartsOrder(Purchase_order_number,VIN,vendor_name) VALUES ('05PN35GUCGU088819-005','05PN35GUCGU088819','Sumace');
INSERT INTO PartsOrder(Purchase_order_number,VIN,vendor_name) VALUES ('0RTZMNEP443530450-002','0RTZMNEP443530450','Sumace');
INSERT INTO PartsOrder(Purchase_order_number,VIN,vendor_name) VALUES ('8SGNAEKKQ0B252643-001','8SGNAEKKQ0B252643','Sumace');
INSERT INTO PartsOrder(Purchase_order_number,VIN,vendor_name) VALUES ('8SGNAEKKQ0B252643-002','8SGNAEKKQ0B252643','Sumace');
INSERT INTO PartsOrder(Purchase_order_number,VIN,vendor_name) VALUES ('A1GTY6T551Q455502-003','A1GTY6T551Q455502','Sumace');
INSERT INTO PartsOrder(Purchase_order_number,VIN,vendor_name) VALUES ('BYNUGAHZM1L977542-001','BYNUGAHZM1L977542','Sumace');
INSERT INTO PartsOrder(Purchase_order_number,VIN,vendor_name) VALUES ('EV4TH4BF5DQ470200-002','EV4TH4BF5DQ470200','Sumace');
INSERT INTO PartsOrder(Purchase_order_number,VIN,vendor_name) VALUES ('HGHHV1IWCUX780355-003','HGHHV1IWCUX780355','Sumace');
INSERT INTO PartsOrder(Purchase_order_number,VIN,vendor_name) VALUES ('HIEWYKOMDAK597903-002','HIEWYKOMDAK597903','Sumace');
INSERT INTO PartsOrder(Purchase_order_number,VIN,vendor_name) VALUES ('HIEWYKOMDAK597903-003','HIEWYKOMDAK597903','Sumace');
INSERT INTO PartsOrder(Purchase_order_number,VIN,vendor_name) VALUES ('HJHFHI4TARG736468-003','HJHFHI4TARG736468','Sumace');
INSERT INTO PartsOrder(Purchase_order_number,VIN,vendor_name) VALUES ('JA7YVHAFRLT437706-002','JA7YVHAFRLT437706','Sumace');
INSERT INTO PartsOrder(Purchase_order_number,VIN,vendor_name) VALUES ('JBPIGW2CI42143239-002','JBPIGW2CI42143239','Sumace');
INSERT INTO PartsOrder(Purchase_order_number,VIN,vendor_name) VALUES ('JBPIGW2CI42143239-003','JBPIGW2CI42143239','Sumace');
INSERT INTO PartsOrder(Purchase_order_number,VIN,vendor_name) VALUES ('JS0Y5W8KIDC106093-004','JS0Y5W8KIDC106093','Sumace');
INSERT INTO PartsOrder(Purchase_order_number,VIN,vendor_name) VALUES ('KEZRVGOFFMA250868-002','KEZRVGOFFMA250868','Sumace');
INSERT INTO PartsOrder(Purchase_order_number,VIN,vendor_name) VALUES ('KZQ5C1NSWAJ790169-004','KZQ5C1NSWAJ790169','Sumace');
INSERT INTO PartsOrder(Purchase_order_number,VIN,vendor_name) VALUES ('L6EFDBPTY1B405814-001','L6EFDBPTY1B405814','Sumace');
INSERT INTO PartsOrder(Purchase_order_number,VIN,vendor_name) VALUES ('MRHT53HXAKW856444-003','MRHT53HXAKW856444','Sumace');
INSERT INTO PartsOrder(Purchase_order_number,VIN,vendor_name) VALUES ('NKY5WJPCYVC675161-004','NKY5WJPCYVC675161','Sumace');
INSERT INTO PartsOrder(Purchase_order_number,VIN,vendor_name) VALUES ('NNKIP3UNIGZ353715-002','NNKIP3UNIGZ353715','Sumace');
INSERT INTO PartsOrder(Purchase_order_number,VIN,vendor_name) VALUES ('OY3DWMTTXNP309610-004','OY3DWMTTXNP309610','Sumace');
INSERT INTO PartsOrder(Purchase_order_number,VIN,vendor_name) VALUES ('QPMO737UII0340028-002','QPMO737UII0340028','Sumace');
INSERT INTO PartsOrder(Purchase_order_number,VIN,vendor_name) VALUES ('RAZB0H0MQX5869731-001','RAZB0H0MQX5869731','Sumace');
INSERT INTO PartsOrder(Purchase_order_number,VIN,vendor_name) VALUES ('RH3XN0D50EO772614-001','RH3XN0D50EO772614','Sumace');
INSERT INTO PartsOrder(Purchase_order_number,VIN,vendor_name) VALUES ('RXLO3PC8EG8307071-002','RXLO3PC8EG8307071','Sumace');
INSERT INTO PartsOrder(Purchase_order_number,VIN,vendor_name) VALUES ('T1TFNQC1QZ0222284-001','T1TFNQC1QZ0222284','Sumace');
INSERT INTO PartsOrder(Purchase_order_number,VIN,vendor_name) VALUES ('TOIFP5YHHJC099537-003','TOIFP5YHHJC099537','Sumace');
INSERT INTO PartsOrder(Purchase_order_number,VIN,vendor_name) VALUES ('U1GXDUQ2NVP642154-005','U1GXDUQ2NVP642154','Sumace');
INSERT INTO PartsOrder(Purchase_order_number,VIN,vendor_name) VALUES ('U3SEY7BL74U428566-005','U3SEY7BL74U428566','Sumace');
INSERT INTO PartsOrder(Purchase_order_number,VIN,vendor_name) VALUES ('U4DAG21M25I154677-003','U4DAG21M25I154677','Sumace');
INSERT INTO PartsOrder(Purchase_order_number,VIN,vendor_name) VALUES ('VOCIAMIZKKN350227-001','VOCIAMIZKKN350227','Sumace');
INSERT INTO PartsOrder(Purchase_order_number,VIN,vendor_name) VALUES ('VOCIAMIZKKN350227-003','VOCIAMIZKKN350227','Sumace');
INSERT INTO PartsOrder(Purchase_order_number,VIN,vendor_name) VALUES ('VTJI8XXO2CO552773-002','VTJI8XXO2CO552773','Sumace');
INSERT INTO PartsOrder(Purchase_order_number,VIN,vendor_name) VALUES ('W85FIU0UPWJ342063-003','W85FIU0UPWJ342063','Sumace');
INSERT INTO PartsOrder(Purchase_order_number,VIN,vendor_name) VALUES ('WQGPTZ2HOU7481211-001','WQGPTZ2HOU7481211','Sumace');
INSERT INTO PartsOrder(Purchase_order_number,VIN,vendor_name) VALUES ('YA0EN8KRBAN266216-001','YA0EN8KRBAN266216','Sumace');
INSERT INTO PartsOrder(Purchase_order_number,VIN,vendor_name) VALUES ('03KAPEOTGE8482192-003','03KAPEOTGE8482192','Xx-zobam');
INSERT INTO PartsOrder(Purchase_order_number,VIN,vendor_name) VALUES ('1V61QHRD20E210923-004','1V61QHRD20E210923','Xx-zobam');
INSERT INTO PartsOrder(Purchase_order_number,VIN,vendor_name) VALUES ('2CB6WLH88NB344487-001','2CB6WLH88NB344487','Xx-zobam');
INSERT INTO PartsOrder(Purchase_order_number,VIN,vendor_name) VALUES ('2CB6WLH88NB344487-002','2CB6WLH88NB344487','Xx-zobam');
INSERT INTO PartsOrder(Purchase_order_number,VIN,vendor_name) VALUES ('2Y1UCXYY50T192604-001','2Y1UCXYY50T192604','Xx-zobam');
INSERT INTO PartsOrder(Purchase_order_number,VIN,vendor_name) VALUES ('3EAZYH5SPE8904041-002','3EAZYH5SPE8904041','Xx-zobam');
INSERT INTO PartsOrder(Purchase_order_number,VIN,vendor_name) VALUES ('3P0R7483FP1117876-003','3P0R7483FP1117876','Xx-zobam');
INSERT INTO PartsOrder(Purchase_order_number,VIN,vendor_name) VALUES ('4TJ5T18OMFN710800-001','4TJ5T18OMFN710800','Xx-zobam');
INSERT INTO PartsOrder(Purchase_order_number,VIN,vendor_name) VALUES ('5IZQ0A8JNL8536828-001','5IZQ0A8JNL8536828','Xx-zobam');
INSERT INTO PartsOrder(Purchase_order_number,VIN,vendor_name) VALUES ('5NFMDSJIMMB492412-002','5NFMDSJIMMB492412','Xx-zobam');
INSERT INTO PartsOrder(Purchase_order_number,VIN,vendor_name) VALUES ('6WRD8C6784B120048-004','6WRD8C6784B120048','Xx-zobam');
INSERT INTO PartsOrder(Purchase_order_number,VIN,vendor_name) VALUES ('8W38A5ZZFKA123439-003','8W38A5ZZFKA123439','Xx-zobam');
INSERT INTO PartsOrder(Purchase_order_number,VIN,vendor_name) VALUES ('BCTZOAWQMHJ300759-001','BCTZOAWQMHJ300759','Xx-zobam');
INSERT INTO PartsOrder(Purchase_order_number,VIN,vendor_name) VALUES ('BW4Z2PQG761237438-001','BW4Z2PQG761237438','Xx-zobam');
INSERT INTO PartsOrder(Purchase_order_number,VIN,vendor_name) VALUES ('D244CUCA1UX127908-001','D244CUCA1UX127908','Xx-zobam');
INSERT INTO PartsOrder(Purchase_order_number,VIN,vendor_name) VALUES ('EJET1HMTOKB682315-003','EJET1HMTOKB682315','Xx-zobam');
INSERT INTO PartsOrder(Purchase_order_number,VIN,vendor_name) VALUES ('F253TPAMQK3083569-001','F253TPAMQK3083569','Xx-zobam');
INSERT INTO PartsOrder(Purchase_order_number,VIN,vendor_name) VALUES ('F42NYNK4BK3657449-003','F42NYNK4BK3657449','Xx-zobam');
INSERT INTO PartsOrder(Purchase_order_number,VIN,vendor_name) VALUES ('FXCJT6N4BUT928292-002','FXCJT6N4BUT928292','Xx-zobam');
INSERT INTO PartsOrder(Purchase_order_number,VIN,vendor_name) VALUES ('GEW8SXH3TWS985107-003','GEW8SXH3TWS985107','Xx-zobam');
INSERT INTO PartsOrder(Purchase_order_number,VIN,vendor_name) VALUES ('GHEDZEHRLGJ237205-002','GHEDZEHRLGJ237205','Xx-zobam');
INSERT INTO PartsOrder(Purchase_order_number,VIN,vendor_name) VALUES ('HXP0L3Y7NRP032607-005','HXP0L3Y7NRP032607','Xx-zobam');
INSERT INTO PartsOrder(Purchase_order_number,VIN,vendor_name) VALUES ('JZKBFXYGWL5900436-003','JZKBFXYGWL5900436','Xx-zobam');
INSERT INTO PartsOrder(Purchase_order_number,VIN,vendor_name) VALUES ('KCXGZEVS1QW404654-002','KCXGZEVS1QW404654','Xx-zobam');
INSERT INTO PartsOrder(Purchase_order_number,VIN,vendor_name) VALUES ('KCXGZEVS1QW404654-003','KCXGZEVS1QW404654','Xx-zobam');
INSERT INTO PartsOrder(Purchase_order_number,VIN,vendor_name) VALUES ('KW1EHM2N1UB940362-001','KW1EHM2N1UB940362','Xx-zobam');
INSERT INTO PartsOrder(Purchase_order_number,VIN,vendor_name) VALUES ('KZQ5C1NSWAJ790169-002','KZQ5C1NSWAJ790169','Xx-zobam');
INSERT INTO PartsOrder(Purchase_order_number,VIN,vendor_name) VALUES ('L712UQJXM4L524142-003','L712UQJXM4L524142','Xx-zobam');
INSERT INTO PartsOrder(Purchase_order_number,VIN,vendor_name) VALUES ('M3VW8YIQKWT779745-003','M3VW8YIQKWT779745','Xx-zobam');
INSERT INTO PartsOrder(Purchase_order_number,VIN,vendor_name) VALUES ('MRHT53HXAKW856444-001','MRHT53HXAKW856444','Xx-zobam');
INSERT INTO PartsOrder(Purchase_order_number,VIN,vendor_name) VALUES ('MRHT53HXAKW856444-005','MRHT53HXAKW856444','Xx-zobam');
INSERT INTO PartsOrder(Purchase_order_number,VIN,vendor_name) VALUES ('N64LL1WC63N759701-004','N64LL1WC63N759701','Xx-zobam');
INSERT INTO PartsOrder(Purchase_order_number,VIN,vendor_name) VALUES ('NM3BN4RJS1M492634-003','NM3BN4RJS1M492634','Xx-zobam');
INSERT INTO PartsOrder(Purchase_order_number,VIN,vendor_name) VALUES ('NVHYWIDW4WI400980-001','NVHYWIDW4WI400980','Xx-zobam');
INSERT INTO PartsOrder(Purchase_order_number,VIN,vendor_name) VALUES ('OQPBCN4Y1YB733979-001','OQPBCN4Y1YB733979','Xx-zobam');
INSERT INTO PartsOrder(Purchase_order_number,VIN,vendor_name) VALUES ('QVSOV4QTXAE520972-001','QVSOV4QTXAE520972','Xx-zobam');
INSERT INTO PartsOrder(Purchase_order_number,VIN,vendor_name) VALUES ('SAN8CKZV8O6386790-002','SAN8CKZV8O6386790','Xx-zobam');
INSERT INTO PartsOrder(Purchase_order_number,VIN,vendor_name) VALUES ('SLY1Q4WQXLP675951-002','SLY1Q4WQXLP675951','Xx-zobam');
INSERT INTO PartsOrder(Purchase_order_number,VIN,vendor_name) VALUES ('SO6WD25XQVR636495-001','SO6WD25XQVR636495','Xx-zobam');
INSERT INTO PartsOrder(Purchase_order_number,VIN,vendor_name) VALUES ('SO6WD25XQVR636495-002','SO6WD25XQVR636495','Xx-zobam');
INSERT INTO PartsOrder(Purchase_order_number,VIN,vendor_name) VALUES ('VLYZ0TBEDGM584853-004','VLYZ0TBEDGM584853','Xx-zobam');
INSERT INTO PartsOrder(Purchase_order_number,VIN,vendor_name) VALUES ('VTVE6444244403193-001','VTVE6444244403193','Xx-zobam');
INSERT INTO PartsOrder(Purchase_order_number,VIN,vendor_name) VALUES ('VTVE6444244403193-002','VTVE6444244403193','Xx-zobam');
INSERT INTO PartsOrder(Purchase_order_number,VIN,vendor_name) VALUES ('VWWOX3PM6QD757820-002','VWWOX3PM6QD757820','Xx-zobam');
INSERT INTO PartsOrder(Purchase_order_number,VIN,vendor_name) VALUES ('W17V1HTH5IW129737-002','W17V1HTH5IW129737','Xx-zobam');
INSERT INTO PartsOrder(Purchase_order_number,VIN,vendor_name) VALUES ('YFV4PPW4SW8405660-005','YFV4PPW4SW8405660','Xx-zobam');
INSERT INTO PartsOrder(Purchase_order_number,VIN,vendor_name) VALUES ('Z8KJQAZ0L2C379316-003','Z8KJQAZ0L2C379316','Xx-zobam');
INSERT INTO PartsOrder(Purchase_order_number,VIN,vendor_name) VALUES ('0JMXH7GQF1K570196-001','0JMXH7GQF1K570196','Yearin');
INSERT INTO PartsOrder(Purchase_order_number,VIN,vendor_name) VALUES ('0O56VQ0TP1C342110-004','0O56VQ0TP1C342110','Yearin');
INSERT INTO PartsOrder(Purchase_order_number,VIN,vendor_name) VALUES ('0SR7K3TGOVW149442-002','0SR7K3TGOVW149442','Yearin');
INSERT INTO PartsOrder(Purchase_order_number,VIN,vendor_name) VALUES ('2DHOH4P4672123749-001','2DHOH4P4672123749','Yearin');
INSERT INTO PartsOrder(Purchase_order_number,VIN,vendor_name) VALUES ('3NED8CVSG6V494138-001','3NED8CVSG6V494138','Yearin');
INSERT INTO PartsOrder(Purchase_order_number,VIN,vendor_name) VALUES ('3P0R7483FP1117876-002','3P0R7483FP1117876','Yearin');
INSERT INTO PartsOrder(Purchase_order_number,VIN,vendor_name) VALUES ('3P0R7483FP1117876-004','3P0R7483FP1117876','Yearin');
INSERT INTO PartsOrder(Purchase_order_number,VIN,vendor_name) VALUES ('5IZQ0A8JNL8536828-003','5IZQ0A8JNL8536828','Yearin');
INSERT INTO PartsOrder(Purchase_order_number,VIN,vendor_name) VALUES ('6WRD8C6784B120048-003','6WRD8C6784B120048','Yearin');
INSERT INTO PartsOrder(Purchase_order_number,VIN,vendor_name) VALUES ('8LPZZLYHF77014597-002','8LPZZLYHF77014597','Yearin');
INSERT INTO PartsOrder(Purchase_order_number,VIN,vendor_name) VALUES ('A1S3JZU0RGM394036-001','A1S3JZU0RGM394036','Yearin');
INSERT INTO PartsOrder(Purchase_order_number,VIN,vendor_name) VALUES ('BQ1P8TA2OBE090669-002','BQ1P8TA2OBE090669','Yearin');
INSERT INTO PartsOrder(Purchase_order_number,VIN,vendor_name) VALUES ('FPJBMT3OOG8061158-004','FPJBMT3OOG8061158','Yearin');
INSERT INTO PartsOrder(Purchase_order_number,VIN,vendor_name) VALUES ('GTTYZXB3YJG754847-001','GTTYZXB3YJG754847','Yearin');
INSERT INTO PartsOrder(Purchase_order_number,VIN,vendor_name) VALUES ('HXP0L3Y7NRP032607-001','HXP0L3Y7NRP032607','Yearin');
INSERT INTO PartsOrder(Purchase_order_number,VIN,vendor_name) VALUES ('I2Y84J2JYUI249817-003','I2Y84J2JYUI249817','Yearin');
INSERT INTO PartsOrder(Purchase_order_number,VIN,vendor_name) VALUES ('IQ73NEIBJNB403342-003','IQ73NEIBJNB403342','Yearin');
INSERT INTO PartsOrder(Purchase_order_number,VIN,vendor_name) VALUES ('IQ73NEIBJNB403342-004','IQ73NEIBJNB403342','Yearin');
INSERT INTO PartsOrder(Purchase_order_number,VIN,vendor_name) VALUES ('JA7U5AG0WEE170652-003','JA7U5AG0WEE170652','Yearin');
INSERT INTO PartsOrder(Purchase_order_number,VIN,vendor_name) VALUES ('JZKBFXYGWL5900436-002','JZKBFXYGWL5900436','Yearin');
INSERT INTO PartsOrder(Purchase_order_number,VIN,vendor_name) VALUES ('K3MTK4TIJNU760358-002','K3MTK4TIJNU760358','Yearin');
INSERT INTO PartsOrder(Purchase_order_number,VIN,vendor_name) VALUES ('KCXGZEVS1QW404654-004','KCXGZEVS1QW404654','Yearin');
INSERT INTO PartsOrder(Purchase_order_number,VIN,vendor_name) VALUES ('L712UQJXM4L524142-002','L712UQJXM4L524142','Yearin');
INSERT INTO PartsOrder(Purchase_order_number,VIN,vendor_name) VALUES ('LYPZILOBZ87153615-002','LYPZILOBZ87153615','Yearin');
INSERT INTO PartsOrder(Purchase_order_number,VIN,vendor_name) VALUES ('M0S6NVFHN2E042385-002','M0S6NVFHN2E042385','Yearin');
INSERT INTO PartsOrder(Purchase_order_number,VIN,vendor_name) VALUES ('MPXFMDRYC6D036656-002','MPXFMDRYC6D036656','Yearin');
INSERT INTO PartsOrder(Purchase_order_number,VIN,vendor_name) VALUES ('MRHT53HXAKW856444-004','MRHT53HXAKW856444','Yearin');
INSERT INTO PartsOrder(Purchase_order_number,VIN,vendor_name) VALUES ('OMDPS8X50N7546352-001','OMDPS8X50N7546352','Yearin');
INSERT INTO PartsOrder(Purchase_order_number,VIN,vendor_name) VALUES ('OQPBCN4Y1YB733979-003','OQPBCN4Y1YB733979','Yearin');
INSERT INTO PartsOrder(Purchase_order_number,VIN,vendor_name) VALUES ('P54475O4N8K403608-004','P54475O4N8K403608','Yearin');
INSERT INTO PartsOrder(Purchase_order_number,VIN,vendor_name) VALUES ('Q6C80HSWMFK634460-004','Q6C80HSWMFK634460','Yearin');
INSERT INTO PartsOrder(Purchase_order_number,VIN,vendor_name) VALUES ('SMZSGMQWSKI621717-002','SMZSGMQWSKI621717','Yearin');
INSERT INTO PartsOrder(Purchase_order_number,VIN,vendor_name) VALUES ('U6AKQW00N22614671-001','U6AKQW00N22614671','Yearin');
INSERT INTO PartsOrder(Purchase_order_number,VIN,vendor_name) VALUES ('VOCIAMIZKKN350227-002','VOCIAMIZKKN350227','Yearin');
INSERT INTO PartsOrder(Purchase_order_number,VIN,vendor_name) VALUES ('WGVK4P1UIPJ916959-002','WGVK4P1UIPJ916959','Yearin');
INSERT INTO PartsOrder(Purchase_order_number,VIN,vendor_name) VALUES ('Z8KJQAZ0L2C379316-002','Z8KJQAZ0L2C379316','Yearin');

--- Part

INSERT INTO Part(part_number,part_status,description,cost_of_part,quantity,purchase_order_number,VIN) VALUES ('BG-BAE0009','installed','Front fascia and header panel',8.53,1,'036EG6XGHFJ822528-001','036EG6XGHFJ822528');
INSERT INTO Part(part_number,part_status,description,cost_of_part,quantity,purchase_order_number,VIN) VALUES ('BG-BAE0017','installed','Front spoiler',72.54,1,'036EG6XGHFJ822528-001','036EG6XGHFJ822528');
INSERT INTO Part(part_number,part_status,description,cost_of_part,quantity,purchase_order_number,VIN) VALUES ('BG-BAED0030','installed','Door and bonnet',204.77,2,'0O56VQ0TP1C342110-005','0O56VQ0TP1C342110');
INSERT INTO Part(part_number,part_status,description,cost_of_part,quantity,purchase_order_number,VIN) VALUES ('BG-BAEW0033','installed','Glass',4.83,1,'0SR7K3TGOVW149442-003','0SR7K3TGOVW149442');
INSERT INTO Part(part_number,part_status,description,cost_of_part,quantity,purchase_order_number,VIN) VALUES ('BG-EAEIS0081','installed','Ignition controller',27.24,1,'0SR7K3TGOVW149442-003','0SR7K3TGOVW149442');
INSERT INTO Part(part_number,part_status,description,cost_of_part,quantity,purchase_order_number,VIN) VALUES ('BG-ICS0161','installed','Seat cover',36.44,1,'0SR7K3TGOVW149442-003','0SR7K3TGOVW149442');
INSERT INTO Part(part_number,part_status,description,cost_of_part,quantity,purchase_order_number,VIN) VALUES ('BG-IFCAP0151','installed','Carpet and other floor material',5.61,1,'0SR7K3TGOVW149442-004','0SR7K3TGOVW149442');
INSERT INTO Part(part_number,part_status,description,cost_of_part,quantity,purchase_order_number,VIN) VALUES ('BG-EAEESS0055','installed','Battery box',74.74,1,'1RMG763RUOZ482821-002','1RMG763RUOZ482821');
INSERT INTO Part(part_number,part_status,description,cost_of_part,quantity,purchase_order_number,VIN) VALUES ('BG-EAEIS0076','installed','Distributor',34.03,1,'1RMG763RUOZ482821-002','1RMG763RUOZ482821');
INSERT INTO Part(part_number,part_status,description,cost_of_part,quantity,purchase_order_number,VIN) VALUES ('BG-EAES0112','received','IMA sensor',25.38,1,'1RMG763RUOZ482821-002','1RMG763RUOZ482821');
INSERT INTO Part(part_number,part_status,description,cost_of_part,quantity,purchase_order_number,VIN) VALUES ('BG-EAEWH0128','installed','Air conditioning harness',55.92,2,'1RMG763RUOZ482821-002','1RMG763RUOZ482821');
INSERT INTO Part(part_number,part_status,description,cost_of_part,quantity,purchase_order_number,VIN) VALUES ('BG-BAE0018','ordered','Rear spoiler',9.92,1,'1RMG763RUOZ482821-003','1RMG763RUOZ482821');
INSERT INTO Part(part_number,part_status,description,cost_of_part,quantity,purchase_order_number,VIN) VALUES ('BG-BAED0028','installed','Door watershield',86.07,2,'1RMG763RUOZ482821-003','1RMG763RUOZ482821');
INSERT INTO Part(part_number,part_status,description,cost_of_part,quantity,purchase_order_number,VIN) VALUES ('BG-EAEESS0060','received','Battery tray',96.5,1,'1RMG763RUOZ482821-003','1RMG763RUOZ482821');
INSERT INTO Part(part_number,part_status,description,cost_of_part,quantity,purchase_order_number,VIN) VALUES ('BG-EAES0107','installed','Temperature sensor',115.91,1,'1RMG763RUOZ482821-003','1RMG763RUOZ482821');
INSERT INTO Part(part_number,part_status,description,cost_of_part,quantity,purchase_order_number,VIN) VALUES ('BG-EAEESS0061','installed','Voltage regulator',24.37,1,'1U7J5TO2RMU974230-001','1U7J5TO2RMU974230');
INSERT INTO Part(part_number,part_status,description,cost_of_part,quantity,purchase_order_number,VIN) VALUES ('BG-EAEM0149','installed','Transmission computer',1.28,1,'1U7J5TO2RMU974230-001','1U7J5TO2RMU974230');
INSERT INTO Part(part_number,part_status,description,cost_of_part,quantity,purchase_order_number,VIN) VALUES ('BG-ICS0161','installed','Seat cover',34.18,2,'1U7J5TO2RMU974230-001','1U7J5TO2RMU974230');
INSERT INTO Part(part_number,part_status,description,cost_of_part,quantity,purchase_order_number,VIN) VALUES ('BG-PACBS0185','received','Calibrated friction brake',25.74,2,'1U7J5TO2RMU974230-001','1U7J5TO2RMU974230');
INSERT INTO Part(part_number,part_status,description,cost_of_part,quantity,purchase_order_number,VIN) VALUES ('BG-EAEESS0060','ordered','Battery tray',68.89,1,'1V61QHRD20E210923-002','1V61QHRD20E210923');
INSERT INTO Part(part_number,part_status,description,cost_of_part,quantity,purchase_order_number,VIN) VALUES ('BG-EAELASS0088','received','Interior light and lamp',43.86,1,'1V61QHRD20E210923-002','1V61QHRD20E210923');
INSERT INTO Part(part_number,part_status,description,cost_of_part,quantity,purchase_order_number,VIN) VALUES ('BG-EAES0096','received','Crankshaft position sensor',57.71,1,'1V61QHRD20E210923-002','1V61QHRD20E210923');
INSERT INTO Part(part_number,part_status,description,cost_of_part,quantity,purchase_order_number,VIN) VALUES ('BG-PACBS0180','received','Brake servo',44.88,1,'1V61QHRD20E210923-002','1V61QHRD20E210923');
INSERT INTO Part(part_number,part_status,description,cost_of_part,quantity,purchase_order_number,VIN) VALUES ('BG-BAED0023','installed','Door beam and panel',87.55,1,'2Y1UCXYY50T192604-005','2Y1UCXYY50T192604');
INSERT INTO Part(part_number,part_status,description,cost_of_part,quantity,purchase_order_number,VIN) VALUES ('BG-EAEGAM0064','installed','Dynamometer',59.29,1,'2Y1UCXYY50T192604-005','2Y1UCXYY50T192604');
INSERT INTO Part(part_number,part_status,description,cost_of_part,quantity,purchase_order_number,VIN) VALUES ('BG-EAELASS0083','installed','Engine bay lighting',149.48,1,'2Y1UCXYY50T192604-005','2Y1UCXYY50T192604');
INSERT INTO Part(part_number,part_status,description,cost_of_part,quantity,purchase_order_number,VIN) VALUES ('BG-EAES0094','installed','Anti-pinch sensor',26.01,1,'2Y1UCXYY50T192604-005','2Y1UCXYY50T192604');
INSERT INTO Part(part_number,part_status,description,cost_of_part,quantity,purchase_order_number,VIN) VALUES ('BG-EAES0103','installed','Power-steering pressure sensor',59.99,2,'3EAZYH5SPE8904041-001','3EAZYH5SPE8904041');
INSERT INTO Part(part_number,part_status,description,cost_of_part,quantity,purchase_order_number,VIN) VALUES ('BG-PACBS0175','installed','Brake pedal',61.25,1,'3EAZYH5SPE8904041-001','3EAZYH5SPE8904041');
INSERT INTO Part(part_number,part_status,description,cost_of_part,quantity,purchase_order_number,VIN) VALUES ('BG-PACBS0197','installed','Metering valve',43.93,1,'55M41D1AGKW204016-003','55M41D1AGKW204016');
INSERT INTO Part(part_number,part_status,description,cost_of_part,quantity,purchase_order_number,VIN) VALUES ('BG-EAEM0132','installed','Air bag control module',46.19,1,'6ZG2Z4HYIKW532605-001','6ZG2Z4HYIKW532605');
INSERT INTO Part(part_number,part_status,description,cost_of_part,quantity,purchase_order_number,VIN) VALUES ('BG-PACBS0183','installed','Shoe web',91,2,'6ZG2Z4HYIKW532605-001','6ZG2Z4HYIKW532605');
INSERT INTO Part(part_number,part_status,description,cost_of_part,quantity,purchase_order_number,VIN) VALUES ('BG-PACBS0184','installed','Brake warning light',75.04,1,'6ZG2Z4HYIKW532605-001','6ZG2Z4HYIKW532605');
INSERT INTO Part(part_number,part_status,description,cost_of_part,quantity,purchase_order_number,VIN) VALUES ('BG-PACBS0168','installed','Brake backing plate',52.89,1,'A1GTY6T551Q455502-001','A1GTY6T551Q455502');
INSERT INTO Part(part_number,part_status,description,cost_of_part,quantity,purchase_order_number,VIN) VALUES ('BG-EAEGAM0073','received','Voltmeter',37.07,1,'EJET1HMTOKB682315-001','EJET1HMTOKB682315');
INSERT INTO Part(part_number,part_status,description,cost_of_part,quantity,purchase_order_number,VIN) VALUES ('BG-ICS0155','ordered','Bucket Seat',3.39,1,'EJET1HMTOKB682315-001','EJET1HMTOKB682315');
INSERT INTO Part(part_number,part_status,description,cost_of_part,quantity,purchase_order_number,VIN) VALUES ('BG-EAEM0132','installed','Air bag control module',53.3,2,'F42NYNK4BK3657449-002','F42NYNK4BK3657449');
INSERT INTO Part(part_number,part_status,description,cost_of_part,quantity,purchase_order_number,VIN) VALUES ('BG-EAESS0115','installed','Starter',24.06,2,'F42NYNK4BK3657449-002','F42NYNK4BK3657449');
INSERT INTO Part(part_number,part_status,description,cost_of_part,quantity,purchase_order_number,VIN) VALUES ('BG-PACBS0186','installed','Caliper',15.23,1,'F42NYNK4BK3657449-002','F42NYNK4BK3657449');
INSERT INTO Part(part_number,part_status,description,cost_of_part,quantity,purchase_order_number,VIN) VALUES ('BG-BAE0002','installed','Unexposed bumper',96.92,1,'HJHFHI4TARG736468-001','HJHFHI4TARG736468');
INSERT INTO Part(part_number,part_status,description,cost_of_part,quantity,purchase_order_number,VIN) VALUES ('BG-EAELASS0091','installed','Tail light',102.93,1,'HJHFHI4TARG736468-001','HJHFHI4TARG736468');
INSERT INTO Part(part_number,part_status,description,cost_of_part,quantity,purchase_order_number,VIN) VALUES ('BG-ICS0160','installed','Seat bracket',45.79,1,'HJHFHI4TARG736468-001','HJHFHI4TARG736468');
INSERT INTO Part(part_number,part_status,description,cost_of_part,quantity,purchase_order_number,VIN) VALUES ('BG-BAE0019','received','Trim package',23.7,3,'I5E5PHXL5CF199096-002','I5E5PHXL5CF199096');
INSERT INTO Part(part_number,part_status,description,cost_of_part,quantity,purchase_order_number,VIN) VALUES ('BG-EAEAD0041','received','Antenna assembly',44.95,1,'I5E5PHXL5CF199096-002','I5E5PHXL5CF199096');
INSERT INTO Part(part_number,part_status,description,cost_of_part,quantity,purchase_order_number,VIN) VALUES ('BG-EAEM0133','installed','Alarm and siren',37.11,1,'I5E5PHXL5CF199096-002','I5E5PHXL5CF199096');
INSERT INTO Part(part_number,part_status,description,cost_of_part,quantity,purchase_order_number,VIN) VALUES ('BG-EAES0114','ordered','ABS sensor',12.54,4,'I5E5PHXL5CF199096-002','I5E5PHXL5CF199096');
INSERT INTO Part(part_number,part_status,description,cost_of_part,quantity,purchase_order_number,VIN) VALUES ('BG-BAE0013','installed','Radiator core support',124.65,2,'J05SWPOXE56492516-001','J05SWPOXE56492516');
INSERT INTO Part(part_number,part_status,description,cost_of_part,quantity,purchase_order_number,VIN) VALUES ('BG-PACBS0166','installed','Anchor',39.08,4,'J05SWPOXE56492516-001','J05SWPOXE56492516');
INSERT INTO Part(part_number,part_status,description,cost_of_part,quantity,purchase_order_number,VIN) VALUES ('BG-BAE0001','ordered','Bumper',1.15,1,'JA7U5AG0WEE170652-001','JA7U5AG0WEE170652');
INSERT INTO Part(part_number,part_status,description,cost_of_part,quantity,purchase_order_number,VIN) VALUES ('BG-BAE0013','ordered','Radiator core support',38.45,2,'JA7U5AG0WEE170652-001','JA7U5AG0WEE170652');
INSERT INTO Part(part_number,part_status,description,cost_of_part,quantity,purchase_order_number,VIN) VALUES ('BG-EAEESS0059','installed','Battery plate',54.12,1,'LYPZILOBZ87153615-003','LYPZILOBZ87153615');
INSERT INTO Part(part_number,part_status,description,cost_of_part,quantity,purchase_order_number,VIN) VALUES ('BG-EAEM0138','installed','Engine computer and management system',48.48,2,'LYPZILOBZ87153615-003','LYPZILOBZ87153615');
INSERT INTO Part(part_number,part_status,description,cost_of_part,quantity,purchase_order_number,VIN) VALUES ('BG-BAE0006','installed','Fascia rear and support',23.82,1,'ME064DUO8S0025936-005','ME064DUO8S0025936');
INSERT INTO Part(part_number,part_status,description,cost_of_part,quantity,purchase_order_number,VIN) VALUES ('BG-BAE0011','ordered','Pillar and hard trim',3.95,2,'ME064DUO8S0025936-005','ME064DUO8S0025936');
INSERT INTO Part(part_number,part_status,description,cost_of_part,quantity,purchase_order_number,VIN) VALUES ('BG-EAEM0136','received','Cruise control computer',38.96,1,'ME064DUO8S0025936-005','ME064DUO8S0025936');
INSERT INTO Part(part_number,part_status,description,cost_of_part,quantity,purchase_order_number,VIN) VALUES ('BG-EAEWH0128','ordered','Air conditioning harness',34.45,1,'ME064DUO8S0025936-005','ME064DUO8S0025936');
INSERT INTO Part(part_number,part_status,description,cost_of_part,quantity,purchase_order_number,VIN) VALUES ('BG-EAEM0140','installed','Fuse',15.68,2,'MPXFMDRYC6D036656-005','MPXFMDRYC6D036656');
INSERT INTO Part(part_number,part_status,description,cost_of_part,quantity,purchase_order_number,VIN) VALUES ('BG-EAEWH0128','installed','Air conditioning harness',17.68,1,'MPXFMDRYC6D036656-005','MPXFMDRYC6D036656');
INSERT INTO Part(part_number,part_status,description,cost_of_part,quantity,purchase_order_number,VIN) VALUES ('BG-EAEM0137','received','Door contact',22.8,1,'MTBE6DK55IO892347-002','MTBE6DK55IO892347');
INSERT INTO Part(part_number,part_status,description,cost_of_part,quantity,purchase_order_number,VIN) VALUES ('BG-EAES0102','received','Oxygen sensor',52.39,1,'MTBE6DK55IO892347-002','MTBE6DK55IO892347');
INSERT INTO Part(part_number,part_status,description,cost_of_part,quantity,purchase_order_number,VIN) VALUES ('BG-ICS0153','received','Armrest',66.22,1,'MTBE6DK55IO892347-002','MTBE6DK55IO892347');
INSERT INTO Part(part_number,part_status,description,cost_of_part,quantity,purchase_order_number,VIN) VALUES ('BG-EAES0113','installed','Oil level sensor',15.31,1,'N64LL1WC63N759701-001','N64LL1WC63N759701');
INSERT INTO Part(part_number,part_status,description,cost_of_part,quantity,purchase_order_number,VIN) VALUES ('BG-PACBS0182','installed','Brake lining',20.11,1,'N64LL1WC63N759701-001','N64LL1WC63N759701');
INSERT INTO Part(part_number,part_status,description,cost_of_part,quantity,purchase_order_number,VIN) VALUES ('BG-BAEW0035','ordered','Sunroof motor',0.49,1,'OY3DWMTTXNP309610-003','OY3DWMTTXNP309610');
INSERT INTO Part(part_number,part_status,description,cost_of_part,quantity,purchase_order_number,VIN) VALUES ('BG-EAEWH0131','ordered','Underfloor harness',33.43,4,'OY3DWMTTXNP309610-003','OY3DWMTTXNP309610');
INSERT INTO Part(part_number,part_status,description,cost_of_part,quantity,purchase_order_number,VIN) VALUES ('BG-ICS0157','installed','Fastener',35.82,1,'OY3DWMTTXNP309610-003','OY3DWMTTXNP309610');
INSERT INTO Part(part_number,part_status,description,cost_of_part,quantity,purchase_order_number,VIN) VALUES ('BG-PACBS0183','installed','Shoe web',11.04,2,'OY3DWMTTXNP309610-003','OY3DWMTTXNP309610');
INSERT INTO Part(part_number,part_status,description,cost_of_part,quantity,purchase_order_number,VIN) VALUES ('BG-PACBS0178','installed','Brake roll',115.82,1,'P54475O4N8K403608-001','P54475O4N8K403608');
INSERT INTO Part(part_number,part_status,description,cost_of_part,quantity,purchase_order_number,VIN) VALUES ('BG-BAE0000','installed','Bonnet/hood',39.4,1,'PYWDSWXK5X5262660-001','PYWDSWXK5X5262660');
INSERT INTO Part(part_number,part_status,description,cost_of_part,quantity,purchase_order_number,VIN) VALUES ('BG-EAECS0049','installed','Alternator bearing',47.59,1,'PYWDSWXK5X5262660-001','PYWDSWXK5X5262660');
INSERT INTO Part(part_number,part_status,description,cost_of_part,quantity,purchase_order_number,VIN) VALUES ('BG-EAEM0143','installed','Performance Monitor',31.82,4,'PYWDSWXK5X5262660-001','PYWDSWXK5X5262660');
INSERT INTO Part(part_number,part_status,description,cost_of_part,quantity,purchase_order_number,VIN) VALUES ('BG-PACBS0184','installed','Brake warning light',50.69,1,'PYWDSWXK5X5262660-001','PYWDSWXK5X5262660');
INSERT INTO Part(part_number,part_status,description,cost_of_part,quantity,purchase_order_number,VIN) VALUES ('BG-BAE0011','installed','Pillar and hard trim',45.68,1,'PYWDSWXK5X5262660-003','PYWDSWXK5X5262660');
INSERT INTO Part(part_number,part_status,description,cost_of_part,quantity,purchase_order_number,VIN) VALUES ('BG-EAES0102','installed','Oxygen sensor',22.47,3,'PYWDSWXK5X5262660-003','PYWDSWXK5X5262660');
INSERT INTO Part(part_number,part_status,description,cost_of_part,quantity,purchase_order_number,VIN) VALUES ('BG-EAES0104','installed','Pressure sensor',25.85,1,'PYWDSWXK5X5262660-003','PYWDSWXK5X5262660');
INSERT INTO Part(part_number,part_status,description,cost_of_part,quantity,purchase_order_number,VIN) VALUES ('BG-PACBS0166','installed','Anchor',69.36,1,'PYWDSWXK5X5262660-003','PYWDSWXK5X5262660');
INSERT INTO Part(part_number,part_status,description,cost_of_part,quantity,purchase_order_number,VIN) VALUES ('BG-BAE0008','installed','Front clip',14.55,1,'TRB4XOLO3Y2181257-002','TRB4XOLO3Y2181257');
INSERT INTO Part(part_number,part_status,description,cost_of_part,quantity,purchase_order_number,VIN) VALUES ('BG-EAES0096','installed','Crankshaft position sensor',29.28,1,'TRB4XOLO3Y2181257-002','TRB4XOLO3Y2181257');
INSERT INTO Part(part_number,part_status,description,cost_of_part,quantity,purchase_order_number,VIN) VALUES ('BG-PACBS0196','installed','Master Cylinder',36.72,1,'TRB4XOLO3Y2181257-002','TRB4XOLO3Y2181257');
INSERT INTO Part(part_number,part_status,description,cost_of_part,quantity,purchase_order_number,VIN) VALUES ('BG-EAESS0117','received','Starter Motor',27.03,1,'U1GXDUQ2NVP642154-003','U1GXDUQ2NVP642154');
INSERT INTO Part(part_number,part_status,description,cost_of_part,quantity,purchase_order_number,VIN) VALUES ('BG-EAESS0119','ordered','Spark Plug',33,1,'U1GXDUQ2NVP642154-003','U1GXDUQ2NVP642154');
INSERT INTO Part(part_number,part_status,description,cost_of_part,quantity,purchase_order_number,VIN) VALUES ('BG-PACBS0197','received','Metering valve',83.72,1,'U1GXDUQ2NVP642154-003','U1GXDUQ2NVP642154');
INSERT INTO Part(part_number,part_status,description,cost_of_part,quantity,purchase_order_number,VIN) VALUES ('BG-BAE0014','installed','Rocker panel',82.14,2,'UU2VI1MPOCJ886472-002','UU2VI1MPOCJ886472');
INSERT INTO Part(part_number,part_status,description,cost_of_part,quantity,purchase_order_number,VIN) VALUES ('BG-EAES0096','installed','Crankshaft position sensor',11.38,4,'UU2VI1MPOCJ886472-002','UU2VI1MPOCJ886472');
INSERT INTO Part(part_number,part_status,description,cost_of_part,quantity,purchase_order_number,VIN) VALUES ('BG-EAECS0051','installed','Alternator fan',91.6,1,'UVK0K4YAN4D361432-001','UVK0K4YAN4D361432');
INSERT INTO Part(part_number,part_status,description,cost_of_part,quantity,purchase_order_number,VIN) VALUES ('BG-IFCAP0152','ordered','Center console',120.75,1,'UVK0K4YAN4D361432-001','UVK0K4YAN4D361432');
INSERT INTO Part(part_number,part_status,description,cost_of_part,quantity,purchase_order_number,VIN) VALUES ('BG-PACBS0189','received','Hold-down springs',2.75,1,'UVK0K4YAN4D361432-001','UVK0K4YAN4D361432');
INSERT INTO Part(part_number,part_status,description,cost_of_part,quantity,purchase_order_number,VIN) VALUES ('BG-PACBS0190','installed','Hose',142.64,1,'UVK0K4YAN4D361432-001','UVK0K4YAN4D361432');
INSERT INTO Part(part_number,part_status,description,cost_of_part,quantity,purchase_order_number,VIN) VALUES ('BG-EAELASS0087','received','Headlight motor',14.14,1,'VTJI8XXO2CO552773-001','VTJI8XXO2CO552773');
INSERT INTO Part(part_number,part_status,description,cost_of_part,quantity,purchase_order_number,VIN) VALUES ('BG-BAE0001','received','Bumper',20.32,2,'ZO6LSHSSJHC695220-002','ZO6LSHSSJHC695220');
INSERT INTO Part(part_number,part_status,description,cost_of_part,quantity,purchase_order_number,VIN) VALUES ('BG-BAEW0040','received','Window seal',0.95,1,'ZO6LSHSSJHC695220-002','ZO6LSHSSJHC695220');
INSERT INTO Part(part_number,part_status,description,cost_of_part,quantity,purchase_order_number,VIN) VALUES ('BG-EAEESS0056','ordered','Battery cable terminal',3.63,1,'ZO6LSHSSJHC695220-002','ZO6LSHSSJHC695220');
INSERT INTO Part(part_number,part_status,description,cost_of_part,quantity,purchase_order_number,VIN) VALUES ('BG-PACBS0172','installed','Brake drum',13.82,2,'ZO6LSHSSJHC695220-002','ZO6LSHSSJHC695220');
INSERT INTO Part(part_number,part_status,description,cost_of_part,quantity,purchase_order_number,VIN) VALUES ('DN-BAE0005','received','Decklid',50.91,1,'03KAPEOTGE8482192-002','03KAPEOTGE8482192');
INSERT INTO Part(part_number,part_status,description,cost_of_part,quantity,purchase_order_number,VIN) VALUES ('DN-EAELASS0088','ordered','Interior light and lamp',2.49,1,'03KAPEOTGE8482192-002','03KAPEOTGE8482192');
INSERT INTO Part(part_number,part_status,description,cost_of_part,quantity,purchase_order_number,VIN) VALUES ('DN-EAEM0132','ordered','Air bag control module',20.43,1,'03KAPEOTGE8482192-002','03KAPEOTGE8482192');
INSERT INTO Part(part_number,part_status,description,cost_of_part,quantity,purchase_order_number,VIN) VALUES ('DN-PACBS0187','installed','Combination valve',33.39,2,'03KAPEOTGE8482192-002','03KAPEOTGE8482192');
INSERT INTO Part(part_number,part_status,description,cost_of_part,quantity,purchase_order_number,VIN) VALUES ('DN-BAE0022','installed','Welded assembly',27.67,1,'05PN35GUCGU088819-002','05PN35GUCGU088819');
INSERT INTO Part(part_number,part_status,description,cost_of_part,quantity,purchase_order_number,VIN) VALUES ('DN-EAEESS0054','installed','Performance battery',11.02,1,'05PN35GUCGU088819-002','05PN35GUCGU088819');
INSERT INTO Part(part_number,part_status,description,cost_of_part,quantity,purchase_order_number,VIN) VALUES ('DN-PACBS0174','installed','Brake pad',34.08,1,'05PN35GUCGU088819-002','05PN35GUCGU088819');
INSERT INTO Part(part_number,part_status,description,cost_of_part,quantity,purchase_order_number,VIN) VALUES ('DN-EAEAD0045','installed','Speaker',37.35,1,'05PN35GUCGU088819-004','05PN35GUCGU088819');
INSERT INTO Part(part_number,part_status,description,cost_of_part,quantity,purchase_order_number,VIN) VALUES ('DN-EAELASS0092','installed','Tail light cover',20.94,1,'05PN35GUCGU088819-004','05PN35GUCGU088819');
INSERT INTO Part(part_number,part_status,description,cost_of_part,quantity,purchase_order_number,VIN) VALUES ('DN-EAES0100','installed','Light sensor',27.61,1,'05PN35GUCGU088819-004','05PN35GUCGU088819');
INSERT INTO Part(part_number,part_status,description,cost_of_part,quantity,purchase_order_number,VIN) VALUES ('DN-PACBS0196','installed','Master Cylinder',37.83,1,'05PN35GUCGU088819-004','05PN35GUCGU088819');
INSERT INTO Part(part_number,part_status,description,cost_of_part,quantity,purchase_order_number,VIN) VALUES ('DN-EAEM0135','received','Chassis control computer',42.41,1,'1V61QHRD20E210923-003','1V61QHRD20E210923');
INSERT INTO Part(part_number,part_status,description,cost_of_part,quantity,purchase_order_number,VIN) VALUES ('DN-EAES0108','installed','Transmission input and output sensor',56.24,1,'1V61QHRD20E210923-003','1V61QHRD20E210923');
INSERT INTO Part(part_number,part_status,description,cost_of_part,quantity,purchase_order_number,VIN) VALUES ('DN-PACBS0190','installed','Hose',90.38,1,'2DHOH4P4672123749-003','2DHOH4P4672123749');
INSERT INTO Part(part_number,part_status,description,cost_of_part,quantity,purchase_order_number,VIN) VALUES ('DN-EAEGAM0065','installed','Fuel gauge',42.11,1,'2N45QQ7SMY3757149-002','2N45QQ7SMY3757149');
INSERT INTO Part(part_number,part_status,description,cost_of_part,quantity,purchase_order_number,VIN) VALUES ('DN-EAEGAM0072','installed','Vacuum gauge',64.56,2,'2N45QQ7SMY3757149-002','2N45QQ7SMY3757149');
INSERT INTO Part(part_number,part_status,description,cost_of_part,quantity,purchase_order_number,VIN) VALUES ('DN-PACBS0165','installed','Adjusting mechanism',43.97,5,'2N45QQ7SMY3757149-002','2N45QQ7SMY3757149');
INSERT INTO Part(part_number,part_status,description,cost_of_part,quantity,purchase_order_number,VIN) VALUES ('DN-BAE0012','ordered','Quarter panel',22.31,4,'30YUJXKGY7I314746-003','30YUJXKGY7I314746');
INSERT INTO Part(part_number,part_status,description,cost_of_part,quantity,purchase_order_number,VIN) VALUES ('DN-BAED0030','ordered','Door and bonnet',12.72,1,'30YUJXKGY7I314746-003','30YUJXKGY7I314746');
INSERT INTO Part(part_number,part_status,description,cost_of_part,quantity,purchase_order_number,VIN) VALUES ('DN-EAEIS0077','ordered','Electronic timing controller',55.25,1,'30YUJXKGY7I314746-003','30YUJXKGY7I314746');
INSERT INTO Part(part_number,part_status,description,cost_of_part,quantity,purchase_order_number,VIN) VALUES ('DN-EAEM0132','installed','Air bag control module',43.57,1,'323F5QUAPKX190724-001','323F5QUAPKX190724');
INSERT INTO Part(part_number,part_status,description,cost_of_part,quantity,purchase_order_number,VIN) VALUES ('DN-EAEM0142','installed','Performance chip',9.6,1,'323F5QUAPKX190724-001','323F5QUAPKX190724');
INSERT INTO Part(part_number,part_status,description,cost_of_part,quantity,purchase_order_number,VIN) VALUES ('DN-PACBS0195','installed','Load-sensing valve',100.25,1,'4QL2U7A4H4J019100-002','4QL2U7A4H4J019100');
INSERT INTO Part(part_number,part_status,description,cost_of_part,quantity,purchase_order_number,VIN) VALUES ('DN-BAED0030','installed','Door and bonnet',27.66,3,'4TJ5T18OMFN710800-002','4TJ5T18OMFN710800');
INSERT INTO Part(part_number,part_status,description,cost_of_part,quantity,purchase_order_number,VIN) VALUES ('DN-BAED0031','installed','Lock',23.89,5,'4TJ5T18OMFN710800-002','4TJ5T18OMFN710800');
INSERT INTO Part(part_number,part_status,description,cost_of_part,quantity,purchase_order_number,VIN) VALUES ('DN-EAELASS0089','installed','License plate lamp',65.87,1,'4TJ5T18OMFN710800-002','4TJ5T18OMFN710800');
INSERT INTO Part(part_number,part_status,description,cost_of_part,quantity,purchase_order_number,VIN) VALUES ('DN-EAEM0140','installed','Fuse',74.06,1,'4TJ5T18OMFN710800-002','4TJ5T18OMFN710800');
INSERT INTO Part(part_number,part_status,description,cost_of_part,quantity,purchase_order_number,VIN) VALUES ('DN-BAE0001','received','Bumper',15.74,1,'5IZQ0A8JNL8536828-004','5IZQ0A8JNL8536828');
INSERT INTO Part(part_number,part_status,description,cost_of_part,quantity,purchase_order_number,VIN) VALUES ('DN-BAED0025','ordered','Inner door handle',31.95,4,'5IZQ0A8JNL8536828-004','5IZQ0A8JNL8536828');
INSERT INTO Part(part_number,part_status,description,cost_of_part,quantity,purchase_order_number,VIN) VALUES ('DN-EAEESS0055','received','Battery box',20.24,1,'5IZQ0A8JNL8536828-004','5IZQ0A8JNL8536828');
INSERT INTO Part(part_number,part_status,description,cost_of_part,quantity,purchase_order_number,VIN) VALUES ('DN-EAEESS0061','ordered','Voltage regulator',17.72,1,'5IZQ0A8JNL8536828-004','5IZQ0A8JNL8536828');
INSERT INTO Part(part_number,part_status,description,cost_of_part,quantity,purchase_order_number,VIN) VALUES ('DN-BAE0007','installed','Fender Musical Instruments Corporation',35.97,1,'6AZQDNCM3G6215989-002','6AZQDNCM3G6215989');
INSERT INTO Part(part_number,part_status,description,cost_of_part,quantity,purchase_order_number,VIN) VALUES ('DN-EAEAD0044','received','Other devices',44.46,2,'6AZQDNCM3G6215989-002','6AZQDNCM3G6215989');
INSERT INTO Part(part_number,part_status,description,cost_of_part,quantity,purchase_order_number,VIN) VALUES ('DN-ICS0156','installed','Children and baby car seat',15.41,1,'6AZQDNCM3G6215989-002','6AZQDNCM3G6215989');
INSERT INTO Part(part_number,part_status,description,cost_of_part,quantity,purchase_order_number,VIN) VALUES ('DN-ICS0159','installed','Seat Belt',38.43,1,'6AZQDNCM3G6215989-002','6AZQDNCM3G6215989');
INSERT INTO Part(part_number,part_status,description,cost_of_part,quantity,purchase_order_number,VIN) VALUES ('DN-BAE0000','installed','Bonnet/hood',4.94,1,'8CR4YKPMHVR077313-002','8CR4YKPMHVR077313');
INSERT INTO Part(part_number,part_status,description,cost_of_part,quantity,purchase_order_number,VIN) VALUES ('DN-EAELASS0088','installed','Interior light and lamp',48.67,1,'8CR4YKPMHVR077313-002','8CR4YKPMHVR077313');
INSERT INTO Part(part_number,part_status,description,cost_of_part,quantity,purchase_order_number,VIN) VALUES ('DN-EAES0122','installed','Power window switch',27.21,1,'8CR4YKPMHVR077313-002','8CR4YKPMHVR077313');
INSERT INTO Part(part_number,part_status,description,cost_of_part,quantity,purchase_order_number,VIN) VALUES ('DN-PACBS0172','ordered','Brake drum',24.25,1,'BV7ZLIZN0R2917777-001','BV7ZLIZN0R2917777');
INSERT INTO Part(part_number,part_status,description,cost_of_part,quantity,purchase_order_number,VIN) VALUES ('DN-PACBS0181','ordered','Brake shoe',57.35,1,'BV7ZLIZN0R2917777-001','BV7ZLIZN0R2917777');
INSERT INTO Part(part_number,part_status,description,cost_of_part,quantity,purchase_order_number,VIN) VALUES ('DN-EAEIS0079','installed','Ignition Coil',94.91,1,'EDH6BDC74XY589172-001','EDH6BDC74XY589172');
INSERT INTO Part(part_number,part_status,description,cost_of_part,quantity,purchase_order_number,VIN) VALUES ('DN-BAE0006','received','Fascia rear and support',48.59,1,'EWUO21O8D0P959813-004','EWUO21O8D0P959813');
INSERT INTO Part(part_number,part_status,description,cost_of_part,quantity,purchase_order_number,VIN) VALUES ('DN-EAEM0136','ordered','Cruise control computer',57.96,1,'EWUO21O8D0P959813-004','EWUO21O8D0P959813');
INSERT INTO Part(part_number,part_status,description,cost_of_part,quantity,purchase_order_number,VIN) VALUES ('DN-PACBS0183','received','Shoe web',35.43,1,'EWUO21O8D0P959813-004','EWUO21O8D0P959813');
INSERT INTO Part(part_number,part_status,description,cost_of_part,quantity,purchase_order_number,VIN) VALUES ('DN-EAEIS0078','installed','Ignition box',79.19,4,'EX0DFWC3FLW639681-004','EX0DFWC3FLW639681');
INSERT INTO Part(part_number,part_status,description,cost_of_part,quantity,purchase_order_number,VIN) VALUES ('DN-EAES0124','installed','Switch cover',6.9,1,'EX0DFWC3FLW639681-004','EX0DFWC3FLW639681');
INSERT INTO Part(part_number,part_status,description,cost_of_part,quantity,purchase_order_number,VIN) VALUES ('DN-ICS0162','installed','Seat track',76.92,1,'EX0DFWC3FLW639681-004','EX0DFWC3FLW639681');
INSERT INTO Part(part_number,part_status,description,cost_of_part,quantity,purchase_order_number,VIN) VALUES ('DN-PACBS0177','installed','Brake pump',63.55,1,'EX0DFWC3FLW639681-004','EX0DFWC3FLW639681');
INSERT INTO Part(part_number,part_status,description,cost_of_part,quantity,purchase_order_number,VIN) VALUES ('DN-EAEM0145','installed','Remote lock',91.58,1,'F032TW1LYVD881430-001','F032TW1LYVD881430');
INSERT INTO Part(part_number,part_status,description,cost_of_part,quantity,purchase_order_number,VIN) VALUES ('DN-PACBS0193','installed','Brake duct hose',91.24,1,'F032TW1LYVD881430-001','F032TW1LYVD881430');
INSERT INTO Part(part_number,part_status,description,cost_of_part,quantity,purchase_order_number,VIN) VALUES ('DN-EAEESS0054','installed','Performance battery',53.08,1,'F253TPAMQK3083569-002','F253TPAMQK3083569');
INSERT INTO Part(part_number,part_status,description,cost_of_part,quantity,purchase_order_number,VIN) VALUES ('DN-PACBS0190','installed','Hose',8.71,1,'F253TPAMQK3083569-002','F253TPAMQK3083569');
INSERT INTO Part(part_number,part_status,description,cost_of_part,quantity,purchase_order_number,VIN) VALUES ('DN-BAEW0040','installed','Window seal',8.06,1,'GEW8SXH3TWS985107-001','GEW8SXH3TWS985107');
INSERT INTO Part(part_number,part_status,description,cost_of_part,quantity,purchase_order_number,VIN) VALUES ('DN-EAEM0146','installed','Shift improver',67.23,1,'GEW8SXH3TWS985107-001','GEW8SXH3TWS985107');
INSERT INTO Part(part_number,part_status,description,cost_of_part,quantity,purchase_order_number,VIN) VALUES ('DN-PACBS0194','installed','Hydraulic booster unit',58.7,5,'GEW8SXH3TWS985107-001','GEW8SXH3TWS985107');
INSERT INTO Part(part_number,part_status,description,cost_of_part,quantity,purchase_order_number,VIN) VALUES ('DN-BAE0003','received','Exposed bumper',72.93,1,'I2Y84J2JYUI249817-002','I2Y84J2JYUI249817');
INSERT INTO Part(part_number,part_status,description,cost_of_part,quantity,purchase_order_number,VIN) VALUES ('DN-BAE0012','ordered','Quarter panel',22.68,1,'I2Y84J2JYUI249817-002','I2Y84J2JYUI249817');
INSERT INTO Part(part_number,part_status,description,cost_of_part,quantity,purchase_order_number,VIN) VALUES ('DN-EAEGAM0068','ordered','Speedometer',21.18,1,'I2Y84J2JYUI249817-002','I2Y84J2JYUI249817');
INSERT INTO Part(part_number,part_status,description,cost_of_part,quantity,purchase_order_number,VIN) VALUES ('DN-EAES0110','received','TDC sensor',75.71,1,'JA36JFM31V4526050-001','JA36JFM31V4526050');
INSERT INTO Part(part_number,part_status,description,cost_of_part,quantity,purchase_order_number,VIN) VALUES ('DN-EAELASS0087','installed','Headlight motor',53.52,1,'KBYS182F2ID559258-001','KBYS182F2ID559258');
INSERT INTO Part(part_number,part_status,description,cost_of_part,quantity,purchase_order_number,VIN) VALUES ('DN-EAES0098','installed','Fuel level sensor',67.67,1,'KBYS182F2ID559258-001','KBYS182F2ID559258');
INSERT INTO Part(part_number,part_status,description,cost_of_part,quantity,purchase_order_number,VIN) VALUES ('DN-EAEAD0041','installed','Antenna assembly',0.9,1,'N64LL1WC63N759701-002','N64LL1WC63N759701');
INSERT INTO Part(part_number,part_status,description,cost_of_part,quantity,purchase_order_number,VIN) VALUES ('DN-EAEGAM0069','installed','Tachometer',37.13,1,'N64LL1WC63N759701-002','N64LL1WC63N759701');
INSERT INTO Part(part_number,part_status,description,cost_of_part,quantity,purchase_order_number,VIN) VALUES ('DN-EAES0121','installed','Ignition Switch',17.5,1,'N64LL1WC63N759701-002','N64LL1WC63N759701');
INSERT INTO Part(part_number,part_status,description,cost_of_part,quantity,purchase_order_number,VIN) VALUES ('DN-EAEESS0060','installed','Battery tray',41.47,1,'Q6C80HSWMFK634460-003','Q6C80HSWMFK634460');
INSERT INTO Part(part_number,part_status,description,cost_of_part,quantity,purchase_order_number,VIN) VALUES ('DN-EAEIS0081','installed','Ignition controller',1.25,1,'Q6C80HSWMFK634460-003','Q6C80HSWMFK634460');
INSERT INTO Part(part_number,part_status,description,cost_of_part,quantity,purchase_order_number,VIN) VALUES ('DN-EAEM0150','installed','Wiring connector',3.64,1,'Q6C80HSWMFK634460-003','Q6C80HSWMFK634460');
INSERT INTO Part(part_number,part_status,description,cost_of_part,quantity,purchase_order_number,VIN) VALUES ('DN-PACBS0179','installed','Brake rotor',28.27,1,'Q6C80HSWMFK634460-003','Q6C80HSWMFK634460');
INSERT INTO Part(part_number,part_status,description,cost_of_part,quantity,purchase_order_number,VIN) VALUES ('DN-EAES0124','ordered','Switch cover',27.82,1,'QVSOV4QTXAE520972-002','QVSOV4QTXAE520972');
INSERT INTO Part(part_number,part_status,description,cost_of_part,quantity,purchase_order_number,VIN) VALUES ('DN-EAESS0119','ordered','Spark Plug',38.15,1,'QVSOV4QTXAE520972-002','QVSOV4QTXAE520972');
INSERT INTO Part(part_number,part_status,description,cost_of_part,quantity,purchase_order_number,VIN) VALUES ('DN-PACBS0198','ordered','Other braking system parts',41.54,1,'QVSOV4QTXAE520972-002','QVSOV4QTXAE520972');
INSERT INTO Part(part_number,part_status,description,cost_of_part,quantity,purchase_order_number,VIN) VALUES ('DN-EAELASS0088','installed','Interior light and lamp',15.51,1,'SAN8CKZV8O6386790-001','SAN8CKZV8O6386790');
INSERT INTO Part(part_number,part_status,description,cost_of_part,quantity,purchase_order_number,VIN) VALUES ('DN-EAEM0147','installed','Speed controller',17.71,1,'SAN8CKZV8O6386790-001','SAN8CKZV8O6386790');
INSERT INTO Part(part_number,part_status,description,cost_of_part,quantity,purchase_order_number,VIN) VALUES ('DN-EAES0100','installed','Light sensor',25.23,1,'SAN8CKZV8O6386790-001','SAN8CKZV8O6386790');
INSERT INTO Part(part_number,part_status,description,cost_of_part,quantity,purchase_order_number,VIN) VALUES ('DN-PACBS0198','installed','Other braking system parts',18.94,4,'SAN8CKZV8O6386790-001','SAN8CKZV8O6386790');
INSERT INTO Part(part_number,part_status,description,cost_of_part,quantity,purchase_order_number,VIN) VALUES ('DN-EAEGAM0066','installed','Hydrometer',52.41,1,'SC0ZRWACOEM768702-001','SC0ZRWACOEM768702');
INSERT INTO Part(part_number,part_status,description,cost_of_part,quantity,purchase_order_number,VIN) VALUES ('DN-EAES0106','installed','Rotational sensor',55.07,1,'SC0ZRWACOEM768702-001','SC0ZRWACOEM768702');
INSERT INTO Part(part_number,part_status,description,cost_of_part,quantity,purchase_order_number,VIN) VALUES ('DN-EAEWH0131','installed','Underfloor harness',7.45,1,'SC0ZRWACOEM768702-001','SC0ZRWACOEM768702');
INSERT INTO Part(part_number,part_status,description,cost_of_part,quantity,purchase_order_number,VIN) VALUES ('DN-PACBS0198','installed','Other braking system parts',0.21,1,'SC0ZRWACOEM768702-001','SC0ZRWACOEM768702');
INSERT INTO Part(part_number,part_status,description,cost_of_part,quantity,purchase_order_number,VIN) VALUES ('DN-PACBS0168','installed','Brake backing plate',24.49,1,'SMZSGMQWSKI621717-004','SMZSGMQWSKI621717');
INSERT INTO Part(part_number,part_status,description,cost_of_part,quantity,purchase_order_number,VIN) VALUES ('DN-EAES0122','installed','Power window switch',31.37,4,'SSSGFBFNIOE995675-001','SSSGFBFNIOE995675');
INSERT INTO Part(part_number,part_status,description,cost_of_part,quantity,purchase_order_number,VIN) VALUES ('DN-IFCAP0151','installed','Carpet and other floor material',25.04,1,'SSSGFBFNIOE995675-001','SSSGFBFNIOE995675');
INSERT INTO Part(part_number,part_status,description,cost_of_part,quantity,purchase_order_number,VIN) VALUES ('DN-EAEGAM0068','installed','Speedometer',76.99,1,'UDOHJKQNZRU355125-002','UDOHJKQNZRU355125');
INSERT INTO Part(part_number,part_status,description,cost_of_part,quantity,purchase_order_number,VIN) VALUES ('DN-EAEM0132','installed','Air bag control module',11.27,1,'UDOHJKQNZRU355125-002','UDOHJKQNZRU355125');
INSERT INTO Part(part_number,part_status,description,cost_of_part,quantity,purchase_order_number,VIN) VALUES ('DN-EAEM0147','installed','Speed controller',10.95,1,'UDOHJKQNZRU355125-002','UDOHJKQNZRU355125');
INSERT INTO Part(part_number,part_status,description,cost_of_part,quantity,purchase_order_number,VIN) VALUES ('DN-PACBS0192','installed','Air brake nylon hose',40.81,1,'UDOHJKQNZRU355125-002','UDOHJKQNZRU355125');
INSERT INTO Part(part_number,part_status,description,cost_of_part,quantity,purchase_order_number,VIN) VALUES ('DN-BAED0030','installed','Door and bonnet',33.29,1,'VLYZ0TBEDGM584853-002','VLYZ0TBEDGM584853');
INSERT INTO Part(part_number,part_status,description,cost_of_part,quantity,purchase_order_number,VIN) VALUES ('DN-EAECS0051','installed','Alternator fan',31.65,1,'VLYZ0TBEDGM584853-002','VLYZ0TBEDGM584853');
INSERT INTO Part(part_number,part_status,description,cost_of_part,quantity,purchase_order_number,VIN) VALUES ('DN-EAEESS0058','installed','Battery control system',26.57,1,'VLYZ0TBEDGM584853-002','VLYZ0TBEDGM584853');
INSERT INTO Part(part_number,part_status,description,cost_of_part,quantity,purchase_order_number,VIN) VALUES ('DN-EAES0109','installed','ABS brack sensor',27.25,4,'VLYZ0TBEDGM584853-002','VLYZ0TBEDGM584853');
INSERT INTO Part(part_number,part_status,description,cost_of_part,quantity,purchase_order_number,VIN) VALUES ('DN-EAELASS0087','installed','Headlight motor',8.53,1,'VPER1TKLOPC634179-001','VPER1TKLOPC634179');
INSERT INTO Part(part_number,part_status,description,cost_of_part,quantity,purchase_order_number,VIN) VALUES ('DN-EAEM0136','installed','Cruise control computer',25.89,1,'VPER1TKLOPC634179-001','VPER1TKLOPC634179');
INSERT INTO Part(part_number,part_status,description,cost_of_part,quantity,purchase_order_number,VIN) VALUES ('DN-EAES0100','installed','Light sensor',25.87,1,'VPER1TKLOPC634179-001','VPER1TKLOPC634179');
INSERT INTO Part(part_number,part_status,description,cost_of_part,quantity,purchase_order_number,VIN) VALUES ('DN-EAES0124','installed','Switch cover',37.07,1,'VPER1TKLOPC634179-001','VPER1TKLOPC634179');
INSERT INTO Part(part_number,part_status,description,cost_of_part,quantity,purchase_order_number,VIN) VALUES ('DN-EAES0093','installed','Airbag sensor',13.42,1,'VWWOX3PM6QD757820-005','VWWOX3PM6QD757820');
INSERT INTO Part(part_number,part_status,description,cost_of_part,quantity,purchase_order_number,VIN) VALUES ('DN-EAES0110','installed','TDC sensor',14.44,1,'VWWOX3PM6QD757820-005','VWWOX3PM6QD757820');
INSERT INTO Part(part_number,part_status,description,cost_of_part,quantity,purchase_order_number,VIN) VALUES ('DN-PACBS0169','installed','Brake backing pad',16.9,3,'VWWOX3PM6QD757820-005','VWWOX3PM6QD757820');
INSERT INTO Part(part_number,part_status,description,cost_of_part,quantity,purchase_order_number,VIN) VALUES ('DN-EAEGAM0065','received','Fuel gauge',71.73,1,'XPBUWRX56F6412345-005','XPBUWRX56F6412345');
INSERT INTO Part(part_number,part_status,description,cost_of_part,quantity,purchase_order_number,VIN) VALUES ('DN-EAEM0142','received','Performance chip',29.68,1,'XPBUWRX56F6412345-005','XPBUWRX56F6412345');
INSERT INTO Part(part_number,part_status,description,cost_of_part,quantity,purchase_order_number,VIN) VALUES ('DN-EAES0113','installed','Oil level sensor',4.18,1,'XPBUWRX56F6412345-005','XPBUWRX56F6412345');
INSERT INTO Part(part_number,part_status,description,cost_of_part,quantity,purchase_order_number,VIN) VALUES ('DN-EAESS0119','ordered','Spark Plug',13.09,1,'XPBUWRX56F6412345-005','XPBUWRX56F6412345');
INSERT INTO Part(part_number,part_status,description,cost_of_part,quantity,purchase_order_number,VIN) VALUES ('DN-BAE0019','installed','Trim package',73.45,1,'Z0405USEZKH796737-001','Z0405USEZKH796737');
INSERT INTO Part(part_number,part_status,description,cost_of_part,quantity,purchase_order_number,VIN) VALUES ('DN-EAEGAM0068','installed','Speedometer',48.3,1,'Z0405USEZKH796737-001','Z0405USEZKH796737');
INSERT INTO Part(part_number,part_status,description,cost_of_part,quantity,purchase_order_number,VIN) VALUES ('DN-EAEAD0044','installed','Other devices',28.32,1,'Z0405USEZKH796737-005','Z0405USEZKH796737');
INSERT INTO Part(part_number,part_status,description,cost_of_part,quantity,purchase_order_number,VIN) VALUES ('DN-EAEIS0078','installed','Ignition box',71.51,1,'Z0405USEZKH796737-005','Z0405USEZKH796737');
INSERT INTO Part(part_number,part_status,description,cost_of_part,quantity,purchase_order_number,VIN) VALUES ('DN-EAES0099','installed','Knock sensor',35.52,1,'Z0405USEZKH796737-005','Z0405USEZKH796737');
INSERT INTO Part(part_number,part_status,description,cost_of_part,quantity,purchase_order_number,VIN) VALUES ('DN-PACBS0174','installed','Brake pad',80.21,4,'Z0405USEZKH796737-005','Z0405USEZKH796737');
INSERT INTO Part(part_number,part_status,description,cost_of_part,quantity,purchase_order_number,VIN) VALUES ('DN-BAE0007','installed','Fender Musical Instruments Corporation',74.57,1,'ZBZRLDKTF22899385-001','ZBZRLDKTF22899385');
INSERT INTO Part(part_number,part_status,description,cost_of_part,quantity,purchase_order_number,VIN) VALUES ('DN-EAECS0049','installed','Alternator bearing',37.22,1,'ZBZRLDKTF22899385-001','ZBZRLDKTF22899385');
INSERT INTO Part(part_number,part_status,description,cost_of_part,quantity,purchase_order_number,VIN) VALUES ('DN-EAEM0135','installed','Chassis control computer',61.98,4,'ZBZRLDKTF22899385-001','ZBZRLDKTF22899385');
INSERT INTO Part(part_number,part_status,description,cost_of_part,quantity,purchase_order_number,VIN) VALUES ('DN-PACBS0183','installed','Shoe web',76.67,3,'ZBZRLDKTF22899385-001','ZBZRLDKTF22899385');
INSERT INTO Part(part_number,part_status,description,cost_of_part,quantity,purchase_order_number,VIN) VALUES ('DH-EAEESS0057','installed','Battery cable',89.82,1,'0JMXH7GQF1K570196-002','0JMXH7GQF1K570196');
INSERT INTO Part(part_number,part_status,description,cost_of_part,quantity,purchase_order_number,VIN) VALUES ('DH-EAEM0134','installed','Central locking system',36.8,4,'0JMXH7GQF1K570196-002','0JMXH7GQF1K570196');
INSERT INTO Part(part_number,part_status,description,cost_of_part,quantity,purchase_order_number,VIN) VALUES ('DH-EAEGAM0064','installed','Dynamometer',23.62,1,'0SR7K3TGOVW149442-001','0SR7K3TGOVW149442');
INSERT INTO Part(part_number,part_status,description,cost_of_part,quantity,purchase_order_number,VIN) VALUES ('DH-BAEW0037','received','Window regulator',34.45,1,'2LUXDFJTYZA796766-003','2LUXDFJTYZA796766');
INSERT INTO Part(part_number,part_status,description,cost_of_part,quantity,purchase_order_number,VIN) VALUES ('DH-PACBS0174','received','Brake pad',54.42,1,'2LUXDFJTYZA796766-003','2LUXDFJTYZA796766');
INSERT INTO Part(part_number,part_status,description,cost_of_part,quantity,purchase_order_number,VIN) VALUES ('DH-BAE0011','installed','Pillar and hard trim',54.79,1,'4BW4C1KL6TZ577336-002','4BW4C1KL6TZ577336');
INSERT INTO Part(part_number,part_status,description,cost_of_part,quantity,purchase_order_number,VIN) VALUES ('DH-EAES0107','installed','Temperature sensor',44.27,1,'4BW4C1KL6TZ577336-002','4BW4C1KL6TZ577336');
INSERT INTO Part(part_number,part_status,description,cost_of_part,quantity,purchase_order_number,VIN) VALUES ('DH-EAEIS0075','ordered','Coil wire',83.03,1,'5JVO4MGJYXC563627-001','5JVO4MGJYXC563627');
INSERT INTO Part(part_number,part_status,description,cost_of_part,quantity,purchase_order_number,VIN) VALUES ('DH-BAE0019','installed','Trim package',1.94,1,'B5Q25XY368S364688-002','B5Q25XY368S364688');
INSERT INTO Part(part_number,part_status,description,cost_of_part,quantity,purchase_order_number,VIN) VALUES ('DH-EAEGAM0066','installed','Hydrometer',77.65,5,'B5Q25XY368S364688-002','B5Q25XY368S364688');
INSERT INTO Part(part_number,part_status,description,cost_of_part,quantity,purchase_order_number,VIN) VALUES ('DH-EAES0095','installed','Camshaft position sensor',18.44,1,'B5Q25XY368S364688-002','B5Q25XY368S364688');
INSERT INTO Part(part_number,part_status,description,cost_of_part,quantity,purchase_order_number,VIN) VALUES ('DH-PACBS0169','installed','Brake backing pad',7,2,'BH6Z8Q8YUSV665327-001','BH6Z8Q8YUSV665327');
INSERT INTO Part(part_number,part_status,description,cost_of_part,quantity,purchase_order_number,VIN) VALUES ('DH-EAEGAM0074','ordered','Water temperature meter',18.41,1,'BV7ZLIZN0R2917777-002','BV7ZLIZN0R2917777');
INSERT INTO Part(part_number,part_status,description,cost_of_part,quantity,purchase_order_number,VIN) VALUES ('DH-EAES0111','received','MAP sensor',88.93,1,'BV7ZLIZN0R2917777-002','BV7ZLIZN0R2917777');
INSERT INTO Part(part_number,part_status,description,cost_of_part,quantity,purchase_order_number,VIN) VALUES ('DH-EAES0121','ordered','Ignition Switch',31.13,1,'BV7ZLIZN0R2917777-002','BV7ZLIZN0R2917777');
INSERT INTO Part(part_number,part_status,description,cost_of_part,quantity,purchase_order_number,VIN) VALUES ('DH-EAEM0134','installed','Central locking system',28.99,1,'BYNUGAHZM1L977542-002','BYNUGAHZM1L977542');
INSERT INTO Part(part_number,part_status,description,cost_of_part,quantity,purchase_order_number,VIN) VALUES ('DH-EAEM0149','installed','Transmission computer',36.21,4,'BYNUGAHZM1L977542-002','BYNUGAHZM1L977542');
INSERT INTO Part(part_number,part_status,description,cost_of_part,quantity,purchase_order_number,VIN) VALUES ('DH-EAEGAM0065','installed','Fuel gauge',261.54,1,'E5W8EPPWZS0896119-001','E5W8EPPWZS0896119');
INSERT INTO Part(part_number,part_status,description,cost_of_part,quantity,purchase_order_number,VIN) VALUES ('DH-EAES0093','installed','Airbag sensor',315.15,4,'E5W8EPPWZS0896119-001','E5W8EPPWZS0896119');
INSERT INTO Part(part_number,part_status,description,cost_of_part,quantity,purchase_order_number,VIN) VALUES ('DH-EAES0108','installed','Transmission input and output sensor',14.4,3,'E5W8EPPWZS0896119-001','E5W8EPPWZS0896119');
INSERT INTO Part(part_number,part_status,description,cost_of_part,quantity,purchase_order_number,VIN) VALUES ('DH-EAES0109','installed','ABS brack sensor',305.34,1,'E5W8EPPWZS0896119-001','E5W8EPPWZS0896119');
INSERT INTO Part(part_number,part_status,description,cost_of_part,quantity,purchase_order_number,VIN) VALUES ('DH-BAE0008','installed','Front clip',141.48,4,'EDH6BDC74XY589172-002','EDH6BDC74XY589172');
INSERT INTO Part(part_number,part_status,description,cost_of_part,quantity,purchase_order_number,VIN) VALUES ('DH-EAES0109','installed','ABS brack sensor',68.69,1,'EDH6BDC74XY589172-002','EDH6BDC74XY589172');
INSERT INTO Part(part_number,part_status,description,cost_of_part,quantity,purchase_order_number,VIN) VALUES ('DH-EAES0112','installed','IMA sensor',97.21,1,'EDH6BDC74XY589172-002','EDH6BDC74XY589172');
INSERT INTO Part(part_number,part_status,description,cost_of_part,quantity,purchase_order_number,VIN) VALUES ('DH-BAE0019','installed','Trim package',27.2,1,'EDH6BDC74XY589172-003','EDH6BDC74XY589172');
INSERT INTO Part(part_number,part_status,description,cost_of_part,quantity,purchase_order_number,VIN) VALUES ('DH-EAEGAM0072','installed','Vacuum gauge',43.63,1,'EDH6BDC74XY589172-003','EDH6BDC74XY589172');
INSERT INTO Part(part_number,part_status,description,cost_of_part,quantity,purchase_order_number,VIN) VALUES ('DH-EAEGAM0068','installed','Speedometer',12.76,1,'EUNRBUAUCXQ934676-001','EUNRBUAUCXQ934676');
INSERT INTO Part(part_number,part_status,description,cost_of_part,quantity,purchase_order_number,VIN) VALUES ('DH-EAEWH0130','installed','Interior harness',16.12,1,'EUNRBUAUCXQ934676-001','EUNRBUAUCXQ934676');
INSERT INTO Part(part_number,part_status,description,cost_of_part,quantity,purchase_order_number,VIN) VALUES ('DH-ICS0158','installed','Headrest',3.03,1,'EUNRBUAUCXQ934676-001','EUNRBUAUCXQ934676');
INSERT INTO Part(part_number,part_status,description,cost_of_part,quantity,purchase_order_number,VIN) VALUES ('DH-PACBS0196','installed','Master Cylinder',42,1,'EUNRBUAUCXQ934676-001','EUNRBUAUCXQ934676');
INSERT INTO Part(part_number,part_status,description,cost_of_part,quantity,purchase_order_number,VIN) VALUES ('DH-BAE0016','received','Spoiler',50.66,1,'EWUO21O8D0P959813-002','EWUO21O8D0P959813');
INSERT INTO Part(part_number,part_status,description,cost_of_part,quantity,purchase_order_number,VIN) VALUES ('DH-PACBS0185','installed','Calibrated friction brake',57.54,1,'EWUO21O8D0P959813-002','EWUO21O8D0P959813');
INSERT INTO Part(part_number,part_status,description,cost_of_part,quantity,purchase_order_number,VIN) VALUES ('DH-EAEM0147','installed','Speed controller',3.56,1,'FLACGVUE5FI388538-002','FLACGVUE5FI388538');
INSERT INTO Part(part_number,part_status,description,cost_of_part,quantity,purchase_order_number,VIN) VALUES ('DH-EAES0104','installed','Pressure sensor',2.51,4,'FLACGVUE5FI388538-002','FLACGVUE5FI388538');
INSERT INTO Part(part_number,part_status,description,cost_of_part,quantity,purchase_order_number,VIN) VALUES ('DH-IFCAP0151','installed','Carpet and other floor material',43.91,1,'FLACGVUE5FI388538-002','FLACGVUE5FI388538');
INSERT INTO Part(part_number,part_status,description,cost_of_part,quantity,purchase_order_number,VIN) VALUES ('DH-BAE0009','received','Front fascia and header panel',88.49,1,'I2Y84J2JYUI249817-004','I2Y84J2JYUI249817');
INSERT INTO Part(part_number,part_status,description,cost_of_part,quantity,purchase_order_number,VIN) VALUES ('DH-EAEM0145','received','Remote lock',5.52,1,'I2Y84J2JYUI249817-004','I2Y84J2JYUI249817');
INSERT INTO Part(part_number,part_status,description,cost_of_part,quantity,purchase_order_number,VIN) VALUES ('DH-EAEM0147','ordered','Speed controller',71.65,1,'I2Y84J2JYUI249817-004','I2Y84J2JYUI249817');
INSERT INTO Part(part_number,part_status,description,cost_of_part,quantity,purchase_order_number,VIN) VALUES ('DH-EAES0120','ordered','Door switch',1.87,1,'I2Y84J2JYUI249817-004','I2Y84J2JYUI249817');
INSERT INTO Part(part_number,part_status,description,cost_of_part,quantity,purchase_order_number,VIN) VALUES ('DH-EAES0108','ordered','Transmission input and output sensor',147.5,1,'K4IZJXWXWJR973290-001','K4IZJXWXWJR973290');
INSERT INTO Part(part_number,part_status,description,cost_of_part,quantity,purchase_order_number,VIN) VALUES ('DH-EAES0126','ordered','Thermostat',204.48,1,'K4IZJXWXWJR973290-001','K4IZJXWXWJR973290');
INSERT INTO Part(part_number,part_status,description,cost_of_part,quantity,purchase_order_number,VIN) VALUES ('DH-BAEW0035','installed','Sunroof motor',76.86,2,'MJZ2P85E65M015209-001','MJZ2P85E65M015209');
INSERT INTO Part(part_number,part_status,description,cost_of_part,quantity,purchase_order_number,VIN) VALUES ('DH-EAEESS0054','installed','Performance battery',90.04,1,'MJZ2P85E65M015209-001','MJZ2P85E65M015209');
INSERT INTO Part(part_number,part_status,description,cost_of_part,quantity,purchase_order_number,VIN) VALUES ('DH-ICS0157','installed','Fastener',43.68,1,'MJZ2P85E65M015209-001','MJZ2P85E65M015209');
INSERT INTO Part(part_number,part_status,description,cost_of_part,quantity,purchase_order_number,VIN) VALUES ('DH-EAEGAM0071','installed','Tire pressure gauge',13.49,5,'MPXFMDRYC6D036656-004','MPXFMDRYC6D036656');
INSERT INTO Part(part_number,part_status,description,cost_of_part,quantity,purchase_order_number,VIN) VALUES ('DH-EAELASS0090','installed','Side lighting',38.09,1,'MPXFMDRYC6D036656-004','MPXFMDRYC6D036656');
INSERT INTO Part(part_number,part_status,description,cost_of_part,quantity,purchase_order_number,VIN) VALUES ('DH-PACBS0195','installed','Load-sensing valve',32.24,1,'MPXFMDRYC6D036656-004','MPXFMDRYC6D036656');
INSERT INTO Part(part_number,part_status,description,cost_of_part,quantity,purchase_order_number,VIN) VALUES ('DH-BAEW0037','installed','Window regulator',56.8,1,'MTBE6DK55IO892347-001','MTBE6DK55IO892347');
INSERT INTO Part(part_number,part_status,description,cost_of_part,quantity,purchase_order_number,VIN) VALUES ('DH-EAEGAM0063','ordered','Clinometer',85.17,1,'MTBE6DK55IO892347-001','MTBE6DK55IO892347');
INSERT INTO Part(part_number,part_status,description,cost_of_part,quantity,purchase_order_number,VIN) VALUES ('DH-PACBS0167','ordered','Bleed nipple',34.1,2,'MTBE6DK55IO892347-001','MTBE6DK55IO892347');
INSERT INTO Part(part_number,part_status,description,cost_of_part,quantity,purchase_order_number,VIN) VALUES ('DH-PACBS0178','ordered','Brake roll',79.94,1,'MTBE6DK55IO892347-001','MTBE6DK55IO892347');
INSERT INTO Part(part_number,part_status,description,cost_of_part,quantity,purchase_order_number,VIN) VALUES ('DH-BAE0017','received','Front spoiler',60.65,1,'NKY5WJPCYVC675161-002','NKY5WJPCYVC675161');
INSERT INTO Part(part_number,part_status,description,cost_of_part,quantity,purchase_order_number,VIN) VALUES ('DH-EAEGAM0070','installed','Temperature gauge',125.02,1,'NKY5WJPCYVC675161-002','NKY5WJPCYVC675161');
INSERT INTO Part(part_number,part_status,description,cost_of_part,quantity,purchase_order_number,VIN) VALUES ('DH-EAES0109','received','ABS brack sensor',114.81,1,'NKY5WJPCYVC675161-002','NKY5WJPCYVC675161');
INSERT INTO Part(part_number,part_status,description,cost_of_part,quantity,purchase_order_number,VIN) VALUES ('DH-EAES0125','received','Switch panel',15.71,1,'NKY5WJPCYVC675161-002','NKY5WJPCYVC675161');
INSERT INTO Part(part_number,part_status,description,cost_of_part,quantity,purchase_order_number,VIN) VALUES ('DH-EAEGAM0073','installed','Voltmeter',10.28,1,'PEB0OLCPG6W994144-001','PEB0OLCPG6W994144');
INSERT INTO Part(part_number,part_status,description,cost_of_part,quantity,purchase_order_number,VIN) VALUES ('DH-EAELASS0092','installed','Tail light cover',1.18,1,'PEB0OLCPG6W994144-001','PEB0OLCPG6W994144');
INSERT INTO Part(part_number,part_status,description,cost_of_part,quantity,purchase_order_number,VIN) VALUES ('DH-PACBS0198','installed','Other braking system parts',53.47,1,'PEB0OLCPG6W994144-001','PEB0OLCPG6W994144');
INSERT INTO Part(part_number,part_status,description,cost_of_part,quantity,purchase_order_number,VIN) VALUES ('DH-BAEW0033','installed','Glass',18.37,1,'PFRYPJOGJ51531310-001','PFRYPJOGJ51531310');
INSERT INTO Part(part_number,part_status,description,cost_of_part,quantity,purchase_order_number,VIN) VALUES ('DH-EAECS0051','installed','Alternator fan',40.42,1,'PFRYPJOGJ51531310-001','PFRYPJOGJ51531310');
INSERT INTO Part(part_number,part_status,description,cost_of_part,quantity,purchase_order_number,VIN) VALUES ('DH-EAEGAM0066','installed','Hydrometer',32.08,1,'PFRYPJOGJ51531310-001','PFRYPJOGJ51531310');
INSERT INTO Part(part_number,part_status,description,cost_of_part,quantity,purchase_order_number,VIN) VALUES ('DH-EAES0108','installed','Transmission input and output sensor',24.8,1,'PFRYPJOGJ51531310-001','PFRYPJOGJ51531310');
INSERT INTO Part(part_number,part_status,description,cost_of_part,quantity,purchase_order_number,VIN) VALUES ('DH-BAE0015','installed','Roof Rack',1.92,1,'PI5K0FV5WKD862880-004','PI5K0FV5WKD862880');
INSERT INTO Part(part_number,part_status,description,cost_of_part,quantity,purchase_order_number,VIN) VALUES ('DH-BAED0032','installed','Centre Locking',37.3,1,'PI5K0FV5WKD862880-004','PI5K0FV5WKD862880');
INSERT INTO Part(part_number,part_status,description,cost_of_part,quantity,purchase_order_number,VIN) VALUES ('DH-BAEW0040','installed','Window seal',83.74,1,'PI5K0FV5WKD862880-004','PI5K0FV5WKD862880');
INSERT INTO Part(part_number,part_status,description,cost_of_part,quantity,purchase_order_number,VIN) VALUES ('DH-BAEW0035','received','Sunroof motor',82.42,1,'SO6WD25XQVR636495-003','SO6WD25XQVR636495');
INSERT INTO Part(part_number,part_status,description,cost_of_part,quantity,purchase_order_number,VIN) VALUES ('DH-EAEM0135','received','Chassis control computer',37.19,1,'SO6WD25XQVR636495-003','SO6WD25XQVR636495');
INSERT INTO Part(part_number,part_status,description,cost_of_part,quantity,purchase_order_number,VIN) VALUES ('DH-IFCAP0152','installed','Center console',107.6,1,'SO6WD25XQVR636495-003','SO6WD25XQVR636495');
INSERT INTO Part(part_number,part_status,description,cost_of_part,quantity,purchase_order_number,VIN) VALUES ('DH-PACBS0174','installed','Brake pad',100.52,1,'SO6WD25XQVR636495-003','SO6WD25XQVR636495');
INSERT INTO Part(part_number,part_status,description,cost_of_part,quantity,purchase_order_number,VIN) VALUES ('DH-ICS0156','received','Children and baby car seat',3.57,1,'TOIFP5YHHJC099537-002','TOIFP5YHHJC099537');
INSERT INTO Part(part_number,part_status,description,cost_of_part,quantity,purchase_order_number,VIN) VALUES ('DH-ICS0157','installed','Fastener',63.42,1,'TOIFP5YHHJC099537-002','TOIFP5YHHJC099537');
INSERT INTO Part(part_number,part_status,description,cost_of_part,quantity,purchase_order_number,VIN) VALUES ('DH-PACBS0171','received','Brake disc',8.74,1,'TOIFP5YHHJC099537-002','TOIFP5YHHJC099537');
INSERT INTO Part(part_number,part_status,description,cost_of_part,quantity,purchase_order_number,VIN) VALUES ('DH-EAELASS0090','installed','Side lighting',26.52,3,'TRB4XOLO3Y2181257-003','TRB4XOLO3Y2181257');
INSERT INTO Part(part_number,part_status,description,cost_of_part,quantity,purchase_order_number,VIN) VALUES ('DH-EAEM0144','installed','Relay connector',51.27,2,'TRB4XOLO3Y2181257-003','TRB4XOLO3Y2181257');
INSERT INTO Part(part_number,part_status,description,cost_of_part,quantity,purchase_order_number,VIN) VALUES ('DH-PACBS0164','installed','ABS steel pin',87.15,1,'TRB4XOLO3Y2181257-003','TRB4XOLO3Y2181257');
INSERT INTO Part(part_number,part_status,description,cost_of_part,quantity,purchase_order_number,VIN) VALUES ('DH-PACBS0193','installed','Brake duct hose',104.02,1,'TRB4XOLO3Y2181257-003','TRB4XOLO3Y2181257');
INSERT INTO Part(part_number,part_status,description,cost_of_part,quantity,purchase_order_number,VIN) VALUES ('DH-BAED0028','installed','Door watershield',23.4,1,'VJUYVX0SHHT606044-002','VJUYVX0SHHT606044');
INSERT INTO Part(part_number,part_status,description,cost_of_part,quantity,purchase_order_number,VIN) VALUES ('DH-EAES0105','installed','Rain sensor',11.44,1,'VJUYVX0SHHT606044-002','VJUYVX0SHHT606044');
INSERT INTO Part(part_number,part_status,description,cost_of_part,quantity,purchase_order_number,VIN) VALUES ('DH-PACBS0182','received','Brake lining',42.08,3,'VTJI8XXO2CO552773-003','VTJI8XXO2CO552773');
INSERT INTO Part(part_number,part_status,description,cost_of_part,quantity,purchase_order_number,VIN) VALUES ('DH-BAEW0034','installed','Sunroof',13.97,1,'VTVE6444244403193-005','VTVE6444244403193');
INSERT INTO Part(part_number,part_status,description,cost_of_part,quantity,purchase_order_number,VIN) VALUES ('DH-EAECS0048','installed','Alternator',5.21,1,'VTVE6444244403193-005','VTVE6444244403193');
INSERT INTO Part(part_number,part_status,description,cost_of_part,quantity,purchase_order_number,VIN) VALUES ('DH-EAES0108','installed','Transmission input and output sensor',13.29,1,'VTVE6444244403193-005','VTVE6444244403193');
INSERT INTO Part(part_number,part_status,description,cost_of_part,quantity,purchase_order_number,VIN) VALUES ('DH-EAES0124','installed','Switch cover',32.16,1,'VTVE6444244403193-005','VTVE6444244403193');
INSERT INTO Part(part_number,part_status,description,cost_of_part,quantity,purchase_order_number,VIN) VALUES ('DH-EAES0113','installed','Oil level sensor',165.97,1,'Z8KJQAZ0L2C379316-005','Z8KJQAZ0L2C379316');
INSERT INTO Part(part_number,part_status,description,cost_of_part,quantity,purchase_order_number,VIN) VALUES ('DI-EAEM0149','received','Transmission computer',64.36,1,'1A8CMLRTUGR146952-001','1A8CMLRTUGR146952');
INSERT INTO Part(part_number,part_status,description,cost_of_part,quantity,purchase_order_number,VIN) VALUES ('DI-ICS0153','received','Armrest',21.74,2,'1A8CMLRTUGR146952-001','1A8CMLRTUGR146952');
INSERT INTO Part(part_number,part_status,description,cost_of_part,quantity,purchase_order_number,VIN) VALUES ('DI-EAES0095','installed','Camshaft position sensor',42.72,1,'1C05IGNBBB6823554-002','1C05IGNBBB6823554');
INSERT INTO Part(part_number,part_status,description,cost_of_part,quantity,purchase_order_number,VIN) VALUES ('DI-EAESS0115','installed','Starter',54.61,1,'2N45QQ7SMY3757149-001','2N45QQ7SMY3757149');
INSERT INTO Part(part_number,part_status,description,cost_of_part,quantity,purchase_order_number,VIN) VALUES ('DI-EAEM0139','installed','Engine control unit',63.63,1,'4HVC60L66KI459720-002','4HVC60L66KI459720');
INSERT INTO Part(part_number,part_status,description,cost_of_part,quantity,purchase_order_number,VIN) VALUES ('DI-EAES0127','installed','Frame Switch',79.87,1,'4HVC60L66KI459720-002','4HVC60L66KI459720');
INSERT INTO Part(part_number,part_status,description,cost_of_part,quantity,purchase_order_number,VIN) VALUES ('DI-ICS0153','installed','Armrest',21.58,1,'4HVC60L66KI459720-002','4HVC60L66KI459720');
INSERT INTO Part(part_number,part_status,description,cost_of_part,quantity,purchase_order_number,VIN) VALUES ('DI-PACBS0173','installed','Brake line',28.55,1,'4HVC60L66KI459720-002','4HVC60L66KI459720');
INSERT INTO Part(part_number,part_status,description,cost_of_part,quantity,purchase_order_number,VIN) VALUES ('DI-EAES0124','installed','Switch cover',119.03,1,'5DAWXIM4EAK735462-002','5DAWXIM4EAK735462');
INSERT INTO Part(part_number,part_status,description,cost_of_part,quantity,purchase_order_number,VIN) VALUES ('DI-PACBS0197','installed','Metering valve',138.03,2,'5DAWXIM4EAK735462-002','5DAWXIM4EAK735462');
INSERT INTO Part(part_number,part_status,description,cost_of_part,quantity,purchase_order_number,VIN) VALUES ('DI-EAEGAM0072','installed','Vacuum gauge',44.31,1,'6AZQDNCM3G6215989-003','6AZQDNCM3G6215989');
INSERT INTO Part(part_number,part_status,description,cost_of_part,quantity,purchase_order_number,VIN) VALUES ('DI-PACBS0191','ordered','Brake booster hose',9.18,1,'6AZQDNCM3G6215989-003','6AZQDNCM3G6215989');
INSERT INTO Part(part_number,part_status,description,cost_of_part,quantity,purchase_order_number,VIN) VALUES ('DI-BAED0025','installed','Inner door handle',33.3,1,'6WRD8C6784B120048-001','6WRD8C6784B120048');
INSERT INTO Part(part_number,part_status,description,cost_of_part,quantity,purchase_order_number,VIN) VALUES ('DI-BAEW0034','installed','Sunroof',54.78,3,'6WRD8C6784B120048-001','6WRD8C6784B120048');
INSERT INTO Part(part_number,part_status,description,cost_of_part,quantity,purchase_order_number,VIN) VALUES ('DI-EAECS0049','installed','Alternator bearing',6.03,1,'6WRD8C6784B120048-001','6WRD8C6784B120048');
INSERT INTO Part(part_number,part_status,description,cost_of_part,quantity,purchase_order_number,VIN) VALUES ('DI-EAES0127','installed','Frame Switch',11.01,1,'6WRD8C6784B120048-001','6WRD8C6784B120048');
INSERT INTO Part(part_number,part_status,description,cost_of_part,quantity,purchase_order_number,VIN) VALUES ('DI-EAELASS0090','ordered','Side lighting',33.09,1,'8FDAK0CPTWA122888-002','8FDAK0CPTWA122888');
INSERT INTO Part(part_number,part_status,description,cost_of_part,quantity,purchase_order_number,VIN) VALUES ('DI-PACBS0178','ordered','Brake roll',26.47,1,'8FDAK0CPTWA122888-002','8FDAK0CPTWA122888');
INSERT INTO Part(part_number,part_status,description,cost_of_part,quantity,purchase_order_number,VIN) VALUES ('DI-BAED0029','installed','Hinge',1.24,4,'8VGJ74SC8UK076966-003','8VGJ74SC8UK076966');
INSERT INTO Part(part_number,part_status,description,cost_of_part,quantity,purchase_order_number,VIN) VALUES ('DI-EAES0097','installed','Engine sensor',18.25,1,'8VGJ74SC8UK076966-003','8VGJ74SC8UK076966');
INSERT INTO Part(part_number,part_status,description,cost_of_part,quantity,purchase_order_number,VIN) VALUES ('DI-BAE0009','received','Front fascia and header panel',100.01,2,'BV7ZLIZN0R2917777-003','BV7ZLIZN0R2917777');
INSERT INTO Part(part_number,part_status,description,cost_of_part,quantity,purchase_order_number,VIN) VALUES ('DI-EAEM0137','installed','Door contact',76.91,5,'BV7ZLIZN0R2917777-003','BV7ZLIZN0R2917777');
INSERT INTO Part(part_number,part_status,description,cost_of_part,quantity,purchase_order_number,VIN) VALUES ('DI-PACBS0172','installed','Brake drum',99.58,1,'BV7ZLIZN0R2917777-003','BV7ZLIZN0R2917777');
INSERT INTO Part(part_number,part_status,description,cost_of_part,quantity,purchase_order_number,VIN) VALUES ('DI-BAEW0035','installed','Sunroof motor',74.88,1,'E5W8EPPWZS0896119-003','E5W8EPPWZS0896119');
INSERT INTO Part(part_number,part_status,description,cost_of_part,quantity,purchase_order_number,VIN) VALUES ('DI-EAES0100','installed','Light sensor',133.01,1,'E5W8EPPWZS0896119-003','E5W8EPPWZS0896119');
INSERT INTO Part(part_number,part_status,description,cost_of_part,quantity,purchase_order_number,VIN) VALUES ('DI-EAEGAM0071','installed','Tire pressure gauge',31,1,'GEW8SXH3TWS985107-004','GEW8SXH3TWS985107');
INSERT INTO Part(part_number,part_status,description,cost_of_part,quantity,purchase_order_number,VIN) VALUES ('DI-BAED0028','installed','Door watershield',19.31,1,'GHEDZEHRLGJ237205-001','GHEDZEHRLGJ237205');
INSERT INTO Part(part_number,part_status,description,cost_of_part,quantity,purchase_order_number,VIN) VALUES ('DI-BAEW0035','installed','Sunroof motor',85.05,1,'IO8AOWYKMLD518556-001','IO8AOWYKMLD518556');
INSERT INTO Part(part_number,part_status,description,cost_of_part,quantity,purchase_order_number,VIN) VALUES ('DI-EAELASS0089','installed','License plate lamp',72.42,1,'IO8AOWYKMLD518556-001','IO8AOWYKMLD518556');
INSERT INTO Part(part_number,part_status,description,cost_of_part,quantity,purchase_order_number,VIN) VALUES ('DI-EAES0099','installed','Knock sensor',36.88,1,'IO8AOWYKMLD518556-001','IO8AOWYKMLD518556');
INSERT INTO Part(part_number,part_status,description,cost_of_part,quantity,purchase_order_number,VIN) VALUES ('DI-PACBS0179','installed','Brake rotor',41.49,1,'IO8AOWYKMLD518556-001','IO8AOWYKMLD518556');
INSERT INTO Part(part_number,part_status,description,cost_of_part,quantity,purchase_order_number,VIN) VALUES ('DI-EAES0095','installed','Camshaft position sensor',11.38,1,'IQ73NEIBJNB403342-001','IQ73NEIBJNB403342');
INSERT INTO Part(part_number,part_status,description,cost_of_part,quantity,purchase_order_number,VIN) VALUES ('DI-BAED0029','installed','Hinge',56.98,1,'LWA5MXOU4MD327938-002','LWA5MXOU4MD327938');
INSERT INTO Part(part_number,part_status,description,cost_of_part,quantity,purchase_order_number,VIN) VALUES ('DI-EAEESS0060','installed','Battery tray',17.56,2,'LWA5MXOU4MD327938-002','LWA5MXOU4MD327938');
INSERT INTO Part(part_number,part_status,description,cost_of_part,quantity,purchase_order_number,VIN) VALUES ('DI-PACBS0163','installed','Anti-lock braking system',16.05,1,'M3VW8YIQKWT779745-002','M3VW8YIQKWT779745');
INSERT INTO Part(part_number,part_status,description,cost_of_part,quantity,purchase_order_number,VIN) VALUES ('DI-EAEGAM0067','installed','Odometer',116.22,2,'M3VW8YIQKWT779745-005','M3VW8YIQKWT779745');
INSERT INTO Part(part_number,part_status,description,cost_of_part,quantity,purchase_order_number,VIN) VALUES ('DI-EAES0104','installed','Pressure sensor',32.39,1,'MRHT53HXAKW856444-002','MRHT53HXAKW856444');
INSERT INTO Part(part_number,part_status,description,cost_of_part,quantity,purchase_order_number,VIN) VALUES ('DI-BAE0017','installed','Front spoiler',42.65,1,'O1C66KL1VK4840531-002','O1C66KL1VK4840531');
INSERT INTO Part(part_number,part_status,description,cost_of_part,quantity,purchase_order_number,VIN) VALUES ('DI-EAEGAM0073','installed','Voltmeter',15.05,1,'O1C66KL1VK4840531-002','O1C66KL1VK4840531');
INSERT INTO Part(part_number,part_status,description,cost_of_part,quantity,purchase_order_number,VIN) VALUES ('DI-EAES0094','installed','Anti-pinch sensor',127.92,1,'O1C66KL1VK4840531-002','O1C66KL1VK4840531');
INSERT INTO Part(part_number,part_status,description,cost_of_part,quantity,purchase_order_number,VIN) VALUES ('DI-PACBS0179','installed','Brake rotor',150.13,1,'O1C66KL1VK4840531-002','O1C66KL1VK4840531');
INSERT INTO Part(part_number,part_status,description,cost_of_part,quantity,purchase_order_number,VIN) VALUES ('DI-BAE0011','installed','Pillar and hard trim',52.96,2,'P54475O4N8K403608-002','P54475O4N8K403608');
INSERT INTO Part(part_number,part_status,description,cost_of_part,quantity,purchase_order_number,VIN) VALUES ('DI-BAED0027','installed','Door seal',37.41,1,'P54475O4N8K403608-002','P54475O4N8K403608');
INSERT INTO Part(part_number,part_status,description,cost_of_part,quantity,purchase_order_number,VIN) VALUES ('DI-EAEIS0075','installed','Coil wire',23.1,1,'P54475O4N8K403608-002','P54475O4N8K403608');
INSERT INTO Part(part_number,part_status,description,cost_of_part,quantity,purchase_order_number,VIN) VALUES ('DI-EAECS0052','installed','Other alternator parts',4.23,1,'PEB0OLCPG6W994144-002','PEB0OLCPG6W994144');
INSERT INTO Part(part_number,part_status,description,cost_of_part,quantity,purchase_order_number,VIN) VALUES ('DI-EAEM0145','installed','Remote lock',34.11,3,'PEB0OLCPG6W994144-002','PEB0OLCPG6W994144');
INSERT INTO Part(part_number,part_status,description,cost_of_part,quantity,purchase_order_number,VIN) VALUES ('DI-PACBS0175','installed','Brake pedal',47.15,3,'PEB0OLCPG6W994144-002','PEB0OLCPG6W994144');
INSERT INTO Part(part_number,part_status,description,cost_of_part,quantity,purchase_order_number,VIN) VALUES ('DI-PACBS0179','installed','Brake rotor',37.6,1,'PEB0OLCPG6W994144-002','PEB0OLCPG6W994144');
INSERT INTO Part(part_number,part_status,description,cost_of_part,quantity,purchase_order_number,VIN) VALUES ('DI-BAE0008','installed','Front clip',139.48,2,'PKFGEZTKARS310898-002','PKFGEZTKARS310898');
INSERT INTO Part(part_number,part_status,description,cost_of_part,quantity,purchase_order_number,VIN) VALUES ('DI-IFCAP0151','installed','Carpet and other floor material',122.56,1,'PKFGEZTKARS310898-002','PKFGEZTKARS310898');
INSERT INTO Part(part_number,part_status,description,cost_of_part,quantity,purchase_order_number,VIN) VALUES ('DI-EAECS0051','installed','Alternator fan',109.88,1,'Q3TT4GKZDHK659352-001','Q3TT4GKZDHK659352');
INSERT INTO Part(part_number,part_status,description,cost_of_part,quantity,purchase_order_number,VIN) VALUES ('DI-PACBS0185','installed','Calibrated friction brake',15.69,1,'Q3TT4GKZDHK659352-001','Q3TT4GKZDHK659352');
INSERT INTO Part(part_number,part_status,description,cost_of_part,quantity,purchase_order_number,VIN) VALUES ('DI-BAE0002','installed','Unexposed bumper',33.02,1,'RXLO3PC8EG8307071-003','RXLO3PC8EG8307071');
INSERT INTO Part(part_number,part_status,description,cost_of_part,quantity,purchase_order_number,VIN) VALUES ('DI-BAED0023','received','Door beam and panel',108.5,1,'SPE2WMY887O932788-001','SPE2WMY887O932788');
INSERT INTO Part(part_number,part_status,description,cost_of_part,quantity,purchase_order_number,VIN) VALUES ('DI-EAEESS0057','installed','Battery cable',11.4,1,'SPE2WMY887O932788-001','SPE2WMY887O932788');
INSERT INTO Part(part_number,part_status,description,cost_of_part,quantity,purchase_order_number,VIN) VALUES ('DI-EAEIS0076','received','Distributor',86.78,1,'SPE2WMY887O932788-001','SPE2WMY887O932788');
INSERT INTO Part(part_number,part_status,description,cost_of_part,quantity,purchase_order_number,VIN) VALUES ('DI-PACBS0172','installed','Brake drum',58.9,1,'SPE2WMY887O932788-001','SPE2WMY887O932788');
INSERT INTO Part(part_number,part_status,description,cost_of_part,quantity,purchase_order_number,VIN) VALUES ('DI-ICS0159','received','Seat Belt',28.89,2,'V73RJYYHEIT850422-001','V73RJYYHEIT850422');
INSERT INTO Part(part_number,part_status,description,cost_of_part,quantity,purchase_order_number,VIN) VALUES ('DI-PACBS0163','installed','Anti-lock braking system',107.35,1,'V73RJYYHEIT850422-001','V73RJYYHEIT850422');
INSERT INTO Part(part_number,part_status,description,cost_of_part,quantity,purchase_order_number,VIN) VALUES ('DI-PACBS0170','ordered','Brake cooling duct',13.64,3,'V73RJYYHEIT850422-001','V73RJYYHEIT850422');
INSERT INTO Part(part_number,part_status,description,cost_of_part,quantity,purchase_order_number,VIN) VALUES ('DI-EAEM0137','installed','Door contact',92.45,1,'W17V1HTH5IW129737-005','W17V1HTH5IW129737');
INSERT INTO Part(part_number,part_status,description,cost_of_part,quantity,purchase_order_number,VIN) VALUES ('DI-EAES0104','ordered','Pressure sensor',60.09,2,'W17V1HTH5IW129737-005','W17V1HTH5IW129737');
INSERT INTO Part(part_number,part_status,description,cost_of_part,quantity,purchase_order_number,VIN) VALUES ('DI-ICS0159','ordered','Seat Belt',87.8,1,'W17V1HTH5IW129737-005','W17V1HTH5IW129737');
INSERT INTO Part(part_number,part_status,description,cost_of_part,quantity,purchase_order_number,VIN) VALUES ('DI-BAE0013','installed','Radiator core support',39.97,1,'WGVK4P1UIPJ916959-003','WGVK4P1UIPJ916959');
INSERT INTO Part(part_number,part_status,description,cost_of_part,quantity,purchase_order_number,VIN) VALUES ('DI-EAEESS0059','installed','Battery plate',30.4,1,'WGVK4P1UIPJ916959-003','WGVK4P1UIPJ916959');
INSERT INTO Part(part_number,part_status,description,cost_of_part,quantity,purchase_order_number,VIN) VALUES ('DI-EAEGAM0067','ordered','Odometer',5.76,1,'WGVK4P1UIPJ916959-003','WGVK4P1UIPJ916959');
INSERT INTO Part(part_number,part_status,description,cost_of_part,quantity,purchase_order_number,VIN) VALUES ('DI-BAE0020','installed','Trunk',123.79,1,'WKNIUEPLNDU378894-001','WKNIUEPLNDU378894');
INSERT INTO Part(part_number,part_status,description,cost_of_part,quantity,purchase_order_number,VIN) VALUES ('DI-EAES0110','installed','TDC sensor',93.25,4,'WWMN8RWHPDM674733-002','WWMN8RWHPDM674733');
INSERT INTO Part(part_number,part_status,description,cost_of_part,quantity,purchase_order_number,VIN) VALUES ('DI-EAES0105','ordered','Rain sensor',32.14,1,'XJMTKD21FUV756318-001','XJMTKD21FUV756318');
INSERT INTO Part(part_number,part_status,description,cost_of_part,quantity,purchase_order_number,VIN) VALUES ('DI-BAE0007','ordered','Fender Musical Instruments Corporation',33.72,1,'YA0EN8KRBAN266216-002','YA0EN8KRBAN266216');
INSERT INTO Part(part_number,part_status,description,cost_of_part,quantity,purchase_order_number,VIN) VALUES ('DI-EAEESS0055','installed','Battery box',21.55,1,'YA0EN8KRBAN266216-002','YA0EN8KRBAN266216');
INSERT INTO Part(part_number,part_status,description,cost_of_part,quantity,purchase_order_number,VIN) VALUES ('DI-EAEGAM0072','received','Vacuum gauge',8.17,1,'YA0EN8KRBAN266216-002','YA0EN8KRBAN266216');
INSERT INTO Part(part_number,part_status,description,cost_of_part,quantity,purchase_order_number,VIN) VALUES ('DI-BAE0008','installed','Front clip',76.56,2,'YFV4PPW4SW8405660-004','YFV4PPW4SW8405660');
INSERT INTO Part(part_number,part_status,description,cost_of_part,quantity,purchase_order_number,VIN) VALUES ('DI-EAECS0052','installed','Other alternator parts',25.31,4,'YIRV4C5U8MN581204-002','YIRV4C5U8MN581204');
INSERT INTO Part(part_number,part_status,description,cost_of_part,quantity,purchase_order_number,VIN) VALUES ('DI-EAES0093','installed','Airbag sensor',68.43,1,'YIRV4C5U8MN581204-002','YIRV4C5U8MN581204');
INSERT INTO Part(part_number,part_status,description,cost_of_part,quantity,purchase_order_number,VIN) VALUES ('DI-ICS0159','installed','Seat Belt',35.65,3,'YIRV4C5U8MN581204-002','YIRV4C5U8MN581204');
INSERT INTO Part(part_number,part_status,description,cost_of_part,quantity,purchase_order_number,VIN) VALUES ('DI-EAESS0116','installed','Starter drive',67.55,3,'Z1QCG3DRQAX515930-002','Z1QCG3DRQAX515930');
INSERT INTO Part(part_number,part_status,description,cost_of_part,quantity,purchase_order_number,VIN) VALUES ('DI-EAES0114','installed','ABS sensor',113.59,1,'Z8KJQAZ0L2C379316-001','Z8KJQAZ0L2C379316');
INSERT INTO Part(part_number,part_status,description,cost_of_part,quantity,purchase_order_number,VIN) VALUES ('DE-BAE0000','installed','Bonnet/hood',23.11,1,'03KAPEOTGE8482192-001','03KAPEOTGE8482192');
INSERT INTO Part(part_number,part_status,description,cost_of_part,quantity,purchase_order_number,VIN) VALUES ('DE-EAEM0150','ordered','Wiring connector',26.22,1,'03KAPEOTGE8482192-001','03KAPEOTGE8482192');
INSERT INTO Part(part_number,part_status,description,cost_of_part,quantity,purchase_order_number,VIN) VALUES ('DE-BAE0009','installed','Front fascia and header panel',77.54,1,'0O56VQ0TP1C342110-002','0O56VQ0TP1C342110');
INSERT INTO Part(part_number,part_status,description,cost_of_part,quantity,purchase_order_number,VIN) VALUES ('DE-EAEAD0046','installed','Tuner',208.7,1,'0O56VQ0TP1C342110-002','0O56VQ0TP1C342110');
INSERT INTO Part(part_number,part_status,description,cost_of_part,quantity,purchase_order_number,VIN) VALUES ('DE-EAECS0049','installed','Alternator bearing',38.88,2,'0O56VQ0TP1C342110-002','0O56VQ0TP1C342110');
INSERT INTO Part(part_number,part_status,description,cost_of_part,quantity,purchase_order_number,VIN) VALUES ('DE-EAECS0052','installed','Other alternator parts',200.69,2,'0O56VQ0TP1C342110-002','0O56VQ0TP1C342110');
INSERT INTO Part(part_number,part_status,description,cost_of_part,quantity,purchase_order_number,VIN) VALUES ('DE-BAED0025','installed','Inner door handle',5.38,1,'0SR7K3TGOVW149442-005','0SR7K3TGOVW149442');
INSERT INTO Part(part_number,part_status,description,cost_of_part,quantity,purchase_order_number,VIN) VALUES ('DE-EAEIS0076','installed','Distributor',22.96,1,'0SR7K3TGOVW149442-005','0SR7K3TGOVW149442');
INSERT INTO Part(part_number,part_status,description,cost_of_part,quantity,purchase_order_number,VIN) VALUES ('DE-EAES0110','installed','TDC sensor',0.85,1,'0SR7K3TGOVW149442-005','0SR7K3TGOVW149442');
INSERT INTO Part(part_number,part_status,description,cost_of_part,quantity,purchase_order_number,VIN) VALUES ('DE-PACBS0177','installed','Brake pump',27.22,1,'0SR7K3TGOVW149442-005','0SR7K3TGOVW149442');
INSERT INTO Part(part_number,part_status,description,cost_of_part,quantity,purchase_order_number,VIN) VALUES ('DE-EAEESS0057','installed','Battery cable',82.89,1,'1GIQVMBR2A2798107-003','1GIQVMBR2A2798107');
INSERT INTO Part(part_number,part_status,description,cost_of_part,quantity,purchase_order_number,VIN) VALUES ('DE-EAEGAM0070','installed','Temperature gauge',57.35,1,'1GIQVMBR2A2798107-003','1GIQVMBR2A2798107');
INSERT INTO Part(part_number,part_status,description,cost_of_part,quantity,purchase_order_number,VIN) VALUES ('DE-BAED0023','ordered','Door beam and panel',16.58,1,'1HHB3PGRMMK153438-003','1HHB3PGRMMK153438');
INSERT INTO Part(part_number,part_status,description,cost_of_part,quantity,purchase_order_number,VIN) VALUES ('DE-EAELASS0083','received','Engine bay lighting',16.22,1,'1HHB3PGRMMK153438-003','1HHB3PGRMMK153438');
INSERT INTO Part(part_number,part_status,description,cost_of_part,quantity,purchase_order_number,VIN) VALUES ('DE-EAECS0050','installed','Alternator bracket',16.14,1,'1JRH0ZBVOBE937509-001','1JRH0ZBVOBE937509');
INSERT INTO Part(part_number,part_status,description,cost_of_part,quantity,purchase_order_number,VIN) VALUES ('DE-EAEWH0129','installed','Engine compartment harness',15.86,4,'1JRH0ZBVOBE937509-001','1JRH0ZBVOBE937509');
INSERT INTO Part(part_number,part_status,description,cost_of_part,quantity,purchase_order_number,VIN) VALUES ('DE-PACBS0183','installed','Shoe web',17.87,1,'1JRH0ZBVOBE937509-001','1JRH0ZBVOBE937509');
INSERT INTO Part(part_number,part_status,description,cost_of_part,quantity,purchase_order_number,VIN) VALUES ('DE-EAEM0139','installed','Engine control unit',50.62,1,'4TJ5T18OMFN710800-003','4TJ5T18OMFN710800');
INSERT INTO Part(part_number,part_status,description,cost_of_part,quantity,purchase_order_number,VIN) VALUES ('DE-PACBS0169','installed','Brake backing pad',49.93,4,'4TJ5T18OMFN710800-003','4TJ5T18OMFN710800');
INSERT INTO Part(part_number,part_status,description,cost_of_part,quantity,purchase_order_number,VIN) VALUES ('DE-PACBS0169','installed','Brake backing pad',50.45,1,'5MS17EW23YR611242-001','5MS17EW23YR611242');
INSERT INTO Part(part_number,part_status,description,cost_of_part,quantity,purchase_order_number,VIN) VALUES ('DE-BAE0021','received','Valance',21.63,2,'8U653RXUMZY984495-004','8U653RXUMZY984495');
INSERT INTO Part(part_number,part_status,description,cost_of_part,quantity,purchase_order_number,VIN) VALUES ('DE-EAEM0143','installed','Performance Monitor',45.21,2,'8U653RXUMZY984495-004','8U653RXUMZY984495');
INSERT INTO Part(part_number,part_status,description,cost_of_part,quantity,purchase_order_number,VIN) VALUES ('DE-EAEM0144','installed','Relay connector',104.79,1,'8U653RXUMZY984495-004','8U653RXUMZY984495');
INSERT INTO Part(part_number,part_status,description,cost_of_part,quantity,purchase_order_number,VIN) VALUES ('DE-EAEM0145','installed','Remote lock',50.47,3,'8UU0VC3VENC905922-001','8UU0VC3VENC905922');
INSERT INTO Part(part_number,part_status,description,cost_of_part,quantity,purchase_order_number,VIN) VALUES ('DE-EAES0110','installed','TDC sensor',93.64,1,'8UU0VC3VENC905922-001','8UU0VC3VENC905922');
INSERT INTO Part(part_number,part_status,description,cost_of_part,quantity,purchase_order_number,VIN) VALUES ('DE-PACBS0170','installed','Brake cooling duct',104.7,2,'8UU0VC3VENC905922-001','8UU0VC3VENC905922');
INSERT INTO Part(part_number,part_status,description,cost_of_part,quantity,purchase_order_number,VIN) VALUES ('DE-EAECS0049','installed','Alternator bearing',17.1,3,'8WLKEABOQM5965804-003','8WLKEABOQM5965804');
INSERT INTO Part(part_number,part_status,description,cost_of_part,quantity,purchase_order_number,VIN) VALUES ('DE-EAEESS0061','installed','Voltage regulator',10.22,1,'8WLKEABOQM5965804-003','8WLKEABOQM5965804');
INSERT INTO Part(part_number,part_status,description,cost_of_part,quantity,purchase_order_number,VIN) VALUES ('DE-ICS0162','installed','Seat track',38.93,1,'8WLKEABOQM5965804-003','8WLKEABOQM5965804');
INSERT INTO Part(part_number,part_status,description,cost_of_part,quantity,purchase_order_number,VIN) VALUES ('DE-PACBS0178','installed','Brake roll',23.72,1,'8WLKEABOQM5965804-003','8WLKEABOQM5965804');
INSERT INTO Part(part_number,part_status,description,cost_of_part,quantity,purchase_order_number,VIN) VALUES ('DE-EAECS0048','received','Alternator',5.07,1,'CXGQS7AZP6I329568-001','CXGQS7AZP6I329568');
INSERT INTO Part(part_number,part_status,description,cost_of_part,quantity,purchase_order_number,VIN) VALUES ('DE-PACBS0164','ordered','ABS steel pin',23.63,4,'CXGQS7AZP6I329568-001','CXGQS7AZP6I329568');
INSERT INTO Part(part_number,part_status,description,cost_of_part,quantity,purchase_order_number,VIN) VALUES ('DE-PACBS0190','installed','Hose',19.79,1,'CXGQS7AZP6I329568-001','CXGQS7AZP6I329568');
INSERT INTO Part(part_number,part_status,description,cost_of_part,quantity,purchase_order_number,VIN) VALUES ('DE-BAE0011','installed','Pillar and hard trim',51.42,1,'EV4TH4BF5DQ470200-001','EV4TH4BF5DQ470200');
INSERT INTO Part(part_number,part_status,description,cost_of_part,quantity,purchase_order_number,VIN) VALUES ('DE-EAEGAM0070','installed','Temperature gauge',31.96,1,'EV4TH4BF5DQ470200-001','EV4TH4BF5DQ470200');
INSERT INTO Part(part_number,part_status,description,cost_of_part,quantity,purchase_order_number,VIN) VALUES ('DE-EAEIS0078','installed','Ignition box',4.54,2,'EV4TH4BF5DQ470200-001','EV4TH4BF5DQ470200');
INSERT INTO Part(part_number,part_status,description,cost_of_part,quantity,purchase_order_number,VIN) VALUES ('DE-EAEM0149','installed','Transmission computer',41.33,1,'EV4TH4BF5DQ470200-001','EV4TH4BF5DQ470200');
INSERT INTO Part(part_number,part_status,description,cost_of_part,quantity,purchase_order_number,VIN) VALUES ('DE-EAEAD0041','installed','Antenna assembly',14.64,4,'FA7LJ664E04088299-003','FA7LJ664E04088299');
INSERT INTO Part(part_number,part_status,description,cost_of_part,quantity,purchase_order_number,VIN) VALUES ('DE-EAEM0139','ordered','Engine control unit',40.23,1,'FA7LJ664E04088299-003','FA7LJ664E04088299');
INSERT INTO Part(part_number,part_status,description,cost_of_part,quantity,purchase_order_number,VIN) VALUES ('DE-PACBS0181','installed','Brake shoe',36.16,2,'FA7LJ664E04088299-003','FA7LJ664E04088299');
INSERT INTO Part(part_number,part_status,description,cost_of_part,quantity,purchase_order_number,VIN) VALUES ('DE-EAEGAM0071','installed','Tire pressure gauge',44.76,1,'FLACGVUE5FI388538-001','FLACGVUE5FI388538');
INSERT INTO Part(part_number,part_status,description,cost_of_part,quantity,purchase_order_number,VIN) VALUES ('DE-EAEM0138','installed','Engine computer and management system',37.38,1,'FLACGVUE5FI388538-001','FLACGVUE5FI388538');
INSERT INTO Part(part_number,part_status,description,cost_of_part,quantity,purchase_order_number,VIN) VALUES ('DE-PACBS0165','installed','Adjusting mechanism',0.06,2,'FLACGVUE5FI388538-001','FLACGVUE5FI388538');
INSERT INTO Part(part_number,part_status,description,cost_of_part,quantity,purchase_order_number,VIN) VALUES ('DE-EAES0096','installed','Crankshaft position sensor',18.99,1,'HJHFHI4TARG736468-002','HJHFHI4TARG736468');
INSERT INTO Part(part_number,part_status,description,cost_of_part,quantity,purchase_order_number,VIN) VALUES ('DE-EAEGAM0065','installed','Fuel gauge',61.73,1,'I4ZQBJWMKGO132368-001','I4ZQBJWMKGO132368');
INSERT INTO Part(part_number,part_status,description,cost_of_part,quantity,purchase_order_number,VIN) VALUES ('DE-EAES0122','installed','Power window switch',3.39,1,'I4ZQBJWMKGO132368-001','I4ZQBJWMKGO132368');
INSERT INTO Part(part_number,part_status,description,cost_of_part,quantity,purchase_order_number,VIN) VALUES ('DE-EAEWH0131','installed','Underfloor harness',53.76,1,'IXZVB277TU2768773-001','IXZVB277TU2768773');
INSERT INTO Part(part_number,part_status,description,cost_of_part,quantity,purchase_order_number,VIN) VALUES ('DE-PACBS0177','installed','Brake pump',5.81,1,'IXZVB277TU2768773-001','IXZVB277TU2768773');
INSERT INTO Part(part_number,part_status,description,cost_of_part,quantity,purchase_order_number,VIN) VALUES ('DE-PACBS0182','installed','Brake lining',35.93,2,'IXZVB277TU2768773-001','IXZVB277TU2768773');
INSERT INTO Part(part_number,part_status,description,cost_of_part,quantity,purchase_order_number,VIN) VALUES ('DE-PACBS0191','installed','Brake booster hose',0.93,1,'IXZVB277TU2768773-001','IXZVB277TU2768773');
INSERT INTO Part(part_number,part_status,description,cost_of_part,quantity,purchase_order_number,VIN) VALUES ('DE-BAE0022','installed','Welded assembly',101.56,1,'J05SWPOXE56492516-002','J05SWPOXE56492516');
INSERT INTO Part(part_number,part_status,description,cost_of_part,quantity,purchase_order_number,VIN) VALUES ('DE-PACBS0189','installed','Hold-down springs',33.69,1,'J05SWPOXE56492516-002','J05SWPOXE56492516');
INSERT INTO Part(part_number,part_status,description,cost_of_part,quantity,purchase_order_number,VIN) VALUES ('DE-PACBS0177','installed','Brake pump',24.95,1,'KBYS182F2ID559258-002','KBYS182F2ID559258');
INSERT INTO Part(part_number,part_status,description,cost_of_part,quantity,purchase_order_number,VIN) VALUES ('DE-EAEESS0060','installed','Battery tray',141.41,1,'M3VW8YIQKWT779745-001','M3VW8YIQKWT779745');
INSERT INTO Part(part_number,part_status,description,cost_of_part,quantity,purchase_order_number,VIN) VALUES ('DE-EAES0101','installed','Manifold absolute pressure sensor',136.35,1,'M3VW8YIQKWT779745-001','M3VW8YIQKWT779745');
INSERT INTO Part(part_number,part_status,description,cost_of_part,quantity,purchase_order_number,VIN) VALUES ('DE-PACBS0166','installed','Anchor',187.34,1,'M3VW8YIQKWT779745-001','M3VW8YIQKWT779745');
INSERT INTO Part(part_number,part_status,description,cost_of_part,quantity,purchase_order_number,VIN) VALUES ('DE-EAEESS0056','received','Battery cable terminal',89.06,1,'NM3BN4RJS1M492634-001','NM3BN4RJS1M492634');
INSERT INTO Part(part_number,part_status,description,cost_of_part,quantity,purchase_order_number,VIN) VALUES ('DE-PACBS0175','ordered','Brake pedal',73.78,3,'NM3BN4RJS1M492634-001','NM3BN4RJS1M492634');
INSERT INTO Part(part_number,part_status,description,cost_of_part,quantity,purchase_order_number,VIN) VALUES ('DE-ICS0162','installed','Seat track',94.64,1,'OETQ6SV7QKM285952-001','OETQ6SV7QKM285952');
INSERT INTO Part(part_number,part_status,description,cost_of_part,quantity,purchase_order_number,VIN) VALUES ('DE-EAEM0139','installed','Engine control unit',52.72,2,'PYWDSWXK5X5262660-002','PYWDSWXK5X5262660');
INSERT INTO Part(part_number,part_status,description,cost_of_part,quantity,purchase_order_number,VIN) VALUES ('DE-EAEM0144','installed','Relay connector',34.97,1,'PYWDSWXK5X5262660-002','PYWDSWXK5X5262660');
INSERT INTO Part(part_number,part_status,description,cost_of_part,quantity,purchase_order_number,VIN) VALUES ('DE-PACBS0164','installed','ABS steel pin',5.79,1,'PYWDSWXK5X5262660-002','PYWDSWXK5X5262660');
INSERT INTO Part(part_number,part_status,description,cost_of_part,quantity,purchase_order_number,VIN) VALUES ('DE-BAEW0037','installed','Window regulator',20.6,1,'Q6C80HSWMFK634460-005','Q6C80HSWMFK634460');
INSERT INTO Part(part_number,part_status,description,cost_of_part,quantity,purchase_order_number,VIN) VALUES ('DE-EAEIS0078','installed','Ignition box',15.98,1,'Q6C80HSWMFK634460-005','Q6C80HSWMFK634460');
INSERT INTO Part(part_number,part_status,description,cost_of_part,quantity,purchase_order_number,VIN) VALUES ('DE-EAES0100','installed','Light sensor',17.34,1,'Q6C80HSWMFK634460-005','Q6C80HSWMFK634460');
INSERT INTO Part(part_number,part_status,description,cost_of_part,quantity,purchase_order_number,VIN) VALUES ('DE-EAEESS0054','ordered','Performance battery',2.08,1,'QVSOV4QTXAE520972-004','QVSOV4QTXAE520972');
INSERT INTO Part(part_number,part_status,description,cost_of_part,quantity,purchase_order_number,VIN) VALUES ('DE-EAEGAM0064','installed','Dynamometer',25.73,1,'QVSOV4QTXAE520972-004','QVSOV4QTXAE520972');
INSERT INTO Part(part_number,part_status,description,cost_of_part,quantity,purchase_order_number,VIN) VALUES ('DE-EAES0126','ordered','Thermostat',1,1,'QVSOV4QTXAE520972-004','QVSOV4QTXAE520972');
INSERT INTO Part(part_number,part_status,description,cost_of_part,quantity,purchase_order_number,VIN) VALUES ('DE-PACBS0166','received','Anchor',35.47,1,'QVSOV4QTXAE520972-004','QVSOV4QTXAE520972');
INSERT INTO Part(part_number,part_status,description,cost_of_part,quantity,purchase_order_number,VIN) VALUES ('DE-EAES0114','ordered','ABS sensor',10.07,4,'U1GXDUQ2NVP642154-002','U1GXDUQ2NVP642154');
INSERT INTO Part(part_number,part_status,description,cost_of_part,quantity,purchase_order_number,VIN) VALUES ('DE-EAEAD0046','received','Tuner',42.31,1,'UAITKQ7KMQN776987-001','UAITKQ7KMQN776987');
INSERT INTO Part(part_number,part_status,description,cost_of_part,quantity,purchase_order_number,VIN) VALUES ('DE-EAEIS0079','installed','Ignition Coil',81.97,1,'UAITKQ7KMQN776987-001','UAITKQ7KMQN776987');
INSERT INTO Part(part_number,part_status,description,cost_of_part,quantity,purchase_order_number,VIN) VALUES ('DE-EAEM0132','installed','Air bag control module',21.7,1,'UAITKQ7KMQN776987-001','UAITKQ7KMQN776987');
INSERT INTO Part(part_number,part_status,description,cost_of_part,quantity,purchase_order_number,VIN) VALUES ('DE-PACBS0195','installed','Load-sensing valve',63.13,1,'UAITKQ7KMQN776987-001','UAITKQ7KMQN776987');
INSERT INTO Part(part_number,part_status,description,cost_of_part,quantity,purchase_order_number,VIN) VALUES ('DE-BAE0022','installed','Welded assembly',48.58,1,'UU2VI1MPOCJ886472-001','UU2VI1MPOCJ886472');
INSERT INTO Part(part_number,part_status,description,cost_of_part,quantity,purchase_order_number,VIN) VALUES ('DE-EAES0122','installed','Power window switch',29.96,1,'UU2VI1MPOCJ886472-001','UU2VI1MPOCJ886472');
INSERT INTO Part(part_number,part_status,description,cost_of_part,quantity,purchase_order_number,VIN) VALUES ('DE-EAES0107','installed','Temperature sensor',14.15,1,'V08JG7APNII434369-003','V08JG7APNII434369');
INSERT INTO Part(part_number,part_status,description,cost_of_part,quantity,purchase_order_number,VIN) VALUES ('DE-ICS0159','installed','Seat Belt',12.74,1,'V08JG7APNII434369-003','V08JG7APNII434369');
INSERT INTO Part(part_number,part_status,description,cost_of_part,quantity,purchase_order_number,VIN) VALUES ('DE-PACBS0165','installed','Adjusting mechanism',22.93,1,'V08JG7APNII434369-003','V08JG7APNII434369');
INSERT INTO Part(part_number,part_status,description,cost_of_part,quantity,purchase_order_number,VIN) VALUES ('DE-PACBS0195','installed','Load-sensing valve',7.69,2,'V08JG7APNII434369-003','V08JG7APNII434369');
INSERT INTO Part(part_number,part_status,description,cost_of_part,quantity,purchase_order_number,VIN) VALUES ('DE-EAEAD0046','installed','Tuner',80.66,4,'W85FIU0UPWJ342063-001','W85FIU0UPWJ342063');
INSERT INTO Part(part_number,part_status,description,cost_of_part,quantity,purchase_order_number,VIN) VALUES ('DE-EAECS0048','installed','Alternator',38.05,1,'W85FIU0UPWJ342063-001','W85FIU0UPWJ342063');
INSERT INTO Part(part_number,part_status,description,cost_of_part,quantity,purchase_order_number,VIN) VALUES ('DE-PACBS0176','installed','Brake piston',8.87,1,'YA0EN8KRBAN266216-004','YA0EN8KRBAN266216');
INSERT INTO Part(part_number,part_status,description,cost_of_part,quantity,purchase_order_number,VIN) VALUES ('DE-EAEAD0046','installed','Tuner',42.13,2,'Z0405USEZKH796737-004','Z0405USEZKH796737');
INSERT INTO Part(part_number,part_status,description,cost_of_part,quantity,purchase_order_number,VIN) VALUES ('DE-EAEESS0056','installed','Battery cable terminal',8.76,1,'Z1QCG3DRQAX515930-001','Z1QCG3DRQAX515930');
INSERT INTO Part(part_number,part_status,description,cost_of_part,quantity,purchase_order_number,VIN) VALUES ('DE-BAED0024','installed','Outer door handle',37.91,1,'ZI36738ITE3999852-001','ZI36738ITE3999852');
INSERT INTO Part(part_number,part_status,description,cost_of_part,quantity,purchase_order_number,VIN) VALUES ('DE-BAEW0035','installed','Sunroof motor',64.67,1,'ZI36738ITE3999852-001','ZI36738ITE3999852');
INSERT INTO Part(part_number,part_status,description,cost_of_part,quantity,purchase_order_number,VIN) VALUES ('DE-EAEESS0054','installed','Performance battery',63.24,1,'ZI36738ITE3999852-001','ZI36738ITE3999852');
INSERT INTO Part(part_number,part_status,description,cost_of_part,quantity,purchase_order_number,VIN) VALUES ('DE-PACBS0163','installed','Anti-lock braking system',88.55,4,'ZI36738ITE3999852-001','ZI36738ITE3999852');
INSERT INTO Part(part_number,part_status,description,cost_of_part,quantity,purchase_order_number,VIN) VALUES ('FE-EAEAD0044','installed','Other devices',27.49,1,'05PN35GUCGU088819-003','05PN35GUCGU088819');
INSERT INTO Part(part_number,part_status,description,cost_of_part,quantity,purchase_order_number,VIN) VALUES ('FE-EAEAD0046','installed','Tuner',42.93,1,'05PN35GUCGU088819-003','05PN35GUCGU088819');
INSERT INTO Part(part_number,part_status,description,cost_of_part,quantity,purchase_order_number,VIN) VALUES ('FE-EAES0105','installed','Rain sensor',120.52,1,'2DHOH4P4672123749-004','2DHOH4P4672123749');
INSERT INTO Part(part_number,part_status,description,cost_of_part,quantity,purchase_order_number,VIN) VALUES ('FE-PACBS0167','installed','Bleed nipple',81.09,1,'2DHOH4P4672123749-004','2DHOH4P4672123749');
INSERT INTO Part(part_number,part_status,description,cost_of_part,quantity,purchase_order_number,VIN) VALUES ('FE-BAEW0038','installed','Windshield',84.27,1,'2N45QQ7SMY3757149-003','2N45QQ7SMY3757149');
INSERT INTO Part(part_number,part_status,description,cost_of_part,quantity,purchase_order_number,VIN) VALUES ('FE-EAEGAM0069','received','Tachometer',69.6,1,'4QL2U7A4H4J019100-001','4QL2U7A4H4J019100');
INSERT INTO Part(part_number,part_status,description,cost_of_part,quantity,purchase_order_number,VIN) VALUES ('FE-EAEGAM0070','ordered','Temperature gauge',73.28,1,'4QL2U7A4H4J019100-001','4QL2U7A4H4J019100');
INSERT INTO Part(part_number,part_status,description,cost_of_part,quantity,purchase_order_number,VIN) VALUES ('FE-BAE0011','installed','Pillar and hard trim',19.79,1,'5DAWXIM4EAK735462-001','5DAWXIM4EAK735462');
INSERT INTO Part(part_number,part_status,description,cost_of_part,quantity,purchase_order_number,VIN) VALUES ('FE-EAES0100','installed','Light sensor',216.06,1,'5DAWXIM4EAK735462-001','5DAWXIM4EAK735462');
INSERT INTO Part(part_number,part_status,description,cost_of_part,quantity,purchase_order_number,VIN) VALUES ('FE-EAES0112','installed','IMA sensor',149.57,1,'5DAWXIM4EAK735462-001','5DAWXIM4EAK735462');
INSERT INTO Part(part_number,part_status,description,cost_of_part,quantity,purchase_order_number,VIN) VALUES ('FE-ICS0157','installed','Fastener',157.27,1,'5DAWXIM4EAK735462-001','5DAWXIM4EAK735462');
INSERT INTO Part(part_number,part_status,description,cost_of_part,quantity,purchase_order_number,VIN) VALUES ('FE-EAES0102','installed','Oxygen sensor',107.32,1,'5DAWXIM4EAK735462-003','5DAWXIM4EAK735462');
INSERT INTO Part(part_number,part_status,description,cost_of_part,quantity,purchase_order_number,VIN) VALUES ('FE-PACBS0188','installed','Dual circuit brake system',147.61,1,'5DAWXIM4EAK735462-003','5DAWXIM4EAK735462');
INSERT INTO Part(part_number,part_status,description,cost_of_part,quantity,purchase_order_number,VIN) VALUES ('FE-BAE0001','installed','Bumper',25.85,1,'72OI8SLM4HN113041-002','72OI8SLM4HN113041');
INSERT INTO Part(part_number,part_status,description,cost_of_part,quantity,purchase_order_number,VIN) VALUES ('FE-EAEGAM0066','received','Hydrometer',18.83,1,'72OI8SLM4HN113041-002','72OI8SLM4HN113041');
INSERT INTO Part(part_number,part_status,description,cost_of_part,quantity,purchase_order_number,VIN) VALUES ('FE-EAES0104','installed','Pressure sensor',30.5,1,'72OI8SLM4HN113041-002','72OI8SLM4HN113041');
INSERT INTO Part(part_number,part_status,description,cost_of_part,quantity,purchase_order_number,VIN) VALUES ('FE-EAES0114','ordered','ABS sensor',24.95,3,'72OI8SLM4HN113041-002','72OI8SLM4HN113041');
INSERT INTO Part(part_number,part_status,description,cost_of_part,quantity,purchase_order_number,VIN) VALUES ('FE-EAEAD0045','ordered','Speaker',10.05,1,'72SCGHC1RB4779672-001','72SCGHC1RB4779672');
INSERT INTO Part(part_number,part_status,description,cost_of_part,quantity,purchase_order_number,VIN) VALUES ('FE-EAEM0147','received','Speed controller',11.68,1,'72SCGHC1RB4779672-001','72SCGHC1RB4779672');
INSERT INTO Part(part_number,part_status,description,cost_of_part,quantity,purchase_order_number,VIN) VALUES ('FE-EAES0121','received','Ignition Switch',15.26,1,'72SCGHC1RB4779672-001','72SCGHC1RB4779672');
INSERT INTO Part(part_number,part_status,description,cost_of_part,quantity,purchase_order_number,VIN) VALUES ('FE-PACBS0192','ordered','Air brake nylon hose',2.13,1,'72SCGHC1RB4779672-001','72SCGHC1RB4779672');
INSERT INTO Part(part_number,part_status,description,cost_of_part,quantity,purchase_order_number,VIN) VALUES ('FE-EAEAD0042','ordered','Antenna cable',3.74,1,'8FDAK0CPTWA122888-001','8FDAK0CPTWA122888');
INSERT INTO Part(part_number,part_status,description,cost_of_part,quantity,purchase_order_number,VIN) VALUES ('FE-EAEAD0045','ordered','Speaker',35.01,1,'8FDAK0CPTWA122888-001','8FDAK0CPTWA122888');
INSERT INTO Part(part_number,part_status,description,cost_of_part,quantity,purchase_order_number,VIN) VALUES ('FE-EAESS0116','received','Starter drive',18.54,1,'8FDAK0CPTWA122888-001','8FDAK0CPTWA122888');
INSERT INTO Part(part_number,part_status,description,cost_of_part,quantity,purchase_order_number,VIN) VALUES ('FE-BAE0008','received','Front clip',85.73,1,'8U653RXUMZY984495-002','8U653RXUMZY984495');
INSERT INTO Part(part_number,part_status,description,cost_of_part,quantity,purchase_order_number,VIN) VALUES ('FE-BAED0023','installed','Door beam and panel',9.56,1,'8U653RXUMZY984495-002','8U653RXUMZY984495');
INSERT INTO Part(part_number,part_status,description,cost_of_part,quantity,purchase_order_number,VIN) VALUES ('FE-BAED0032','received','Centre Locking',72.01,1,'8U653RXUMZY984495-003','8U653RXUMZY984495');
INSERT INTO Part(part_number,part_status,description,cost_of_part,quantity,purchase_order_number,VIN) VALUES ('FE-EAES0108','installed','Transmission input and output sensor',38.81,1,'8U653RXUMZY984495-003','8U653RXUMZY984495');
INSERT INTO Part(part_number,part_status,description,cost_of_part,quantity,purchase_order_number,VIN) VALUES ('FE-BAED0031','installed','Lock',84.37,1,'8VGJ74SC8UK076966-001','8VGJ74SC8UK076966');
INSERT INTO Part(part_number,part_status,description,cost_of_part,quantity,purchase_order_number,VIN) VALUES ('FE-EAES0100','installed','Light sensor',52.73,1,'8VGJ74SC8UK076966-001','8VGJ74SC8UK076966');
INSERT INTO Part(part_number,part_status,description,cost_of_part,quantity,purchase_order_number,VIN) VALUES ('FE-ICS0160','installed','Seat bracket',75.84,1,'8VGJ74SC8UK076966-001','8VGJ74SC8UK076966');
INSERT INTO Part(part_number,part_status,description,cost_of_part,quantity,purchase_order_number,VIN) VALUES ('FE-PACBS0198','installed','Other braking system parts',96.62,1,'8VGJ74SC8UK076966-001','8VGJ74SC8UK076966');
INSERT INTO Part(part_number,part_status,description,cost_of_part,quantity,purchase_order_number,VIN) VALUES ('FE-EAEGAM0067','ordered','Odometer',5.39,1,'A58PSDYJWYD029917-002','A58PSDYJWYD029917');
INSERT INTO Part(part_number,part_status,description,cost_of_part,quantity,purchase_order_number,VIN) VALUES ('FE-EAELASS0091','installed','Tail light',31.2,1,'A58PSDYJWYD029917-002','A58PSDYJWYD029917');
INSERT INTO Part(part_number,part_status,description,cost_of_part,quantity,purchase_order_number,VIN) VALUES ('FE-EAES0096','received','Crankshaft position sensor',4.44,1,'A58PSDYJWYD029917-002','A58PSDYJWYD029917');
INSERT INTO Part(part_number,part_status,description,cost_of_part,quantity,purchase_order_number,VIN) VALUES ('FE-EAEIS0080','received','Ignition coil parts',51.17,1,'BV7ZLIZN0R2917777-004','BV7ZLIZN0R2917777');
INSERT INTO Part(part_number,part_status,description,cost_of_part,quantity,purchase_order_number,VIN) VALUES ('FE-BAEW0037','installed','Window regulator',9.4,3,'D244CUCA1UX127908-002','D244CUCA1UX127908');
INSERT INTO Part(part_number,part_status,description,cost_of_part,quantity,purchase_order_number,VIN) VALUES ('FE-ICS0155','installed','Bucket Seat',25.13,4,'D244CUCA1UX127908-002','D244CUCA1UX127908');
INSERT INTO Part(part_number,part_status,description,cost_of_part,quantity,purchase_order_number,VIN) VALUES ('FE-IFCAP0151','installed','Carpet and other floor material',0.85,1,'D244CUCA1UX127908-002','D244CUCA1UX127908');
INSERT INTO Part(part_number,part_status,description,cost_of_part,quantity,purchase_order_number,VIN) VALUES ('FE-EAEESS0061','installed','Voltage regulator',33.78,1,'EX0DFWC3FLW639681-003','EX0DFWC3FLW639681');
INSERT INTO Part(part_number,part_status,description,cost_of_part,quantity,purchase_order_number,VIN) VALUES ('FE-EAEGAM0063','installed','Clinometer',7.49,1,'EX0DFWC3FLW639681-003','EX0DFWC3FLW639681');
INSERT INTO Part(part_number,part_status,description,cost_of_part,quantity,purchase_order_number,VIN) VALUES ('FE-EAEGAM0066','installed','Hydrometer',62.1,1,'EX0DFWC3FLW639681-003','EX0DFWC3FLW639681');
INSERT INTO Part(part_number,part_status,description,cost_of_part,quantity,purchase_order_number,VIN) VALUES ('FE-EAEGAM0067','installed','Odometer',28.66,1,'EX0DFWC3FLW639681-003','EX0DFWC3FLW639681');
INSERT INTO Part(part_number,part_status,description,cost_of_part,quantity,purchase_order_number,VIN) VALUES ('FE-EAEESS0053','installed','Battery',23.28,1,'EZ144Z2QAJC644839-001','EZ144Z2QAJC644839');
INSERT INTO Part(part_number,part_status,description,cost_of_part,quantity,purchase_order_number,VIN) VALUES ('FE-BAED0027','installed','Door seal',1.61,1,'F42NYNK4BK3657449-001','F42NYNK4BK3657449');
INSERT INTO Part(part_number,part_status,description,cost_of_part,quantity,purchase_order_number,VIN) VALUES ('FE-EAEAD0047','installed','Subwoofer',16.5,2,'F42NYNK4BK3657449-001','F42NYNK4BK3657449');
INSERT INTO Part(part_number,part_status,description,cost_of_part,quantity,purchase_order_number,VIN) VALUES ('FE-PACBS0189','installed','Hold-down springs',26.28,1,'F42NYNK4BK3657449-001','F42NYNK4BK3657449');
INSERT INTO Part(part_number,part_status,description,cost_of_part,quantity,purchase_order_number,VIN) VALUES ('FE-EAES0098','installed','Fuel level sensor',38.24,1,'FA7LJ664E04088299-001','FA7LJ664E04088299');
INSERT INTO Part(part_number,part_status,description,cost_of_part,quantity,purchase_order_number,VIN) VALUES ('FE-PACBS0168','received','Brake backing plate',33.64,2,'FA7LJ664E04088299-001','FA7LJ664E04088299');
INSERT INTO Part(part_number,part_status,description,cost_of_part,quantity,purchase_order_number,VIN) VALUES ('FE-PACBS0180','received','Brake servo',39.81,1,'FA7LJ664E04088299-001','FA7LJ664E04088299');
INSERT INTO Part(part_number,part_status,description,cost_of_part,quantity,purchase_order_number,VIN) VALUES ('FE-EAES0094','installed','Anti-pinch sensor',70.6,1,'FXR24KBAHFZ139993-001','FXR24KBAHFZ139993');
INSERT INTO Part(part_number,part_status,description,cost_of_part,quantity,purchase_order_number,VIN) VALUES ('FE-PACBS0171','installed','Brake disc',28.26,1,'FXR24KBAHFZ139993-001','FXR24KBAHFZ139993');
INSERT INTO Part(part_number,part_status,description,cost_of_part,quantity,purchase_order_number,VIN) VALUES ('FE-EAEM0150','installed','Wiring connector',83.58,1,'HIEWYKOMDAK597903-001','HIEWYKOMDAK597903');
INSERT INTO Part(part_number,part_status,description,cost_of_part,quantity,purchase_order_number,VIN) VALUES ('FE-BAE0014','installed','Rocker panel',57.47,1,'KZQ5C1NSWAJ790169-003','KZQ5C1NSWAJ790169');
INSERT INTO Part(part_number,part_status,description,cost_of_part,quantity,purchase_order_number,VIN) VALUES ('FE-PACBS0167','installed','Bleed nipple',55.34,4,'KZQ5C1NSWAJ790169-003','KZQ5C1NSWAJ790169');
INSERT INTO Part(part_number,part_status,description,cost_of_part,quantity,purchase_order_number,VIN) VALUES ('FE-PACBS0173','installed','Brake line',51.4,1,'KZQ5C1NSWAJ790169-003','KZQ5C1NSWAJ790169');
INSERT INTO Part(part_number,part_status,description,cost_of_part,quantity,purchase_order_number,VIN) VALUES ('FE-EAEM0146','received','Shift improver',93.34,1,'NKY5WJPCYVC675161-001','NKY5WJPCYVC675161');
INSERT INTO Part(part_number,part_status,description,cost_of_part,quantity,purchase_order_number,VIN) VALUES ('FE-PACBS0171','ordered','Brake disc',104.7,1,'NKY5WJPCYVC675161-001','NKY5WJPCYVC675161');
INSERT INTO Part(part_number,part_status,description,cost_of_part,quantity,purchase_order_number,VIN) VALUES ('FE-EAEGAM0063','ordered','Clinometer',5.68,1,'NM3BN4RJS1M492634-002','NM3BN4RJS1M492634');
INSERT INTO Part(part_number,part_status,description,cost_of_part,quantity,purchase_order_number,VIN) VALUES ('FE-EAEGAM0072','installed','Vacuum gauge',47.45,1,'PI5K0FV5WKD862880-005','PI5K0FV5WKD862880');
INSERT INTO Part(part_number,part_status,description,cost_of_part,quantity,purchase_order_number,VIN) VALUES ('FE-EAEM0144','installed','Relay connector',80.35,1,'PI5K0FV5WKD862880-005','PI5K0FV5WKD862880');
INSERT INTO Part(part_number,part_status,description,cost_of_part,quantity,purchase_order_number,VIN) VALUES ('FE-PACBS0168','installed','Brake backing plate',109.16,1,'PI5K0FV5WKD862880-005','PI5K0FV5WKD862880');
INSERT INTO Part(part_number,part_status,description,cost_of_part,quantity,purchase_order_number,VIN) VALUES ('FE-PACBS0185','installed','Calibrated friction brake',9.54,1,'PI5K0FV5WKD862880-005','PI5K0FV5WKD862880');
INSERT INTO Part(part_number,part_status,description,cost_of_part,quantity,purchase_order_number,VIN) VALUES ('FE-BAED0028','received','Door watershield',15.26,1,'RRRZH6PBRYY000587-001','RRRZH6PBRYY000587');
INSERT INTO Part(part_number,part_status,description,cost_of_part,quantity,purchase_order_number,VIN) VALUES ('FE-EAEESS0054','installed','Performance battery',36.16,1,'RXLO3PC8EG8307071-001','RXLO3PC8EG8307071');
INSERT INTO Part(part_number,part_status,description,cost_of_part,quantity,purchase_order_number,VIN) VALUES ('FE-EAEESS0055','installed','Battery box',29.09,2,'RXLO3PC8EG8307071-001','RXLO3PC8EG8307071');
INSERT INTO Part(part_number,part_status,description,cost_of_part,quantity,purchase_order_number,VIN) VALUES ('FE-EAEM0137','installed','Door contact',35.68,2,'RXLO3PC8EG8307071-001','RXLO3PC8EG8307071');
INSERT INTO Part(part_number,part_status,description,cost_of_part,quantity,purchase_order_number,VIN) VALUES ('FE-EAES0121','installed','Ignition Switch',18.58,1,'RXLO3PC8EG8307071-001','RXLO3PC8EG8307071');
INSERT INTO Part(part_number,part_status,description,cost_of_part,quantity,purchase_order_number,VIN) VALUES ('FE-EAECS0048','installed','Alternator',15.98,1,'SL5LRZAJFUI810871-001','SL5LRZAJFUI810871');
INSERT INTO Part(part_number,part_status,description,cost_of_part,quantity,purchase_order_number,VIN) VALUES ('FE-EAECS0052','ordered','Other alternator parts',10.19,1,'SL5LRZAJFUI810871-001','SL5LRZAJFUI810871');
INSERT INTO Part(part_number,part_status,description,cost_of_part,quantity,purchase_order_number,VIN) VALUES ('FE-EAEGAM0067','installed','Odometer',24.08,1,'SL5LRZAJFUI810871-001','SL5LRZAJFUI810871');
INSERT INTO Part(part_number,part_status,description,cost_of_part,quantity,purchase_order_number,VIN) VALUES ('FE-PACBS0187','received','Combination valve',3.07,1,'SL5LRZAJFUI810871-001','SL5LRZAJFUI810871');
INSERT INTO Part(part_number,part_status,description,cost_of_part,quantity,purchase_order_number,VIN) VALUES ('FE-EAELASS0092','installed','Tail light cover',38.26,2,'SLY1Q4WQXLP675951-004','SLY1Q4WQXLP675951');
INSERT INTO Part(part_number,part_status,description,cost_of_part,quantity,purchase_order_number,VIN) VALUES ('FE-EAEAD0043','installed','Radio and media player',61.37,4,'U3SEY7BL74U428566-003','U3SEY7BL74U428566');
INSERT INTO Part(part_number,part_status,description,cost_of_part,quantity,purchase_order_number,VIN) VALUES ('FE-EAEESS0054','installed','Performance battery',51.69,1,'U3SEY7BL74U428566-003','U3SEY7BL74U428566');
INSERT INTO Part(part_number,part_status,description,cost_of_part,quantity,purchase_order_number,VIN) VALUES ('FE-BAE0017','installed','Front spoiler',27.34,1,'U8CPVV20LCB872591-002','U8CPVV20LCB872591');
INSERT INTO Part(part_number,part_status,description,cost_of_part,quantity,purchase_order_number,VIN) VALUES ('FE-EAES0101','received','Manifold absolute pressure sensor',25.74,1,'U8CPVV20LCB872591-002','U8CPVV20LCB872591');
INSERT INTO Part(part_number,part_status,description,cost_of_part,quantity,purchase_order_number,VIN) VALUES ('FE-BAED0028','installed','Door watershield',18.98,1,'V08JG7APNII434369-001','V08JG7APNII434369');
INSERT INTO Part(part_number,part_status,description,cost_of_part,quantity,purchase_order_number,VIN) VALUES ('FE-EAEAD0043','installed','Radio and media player',25,1,'V08JG7APNII434369-001','V08JG7APNII434369');
INSERT INTO Part(part_number,part_status,description,cost_of_part,quantity,purchase_order_number,VIN) VALUES ('FE-EAEM0134','installed','Central locking system',8.21,2,'V08JG7APNII434369-001','V08JG7APNII434369');
INSERT INTO Part(part_number,part_status,description,cost_of_part,quantity,purchase_order_number,VIN) VALUES ('FE-PACBS0166','installed','Anchor',2.27,1,'V08JG7APNII434369-001','V08JG7APNII434369');
INSERT INTO Part(part_number,part_status,description,cost_of_part,quantity,purchase_order_number,VIN) VALUES ('FE-10141','ordered','Fuse Box: The Alternative Tribute',40.05,1,'V73RJYYHEIT850422-002','V73RJYYHEIT850422');
INSERT INTO Part(part_number,part_status,description,cost_of_part,quantity,purchase_order_number,VIN) VALUES ('FE-BAEW0039','installed','Windshield washer motor',2.69,1,'V73RJYYHEIT850422-002','V73RJYYHEIT850422');
INSERT INTO Part(part_number,part_status,description,cost_of_part,quantity,purchase_order_number,VIN) VALUES ('FE-EAECS0052','ordered','Other alternator parts',128.93,1,'V73RJYYHEIT850422-002','V73RJYYHEIT850422');
INSERT INTO Part(part_number,part_status,description,cost_of_part,quantity,purchase_order_number,VIN) VALUES ('FE-EAES0097','installed','Engine sensor',79.6,1,'V73RJYYHEIT850422-002','V73RJYYHEIT850422');
INSERT INTO Part(part_number,part_status,description,cost_of_part,quantity,purchase_order_number,VIN) VALUES ('FE-EAEESS0059','installed','Battery plate',138.45,2,'WKNIUEPLNDU378894-002','WKNIUEPLNDU378894');
INSERT INTO Part(part_number,part_status,description,cost_of_part,quantity,purchase_order_number,VIN) VALUES ('FE-EAEWH0129','installed','Engine compartment harness',7.17,1,'WKNIUEPLNDU378894-002','WKNIUEPLNDU378894');
INSERT INTO Part(part_number,part_status,description,cost_of_part,quantity,purchase_order_number,VIN) VALUES ('FE-EAEESS0060','installed','Battery tray',72.72,1,'WWMN8RWHPDM674733-001','WWMN8RWHPDM674733');
INSERT INTO Part(part_number,part_status,description,cost_of_part,quantity,purchase_order_number,VIN) VALUES ('FE-EAECS0050','installed','Alternator bracket',161.92,1,'YFV4PPW4SW8405660-001','YFV4PPW4SW8405660');
INSERT INTO Part(part_number,part_status,description,cost_of_part,quantity,purchase_order_number,VIN) VALUES ('GS-BAED0025','ordered','Inner door handle',72.78,1,'1A8CMLRTUGR146952-002','1A8CMLRTUGR146952');
INSERT INTO Part(part_number,part_status,description,cost_of_part,quantity,purchase_order_number,VIN) VALUES ('GS-BAED0031','received','Lock',98.47,4,'1A8CMLRTUGR146952-002','1A8CMLRTUGR146952');
INSERT INTO Part(part_number,part_status,description,cost_of_part,quantity,purchase_order_number,VIN) VALUES ('GS-EAEAD0043','received','Radio and media player',44.19,1,'1A8CMLRTUGR146952-002','1A8CMLRTUGR146952');
INSERT INTO Part(part_number,part_status,description,cost_of_part,quantity,purchase_order_number,VIN) VALUES ('GS-BAE0013','installed','Radiator core support',10.5,1,'2JUBCDLLXSB731848-002','2JUBCDLLXSB731848');
INSERT INTO Part(part_number,part_status,description,cost_of_part,quantity,purchase_order_number,VIN) VALUES ('GS-BAEW0037','installed','Window regulator',47.85,1,'2JUBCDLLXSB731848-002','2JUBCDLLXSB731848');
INSERT INTO Part(part_number,part_status,description,cost_of_part,quantity,purchase_order_number,VIN) VALUES ('GS-EAEGAM0074','installed','Water temperature meter',59.98,1,'2JUBCDLLXSB731848-002','2JUBCDLLXSB731848');
INSERT INTO Part(part_number,part_status,description,cost_of_part,quantity,purchase_order_number,VIN) VALUES ('GS-EAEM0149','installed','Transmission computer',70.48,1,'2JUBCDLLXSB731848-002','2JUBCDLLXSB731848');
INSERT INTO Part(part_number,part_status,description,cost_of_part,quantity,purchase_order_number,VIN) VALUES ('GS-BAEW0037','installed','Window regulator',33.21,1,'4RJT1NOLXUG037441-002','4RJT1NOLXUG037441');
INSERT INTO Part(part_number,part_status,description,cost_of_part,quantity,purchase_order_number,VIN) VALUES ('GS-EAES0101','installed','Manifold absolute pressure sensor',10.1,2,'4RJT1NOLXUG037441-002','4RJT1NOLXUG037441');
INSERT INTO Part(part_number,part_status,description,cost_of_part,quantity,purchase_order_number,VIN) VALUES ('GS-PACBS0170','installed','Brake cooling duct',29.57,1,'4RJT1NOLXUG037441-002','4RJT1NOLXUG037441');
INSERT INTO Part(part_number,part_status,description,cost_of_part,quantity,purchase_order_number,VIN) VALUES ('GS-BAEW0035','installed','Sunroof motor',25.53,4,'4RJT1NOLXUG037441-003','4RJT1NOLXUG037441');
INSERT INTO Part(part_number,part_status,description,cost_of_part,quantity,purchase_order_number,VIN) VALUES ('GS-EAECS0048','installed','Alternator',10.43,1,'4RJT1NOLXUG037441-003','4RJT1NOLXUG037441');
INSERT INTO Part(part_number,part_status,description,cost_of_part,quantity,purchase_order_number,VIN) VALUES ('GS-EAES0094','installed','Anti-pinch sensor',31.09,1,'4RJT1NOLXUG037441-003','4RJT1NOLXUG037441');
INSERT INTO Part(part_number,part_status,description,cost_of_part,quantity,purchase_order_number,VIN) VALUES ('GS-PACBS0179','installed','Brake rotor',29.98,1,'4RJT1NOLXUG037441-003','4RJT1NOLXUG037441');
INSERT INTO Part(part_number,part_status,description,cost_of_part,quantity,purchase_order_number,VIN) VALUES ('GS-BAE0012','installed','Quarter panel',18.7,1,'5WKWALJ4EQU001163-001','5WKWALJ4EQU001163');
INSERT INTO Part(part_number,part_status,description,cost_of_part,quantity,purchase_order_number,VIN) VALUES ('GS-EAES0094','installed','Anti-pinch sensor',7.87,4,'5WKWALJ4EQU001163-001','5WKWALJ4EQU001163');
INSERT INTO Part(part_number,part_status,description,cost_of_part,quantity,purchase_order_number,VIN) VALUES ('GS-PACBS0196','installed','Master Cylinder',26.54,1,'5WKWALJ4EQU001163-001','5WKWALJ4EQU001163');
INSERT INTO Part(part_number,part_status,description,cost_of_part,quantity,purchase_order_number,VIN) VALUES ('GS-EAES0110','installed','TDC sensor',15.97,1,'5WKWALJ4EQU001163-002','5WKWALJ4EQU001163');
INSERT INTO Part(part_number,part_status,description,cost_of_part,quantity,purchase_order_number,VIN) VALUES ('GS-BAE0021','received','Valance',45.86,1,'6AZQDNCM3G6215989-004','6AZQDNCM3G6215989');
INSERT INTO Part(part_number,part_status,description,cost_of_part,quantity,purchase_order_number,VIN) VALUES ('GS-EAEGAM0064','ordered','Dynamometer',30.62,1,'6AZQDNCM3G6215989-004','6AZQDNCM3G6215989');
INSERT INTO Part(part_number,part_status,description,cost_of_part,quantity,purchase_order_number,VIN) VALUES ('GS-BAE0002','installed','Unexposed bumper',50.72,1,'A1GTY6T551Q455502-004','A1GTY6T551Q455502');
INSERT INTO Part(part_number,part_status,description,cost_of_part,quantity,purchase_order_number,VIN) VALUES ('GS-BAEW0035','installed','Sunroof motor',5.28,1,'A1GTY6T551Q455502-004','A1GTY6T551Q455502');
INSERT INTO Part(part_number,part_status,description,cost_of_part,quantity,purchase_order_number,VIN) VALUES ('GS-EAEIS0082','installed','Magneto',55.42,1,'A1GTY6T551Q455502-004','A1GTY6T551Q455502');
INSERT INTO Part(part_number,part_status,description,cost_of_part,quantity,purchase_order_number,VIN) VALUES ('GS-PACBS0190','installed','Hose',173.14,1,'AOIDQU2ROYY946376-001','AOIDQU2ROYY946376');
INSERT INTO Part(part_number,part_status,description,cost_of_part,quantity,purchase_order_number,VIN) VALUES ('GS-BAE0005','installed','Decklid',20.18,1,'BQ1P8TA2OBE090669-001','BQ1P8TA2OBE090669');
INSERT INTO Part(part_number,part_status,description,cost_of_part,quantity,purchase_order_number,VIN) VALUES ('GS-BAED0029','ordered','Hinge',2.12,1,'BQ1P8TA2OBE090669-001','BQ1P8TA2OBE090669');
INSERT INTO Part(part_number,part_status,description,cost_of_part,quantity,purchase_order_number,VIN) VALUES ('GS-EAEWH0130','ordered','Interior harness',13.87,1,'BQ1P8TA2OBE090669-001','BQ1P8TA2OBE090669');
INSERT INTO Part(part_number,part_status,description,cost_of_part,quantity,purchase_order_number,VIN) VALUES ('GS-BAED0027','ordered','Door seal',45.22,1,'EWUO21O8D0P959813-005','EWUO21O8D0P959813');
INSERT INTO Part(part_number,part_status,description,cost_of_part,quantity,purchase_order_number,VIN) VALUES ('GS-EAEAD0044','received','Other devices',27.76,2,'EWUO21O8D0P959813-005','EWUO21O8D0P959813');
INSERT INTO Part(part_number,part_status,description,cost_of_part,quantity,purchase_order_number,VIN) VALUES ('GS-EAEIS0080','installed','Ignition coil parts',10.87,1,'EWUO21O8D0P959813-005','EWUO21O8D0P959813');
INSERT INTO Part(part_number,part_status,description,cost_of_part,quantity,purchase_order_number,VIN) VALUES ('GS-EAES0120','installed','Door switch',32.19,1,'EWUO21O8D0P959813-005','EWUO21O8D0P959813');
INSERT INTO Part(part_number,part_status,description,cost_of_part,quantity,purchase_order_number,VIN) VALUES ('GS-EAEM0146','received','Shift improver',114.86,1,'EYTJ0RTAAHK130156-001','EYTJ0RTAAHK130156');
INSERT INTO Part(part_number,part_status,description,cost_of_part,quantity,purchase_order_number,VIN) VALUES ('GS-EAEESS0058','installed','Battery control system',49.51,1,'FPJBMT3OOG8061158-001','FPJBMT3OOG8061158');
INSERT INTO Part(part_number,part_status,description,cost_of_part,quantity,purchase_order_number,VIN) VALUES ('GS-EAEGAM0074','installed','Water temperature meter',21.45,1,'FPJBMT3OOG8061158-001','FPJBMT3OOG8061158');
INSERT INTO Part(part_number,part_status,description,cost_of_part,quantity,purchase_order_number,VIN) VALUES ('GS-EAES0114','installed','ABS sensor',13.33,1,'FPJBMT3OOG8061158-001','FPJBMT3OOG8061158');
INSERT INTO Part(part_number,part_status,description,cost_of_part,quantity,purchase_order_number,VIN) VALUES ('GS-EAEM0134','installed','Central locking system',43.86,1,'FXCJT6N4BUT928292-001','FXCJT6N4BUT928292');
INSERT INTO Part(part_number,part_status,description,cost_of_part,quantity,purchase_order_number,VIN) VALUES ('GS-EAEM0137','installed','Door contact',38.1,1,'FXCJT6N4BUT928292-001','FXCJT6N4BUT928292');
INSERT INTO Part(part_number,part_status,description,cost_of_part,quantity,purchase_order_number,VIN) VALUES ('GS-BAED0025','installed','Inner door handle',39.06,1,'GHEDZEHRLGJ237205-003','GHEDZEHRLGJ237205');
INSERT INTO Part(part_number,part_status,description,cost_of_part,quantity,purchase_order_number,VIN) VALUES ('GS-EAEGAM0069','installed','Tachometer',77.59,1,'GHEDZEHRLGJ237205-003','GHEDZEHRLGJ237205');
INSERT INTO Part(part_number,part_status,description,cost_of_part,quantity,purchase_order_number,VIN) VALUES ('GS-EAEIS0082','installed','Magneto',87.41,1,'GHEDZEHRLGJ237205-003','GHEDZEHRLGJ237205');
INSERT INTO Part(part_number,part_status,description,cost_of_part,quantity,purchase_order_number,VIN) VALUES ('GS-EAEWH0128','installed','Air conditioning harness',4.24,1,'GHEDZEHRLGJ237205-003','GHEDZEHRLGJ237205');
INSERT INTO Part(part_number,part_status,description,cost_of_part,quantity,purchase_order_number,VIN) VALUES ('GS-BAEW0035','received','Sunroof motor',60.67,1,'GNJQGN3RWIT431179-001','GNJQGN3RWIT431179');
INSERT INTO Part(part_number,part_status,description,cost_of_part,quantity,purchase_order_number,VIN) VALUES ('GS-EAEAD0042','installed','Antenna cable',21.01,2,'GNJQGN3RWIT431179-001','GNJQGN3RWIT431179');
INSERT INTO Part(part_number,part_status,description,cost_of_part,quantity,purchase_order_number,VIN) VALUES ('GS-EAEGAM0064','installed','Dynamometer',24.95,4,'GNJQGN3RWIT431179-001','GNJQGN3RWIT431179');
INSERT INTO Part(part_number,part_status,description,cost_of_part,quantity,purchase_order_number,VIN) VALUES ('GS-PACBS0164','received','ABS steel pin',51.75,1,'GNJQGN3RWIT431179-001','GNJQGN3RWIT431179');
INSERT INTO Part(part_number,part_status,description,cost_of_part,quantity,purchase_order_number,VIN) VALUES ('GS-EAELASS0084','installed','Fog Light',11.45,1,'I2Y84J2JYUI249817-001','I2Y84J2JYUI249817');
INSERT INTO Part(part_number,part_status,description,cost_of_part,quantity,purchase_order_number,VIN) VALUES ('GS-PACBS0191','installed','Brake booster hose',56,1,'JL4O86VLF1F081674-001','JL4O86VLF1F081674');
INSERT INTO Part(part_number,part_status,description,cost_of_part,quantity,purchase_order_number,VIN) VALUES ('GS-10141','installed','Fuse Box: The Alternative Tribute',68.2,1,'JL4O86VLF1F081674-002','JL4O86VLF1F081674');
INSERT INTO Part(part_number,part_status,description,cost_of_part,quantity,purchase_order_number,VIN) VALUES ('GS-ICS0159','installed','Seat Belt',170.06,1,'JL4O86VLF1F081674-002','JL4O86VLF1F081674');
INSERT INTO Part(part_number,part_status,description,cost_of_part,quantity,purchase_order_number,VIN) VALUES ('GS-10141','installed','Fuse Box: The Alternative Tribute',29.52,1,'L712UQJXM4L524142-005','L712UQJXM4L524142');
INSERT INTO Part(part_number,part_status,description,cost_of_part,quantity,purchase_order_number,VIN) VALUES ('GS-EAECS0048','ordered','Alternator',31.32,1,'ME064DUO8S0025936-004','ME064DUO8S0025936');
INSERT INTO Part(part_number,part_status,description,cost_of_part,quantity,purchase_order_number,VIN) VALUES ('GS-EAELASS0090','received','Side lighting',36.22,1,'ME064DUO8S0025936-004','ME064DUO8S0025936');
INSERT INTO Part(part_number,part_status,description,cost_of_part,quantity,purchase_order_number,VIN) VALUES ('GS-BAE0000','installed','Bonnet/hood',33.29,1,'MRHT53HXAKW856444-006','MRHT53HXAKW856444');
INSERT INTO Part(part_number,part_status,description,cost_of_part,quantity,purchase_order_number,VIN) VALUES ('GS-EAEESS0058','installed','Battery control system',32.96,1,'MRHT53HXAKW856444-006','MRHT53HXAKW856444');
INSERT INTO Part(part_number,part_status,description,cost_of_part,quantity,purchase_order_number,VIN) VALUES ('GS-EAELASS0086','installed','Headlight',8.92,3,'MRHT53HXAKW856444-006','MRHT53HXAKW856444');
INSERT INTO Part(part_number,part_status,description,cost_of_part,quantity,purchase_order_number,VIN) VALUES ('GS-EAECS0048','installed','Alternator',11.6,1,'N64LL1WC63N759701-003','N64LL1WC63N759701');
INSERT INTO Part(part_number,part_status,description,cost_of_part,quantity,purchase_order_number,VIN) VALUES ('GS-EAEM0136','installed','Cruise control computer',0.3,1,'N64LL1WC63N759701-003','N64LL1WC63N759701');
INSERT INTO Part(part_number,part_status,description,cost_of_part,quantity,purchase_order_number,VIN) VALUES ('GS-PACBS0167','installed','Bleed nipple',5.48,1,'N64LL1WC63N759701-003','N64LL1WC63N759701');
INSERT INTO Part(part_number,part_status,description,cost_of_part,quantity,purchase_order_number,VIN) VALUES ('GS-BAEW0033','ordered','Glass',107.3,1,'NKY5WJPCYVC675161-003','NKY5WJPCYVC675161');
INSERT INTO Part(part_number,part_status,description,cost_of_part,quantity,purchase_order_number,VIN) VALUES ('GS-EAES0106','ordered','Rotational sensor',14.61,1,'NKY5WJPCYVC675161-003','NKY5WJPCYVC675161');
INSERT INTO Part(part_number,part_status,description,cost_of_part,quantity,purchase_order_number,VIN) VALUES ('GS-PACBS0164','installed','ABS steel pin',62.57,1,'NKY5WJPCYVC675161-003','NKY5WJPCYVC675161');
INSERT INTO Part(part_number,part_status,description,cost_of_part,quantity,purchase_order_number,VIN) VALUES ('GS-BAE0001','installed','Bumper',67.46,1,'O1C66KL1VK4840531-003','O1C66KL1VK4840531');
INSERT INTO Part(part_number,part_status,description,cost_of_part,quantity,purchase_order_number,VIN) VALUES ('GS-EAES0120','installed','Door switch',5.82,1,'O1C66KL1VK4840531-003','O1C66KL1VK4840531');
INSERT INTO Part(part_number,part_status,description,cost_of_part,quantity,purchase_order_number,VIN) VALUES ('GS-EAEESS0054','installed','Performance battery',87.39,1,'OETQ6SV7QKM285952-002','OETQ6SV7QKM285952');
INSERT INTO Part(part_number,part_status,description,cost_of_part,quantity,purchase_order_number,VIN) VALUES ('GS-EAEGAM0068','installed','Speedometer',97.71,1,'OETQ6SV7QKM285952-002','OETQ6SV7QKM285952');
INSERT INTO Part(part_number,part_status,description,cost_of_part,quantity,purchase_order_number,VIN) VALUES ('GS-PACBS0195','installed','Load-sensing valve',78.31,1,'OETQ6SV7QKM285952-002','OETQ6SV7QKM285952');
INSERT INTO Part(part_number,part_status,description,cost_of_part,quantity,purchase_order_number,VIN) VALUES ('GS-PACBS0197','installed','Metering valve',35.02,2,'OETQ6SV7QKM285952-002','OETQ6SV7QKM285952');
INSERT INTO Part(part_number,part_status,description,cost_of_part,quantity,purchase_order_number,VIN) VALUES ('GS-BAE0000','installed','Bonnet/hood',13.62,1,'PI5K0FV5WKD862880-003','PI5K0FV5WKD862880');
INSERT INTO Part(part_number,part_status,description,cost_of_part,quantity,purchase_order_number,VIN) VALUES ('GS-EAEGAM0074','installed','Water temperature meter',31.79,1,'PI5K0FV5WKD862880-003','PI5K0FV5WKD862880');
INSERT INTO Part(part_number,part_status,description,cost_of_part,quantity,purchase_order_number,VIN) VALUES ('GS-EAEAD0044','installed','Other devices',109.89,1,'PKFGEZTKARS310898-001','PKFGEZTKARS310898');
INSERT INTO Part(part_number,part_status,description,cost_of_part,quantity,purchase_order_number,VIN) VALUES ('GS-EAEM0149','installed','Transmission computer',73.83,4,'PKFGEZTKARS310898-001','PKFGEZTKARS310898');
INSERT INTO Part(part_number,part_status,description,cost_of_part,quantity,purchase_order_number,VIN) VALUES ('GS-EAES0093','installed','Airbag sensor',157.1,1,'PKFGEZTKARS310898-001','PKFGEZTKARS310898');
INSERT INTO Part(part_number,part_status,description,cost_of_part,quantity,purchase_order_number,VIN) VALUES ('GS-EAES0106','installed','Rotational sensor',20.58,1,'RH3XN0D50EO772614-002','RH3XN0D50EO772614');
INSERT INTO Part(part_number,part_status,description,cost_of_part,quantity,purchase_order_number,VIN) VALUES ('GS-EAESS0118','installed','Starter solenoid',31.95,2,'RH3XN0D50EO772614-002','RH3XN0D50EO772614');
INSERT INTO Part(part_number,part_status,description,cost_of_part,quantity,purchase_order_number,VIN) VALUES ('GS-ICS0162','installed','Seat track',18.17,1,'RH3XN0D50EO772614-002','RH3XN0D50EO772614');
INSERT INTO Part(part_number,part_status,description,cost_of_part,quantity,purchase_order_number,VIN) VALUES ('GS-EAEESS0053','installed','Battery',35.5,1,'SLY1Q4WQXLP675951-001','SLY1Q4WQXLP675951');
INSERT INTO Part(part_number,part_status,description,cost_of_part,quantity,purchase_order_number,VIN) VALUES ('GS-EAEGAM0066','installed','Hydrometer',5.67,1,'SLY1Q4WQXLP675951-001','SLY1Q4WQXLP675951');
INSERT INTO Part(part_number,part_status,description,cost_of_part,quantity,purchase_order_number,VIN) VALUES ('GS-EAEAD0043','installed','Radio and media player',21.49,1,'SMZSGMQWSKI621717-003','SMZSGMQWSKI621717');
INSERT INTO Part(part_number,part_status,description,cost_of_part,quantity,purchase_order_number,VIN) VALUES ('GS-EAEM0140','installed','Fuse',27.63,1,'SMZSGMQWSKI621717-003','SMZSGMQWSKI621717');
INSERT INTO Part(part_number,part_status,description,cost_of_part,quantity,purchase_order_number,VIN) VALUES ('GS-ICS0162','installed','Seat track',40.68,1,'SMZSGMQWSKI621717-003','SMZSGMQWSKI621717');
INSERT INTO Part(part_number,part_status,description,cost_of_part,quantity,purchase_order_number,VIN) VALUES ('GS-PACBS0195','installed','Load-sensing valve',40.32,1,'SMZSGMQWSKI621717-003','SMZSGMQWSKI621717');
INSERT INTO Part(part_number,part_status,description,cost_of_part,quantity,purchase_order_number,VIN) VALUES ('GS-BAEW0036','ordered','Window motor',56.62,5,'SPE2WMY887O932788-002','SPE2WMY887O932788');
INSERT INTO Part(part_number,part_status,description,cost_of_part,quantity,purchase_order_number,VIN) VALUES ('GS-EAEM0145','received','Remote lock',105.63,3,'SPE2WMY887O932788-002','SPE2WMY887O932788');
INSERT INTO Part(part_number,part_status,description,cost_of_part,quantity,purchase_order_number,VIN) VALUES ('GS-EAES0107','ordered','Temperature sensor',81.62,1,'SPE2WMY887O932788-002','SPE2WMY887O932788');
INSERT INTO Part(part_number,part_status,description,cost_of_part,quantity,purchase_order_number,VIN) VALUES ('GS-PACBS0196','received','Master Cylinder',40.51,1,'SPE2WMY887O932788-002','SPE2WMY887O932788');
INSERT INTO Part(part_number,part_status,description,cost_of_part,quantity,purchase_order_number,VIN) VALUES ('GS-EAES0122','received','Power window switch',90.06,4,'V73RJYYHEIT850422-003','V73RJYYHEIT850422');
INSERT INTO Part(part_number,part_status,description,cost_of_part,quantity,purchase_order_number,VIN) VALUES ('GS-EAEGAM0071','installed','Tire pressure gauge',26.68,1,'VJUYVX0SHHT606044-004','VJUYVX0SHHT606044');
INSERT INTO Part(part_number,part_status,description,cost_of_part,quantity,purchase_order_number,VIN) VALUES ('GS-EAEIS0077','installed','Electronic timing controller',26.48,1,'VJUYVX0SHHT606044-004','VJUYVX0SHHT606044');
INSERT INTO Part(part_number,part_status,description,cost_of_part,quantity,purchase_order_number,VIN) VALUES ('GS-EAEM0136','installed','Cruise control computer',0.1,1,'VJUYVX0SHHT606044-004','VJUYVX0SHHT606044');
INSERT INTO Part(part_number,part_status,description,cost_of_part,quantity,purchase_order_number,VIN) VALUES ('GS-EAES0100','installed','Light sensor',2.05,1,'VJUYVX0SHHT606044-004','VJUYVX0SHHT606044');
INSERT INTO Part(part_number,part_status,description,cost_of_part,quantity,purchase_order_number,VIN) VALUES ('GS-EAECS0048','ordered','Alternator',4.61,2,'WGVK4P1UIPJ916959-001','WGVK4P1UIPJ916959');
INSERT INTO Part(part_number,part_status,description,cost_of_part,quantity,purchase_order_number,VIN) VALUES ('GS-EAEGAM0064','installed','Dynamometer',13.22,1,'WGVK4P1UIPJ916959-001','WGVK4P1UIPJ916959');
INSERT INTO Part(part_number,part_status,description,cost_of_part,quantity,purchase_order_number,VIN) VALUES ('GS-EAES0107','received','Temperature sensor',43.42,1,'WGVK4P1UIPJ916959-001','WGVK4P1UIPJ916959');
INSERT INTO Part(part_number,part_status,description,cost_of_part,quantity,purchase_order_number,VIN) VALUES ('GS-ICS0161','ordered','Seat cover',6.92,1,'WGVK4P1UIPJ916959-001','WGVK4P1UIPJ916959');
INSERT INTO Part(part_number,part_status,description,cost_of_part,quantity,purchase_order_number,VIN) VALUES ('GS-EAEGAM0065','received','Fuel gauge',41.43,1,'WWMN8RWHPDM674733-003','WWMN8RWHPDM674733');
INSERT INTO Part(part_number,part_status,description,cost_of_part,quantity,purchase_order_number,VIN) VALUES ('GS-PACBS0177','installed','Brake pump',59.55,1,'WWMN8RWHPDM674733-003','WWMN8RWHPDM674733');
INSERT INTO Part(part_number,part_status,description,cost_of_part,quantity,purchase_order_number,VIN) VALUES ('GS-EAEESS0061','installed','Voltage regulator',34.18,1,'XNUNZXGY3NC711419-002','XNUNZXGY3NC711419');
INSERT INTO Part(part_number,part_status,description,cost_of_part,quantity,purchase_order_number,VIN) VALUES ('IM-EAEAD0047','installed','Subwoofer',24.15,1,'0RTZMNEP443530450-001','0RTZMNEP443530450');
INSERT INTO Part(part_number,part_status,description,cost_of_part,quantity,purchase_order_number,VIN) VALUES ('IM-EAEESS0058','ordered','Battery control system',58.54,1,'0RTZMNEP443530450-001','0RTZMNEP443530450');
INSERT INTO Part(part_number,part_status,description,cost_of_part,quantity,purchase_order_number,VIN) VALUES ('IM-BAE0004','installed','Cowl screen',54,1,'1P2ISJXQKIW025651-001','1P2ISJXQKIW025651');
INSERT INTO Part(part_number,part_status,description,cost_of_part,quantity,purchase_order_number,VIN) VALUES ('IM-EAEM0148','installed','Speedometer calibrator',68.34,1,'1P2ISJXQKIW025651-001','1P2ISJXQKIW025651');
INSERT INTO Part(part_number,part_status,description,cost_of_part,quantity,purchase_order_number,VIN) VALUES ('IM-EAES0095','installed','Camshaft position sensor',43.67,1,'1P2ISJXQKIW025651-001','1P2ISJXQKIW025651');
INSERT INTO Part(part_number,part_status,description,cost_of_part,quantity,purchase_order_number,VIN) VALUES ('IM-EAES0126','installed','Thermostat',0.37,1,'1P2ISJXQKIW025651-001','1P2ISJXQKIW025651');
INSERT INTO Part(part_number,part_status,description,cost_of_part,quantity,purchase_order_number,VIN) VALUES ('IM-BAED0025','installed','Inner door handle',89.05,1,'2N45QQ7SMY3757149-004','2N45QQ7SMY3757149');
INSERT INTO Part(part_number,part_status,description,cost_of_part,quantity,purchase_order_number,VIN) VALUES ('IM-EAEM0149','installed','Transmission computer',41.61,2,'2N45QQ7SMY3757149-004','2N45QQ7SMY3757149');
INSERT INTO Part(part_number,part_status,description,cost_of_part,quantity,purchase_order_number,VIN) VALUES ('IM-EAES0124','installed','Switch cover',146.58,1,'2Y1UCXYY50T192604-003','2Y1UCXYY50T192604');
INSERT INTO Part(part_number,part_status,description,cost_of_part,quantity,purchase_order_number,VIN) VALUES ('IM-PACBS0187','installed','Combination valve',11.54,4,'2Y1UCXYY50T192604-003','2Y1UCXYY50T192604');
INSERT INTO Part(part_number,part_status,description,cost_of_part,quantity,purchase_order_number,VIN) VALUES ('IM-EAELASS0092','installed','Tail light cover',39.52,1,'2Y1UCXYY50T192604-004','2Y1UCXYY50T192604');
INSERT INTO Part(part_number,part_status,description,cost_of_part,quantity,purchase_order_number,VIN) VALUES ('IM-EAES0105','installed','Rain sensor',151.13,4,'2Y1UCXYY50T192604-004','2Y1UCXYY50T192604');
INSERT INTO Part(part_number,part_status,description,cost_of_part,quantity,purchase_order_number,VIN) VALUES ('IM-EAES0109','installed','ABS brack sensor',45.48,1,'2Y1UCXYY50T192604-004','2Y1UCXYY50T192604');
INSERT INTO Part(part_number,part_status,description,cost_of_part,quantity,purchase_order_number,VIN) VALUES ('IM-EAEWH0128','installed','Air conditioning harness',50.29,1,'2YHAF0V8512939431-002','2YHAF0V8512939431');
INSERT INTO Part(part_number,part_status,description,cost_of_part,quantity,purchase_order_number,VIN) VALUES ('IM-BAE0011','installed','Pillar and hard trim',20.71,1,'4RJT1NOLXUG037441-004','4RJT1NOLXUG037441');
INSERT INTO Part(part_number,part_status,description,cost_of_part,quantity,purchase_order_number,VIN) VALUES ('IM-EAEWH0130','installed','Interior harness',18.45,1,'4RJT1NOLXUG037441-004','4RJT1NOLXUG037441');
INSERT INTO Part(part_number,part_status,description,cost_of_part,quantity,purchase_order_number,VIN) VALUES ('IM-ICS0153','installed','Armrest',24.98,1,'4RJT1NOLXUG037441-004','4RJT1NOLXUG037441');
INSERT INTO Part(part_number,part_status,description,cost_of_part,quantity,purchase_order_number,VIN) VALUES ('IM-ICS0156','installed','Children and baby car seat',8.28,1,'4RJT1NOLXUG037441-004','4RJT1NOLXUG037441');
INSERT INTO Part(part_number,part_status,description,cost_of_part,quantity,purchase_order_number,VIN) VALUES ('IM-EAEGAM0068','installed','Speedometer',24.81,1,'5L5RPVESTIA976918-001','5L5RPVESTIA976918');
INSERT INTO Part(part_number,part_status,description,cost_of_part,quantity,purchase_order_number,VIN) VALUES ('IM-BAED0024','installed','Outer door handle',12.33,1,'5L5RPVESTIA976918-002','5L5RPVESTIA976918');
INSERT INTO Part(part_number,part_status,description,cost_of_part,quantity,purchase_order_number,VIN) VALUES ('IM-EAES0104','ordered','Pressure sensor',20.34,1,'5L5RPVESTIA976918-002','5L5RPVESTIA976918');
INSERT INTO Part(part_number,part_status,description,cost_of_part,quantity,purchase_order_number,VIN) VALUES ('IM-PACBS0189','ordered','Hold-down springs',29.64,1,'5L5RPVESTIA976918-002','5L5RPVESTIA976918');
INSERT INTO Part(part_number,part_status,description,cost_of_part,quantity,purchase_order_number,VIN) VALUES ('IM-BAE0006','installed','Fascia rear and support',36.97,1,'6WRD8C6784B120048-002','6WRD8C6784B120048');
INSERT INTO Part(part_number,part_status,description,cost_of_part,quantity,purchase_order_number,VIN) VALUES ('IM-BAE0014','installed','Rocker panel',7.1,1,'6WRD8C6784B120048-002','6WRD8C6784B120048');
INSERT INTO Part(part_number,part_status,description,cost_of_part,quantity,purchase_order_number,VIN) VALUES ('IM-EAEWH0129','installed','Engine compartment harness',32.31,1,'6WRD8C6784B120048-002','6WRD8C6784B120048');
INSERT INTO Part(part_number,part_status,description,cost_of_part,quantity,purchase_order_number,VIN) VALUES ('IM-PACBS0178','installed','Brake roll',33.27,1,'6WRD8C6784B120048-002','6WRD8C6784B120048');
INSERT INTO Part(part_number,part_status,description,cost_of_part,quantity,purchase_order_number,VIN) VALUES ('IM-EAEM0134','received','Central locking system',26,1,'72OI8SLM4HN113041-001','72OI8SLM4HN113041');
INSERT INTO Part(part_number,part_status,description,cost_of_part,quantity,purchase_order_number,VIN) VALUES ('IM-EAEM0145','installed','Remote lock',22.77,1,'72OI8SLM4HN113041-001','72OI8SLM4HN113041');
INSERT INTO Part(part_number,part_status,description,cost_of_part,quantity,purchase_order_number,VIN) VALUES ('IM-PACBS0198','installed','Other braking system parts',33.39,1,'72OI8SLM4HN113041-001','72OI8SLM4HN113041');
INSERT INTO Part(part_number,part_status,description,cost_of_part,quantity,purchase_order_number,VIN) VALUES ('IM-BAE0021','installed','Valance',22.33,1,'A1GTY6T551Q455502-002','A1GTY6T551Q455502');
INSERT INTO Part(part_number,part_status,description,cost_of_part,quantity,purchase_order_number,VIN) VALUES ('IM-EAEIS0080','installed','Ignition coil parts',46.61,2,'A1GTY6T551Q455502-002','A1GTY6T551Q455502');
INSERT INTO Part(part_number,part_status,description,cost_of_part,quantity,purchase_order_number,VIN) VALUES ('IM-PACBS0181','installed','Brake shoe',47.99,1,'A1GTY6T551Q455502-002','A1GTY6T551Q455502');
INSERT INTO Part(part_number,part_status,description,cost_of_part,quantity,purchase_order_number,VIN) VALUES ('IM-PACBS0185','installed','Calibrated friction brake',47.26,2,'A1GTY6T551Q455502-002','A1GTY6T551Q455502');
INSERT INTO Part(part_number,part_status,description,cost_of_part,quantity,purchase_order_number,VIN) VALUES ('IM-BAED0031','installed','Lock',99.69,1,'DABGHKVUB2D696619-001','DABGHKVUB2D696619');
INSERT INTO Part(part_number,part_status,description,cost_of_part,quantity,purchase_order_number,VIN) VALUES ('IM-10141','installed','Fuse Box: The Alternative Tribute',58.77,1,'DBF5M62ODXK242204-003','DBF5M62ODXK242204');
INSERT INTO Part(part_number,part_status,description,cost_of_part,quantity,purchase_order_number,VIN) VALUES ('IM-EAEGAM0063','installed','Clinometer',82.4,1,'DBF5M62ODXK242204-003','DBF5M62ODXK242204');
INSERT INTO Part(part_number,part_status,description,cost_of_part,quantity,purchase_order_number,VIN) VALUES ('IM-EAEIS0080','installed','Ignition coil parts',49.06,3,'DBF5M62ODXK242204-003','DBF5M62ODXK242204');
INSERT INTO Part(part_number,part_status,description,cost_of_part,quantity,purchase_order_number,VIN) VALUES ('IM-EAEM0148','installed','Speedometer calibrator',114.8,1,'DBF5M62ODXK242204-003','DBF5M62ODXK242204');
INSERT INTO Part(part_number,part_status,description,cost_of_part,quantity,purchase_order_number,VIN) VALUES ('IM-EAEGAM0065','installed','Fuel gauge',38.09,1,'EJET1HMTOKB682315-002','EJET1HMTOKB682315');
INSERT INTO Part(part_number,part_status,description,cost_of_part,quantity,purchase_order_number,VIN) VALUES ('IM-EAEGAM0068','ordered','Speedometer',11.79,1,'EJET1HMTOKB682315-002','EJET1HMTOKB682315');
INSERT INTO Part(part_number,part_status,description,cost_of_part,quantity,purchase_order_number,VIN) VALUES ('IM-EAEIS0078','installed','Ignition box',7.25,1,'EJET1HMTOKB682315-002','EJET1HMTOKB682315');
INSERT INTO Part(part_number,part_status,description,cost_of_part,quantity,purchase_order_number,VIN) VALUES ('IM-BAE0022','installed','Welded assembly',94.73,1,'HGHHV1IWCUX780355-004','HGHHV1IWCUX780355');
INSERT INTO Part(part_number,part_status,description,cost_of_part,quantity,purchase_order_number,VIN) VALUES ('IM-EAEESS0060','installed','Battery tray',56.09,1,'HGHHV1IWCUX780355-004','HGHHV1IWCUX780355');
INSERT INTO Part(part_number,part_status,description,cost_of_part,quantity,purchase_order_number,VIN) VALUES ('IM-PACBS0194','installed','Hydraulic booster unit',112.5,4,'HGHHV1IWCUX780355-004','HGHHV1IWCUX780355');
INSERT INTO Part(part_number,part_status,description,cost_of_part,quantity,purchase_order_number,VIN) VALUES ('IM-BAE0008','installed','Front clip',34.09,1,'IQ73NEIBJNB403342-005','IQ73NEIBJNB403342');
INSERT INTO Part(part_number,part_status,description,cost_of_part,quantity,purchase_order_number,VIN) VALUES ('IM-EAEESS0054','installed','Performance battery',72.44,1,'L712UQJXM4L524142-001','L712UQJXM4L524142');
INSERT INTO Part(part_number,part_status,description,cost_of_part,quantity,purchase_order_number,VIN) VALUES ('IM-BAE0017','installed','Front spoiler',34.4,1,'ME064DUO8S0025936-002','ME064DUO8S0025936');
INSERT INTO Part(part_number,part_status,description,cost_of_part,quantity,purchase_order_number,VIN) VALUES ('IM-EAELASS0086','ordered','Headlight',22.52,2,'ME064DUO8S0025936-002','ME064DUO8S0025936');
INSERT INTO Part(part_number,part_status,description,cost_of_part,quantity,purchase_order_number,VIN) VALUES ('IM-EAES0097','received','Engine sensor',36.76,2,'MTBE6DK55IO892347-003','MTBE6DK55IO892347');
INSERT INTO Part(part_number,part_status,description,cost_of_part,quantity,purchase_order_number,VIN) VALUES ('IM-BAED0031','installed','Lock',163.95,5,'OMJKHKQNFKJ761643-002','OMJKHKQNFKJ761643');
INSERT INTO Part(part_number,part_status,description,cost_of_part,quantity,purchase_order_number,VIN) VALUES ('IM-EAEM0134','installed','Central locking system',4.31,2,'SAN8CKZV8O6386790-004','SAN8CKZV8O6386790');
INSERT INTO Part(part_number,part_status,description,cost_of_part,quantity,purchase_order_number,VIN) VALUES ('IM-PACBS0186','installed','Caliper',28.61,1,'SAN8CKZV8O6386790-004','SAN8CKZV8O6386790');
INSERT INTO Part(part_number,part_status,description,cost_of_part,quantity,purchase_order_number,VIN) VALUES ('IM-EAEESS0059','installed','Battery plate',8.95,1,'TRB4XOLO3Y2181257-001','TRB4XOLO3Y2181257');
INSERT INTO Part(part_number,part_status,description,cost_of_part,quantity,purchase_order_number,VIN) VALUES ('IM-EAELASS0091','installed','Tail light',11.11,1,'U4DAG21M25I154677-001','U4DAG21M25I154677');
INSERT INTO Part(part_number,part_status,description,cost_of_part,quantity,purchase_order_number,VIN) VALUES ('IM-PACBS0198','installed','Other braking system parts',74.46,4,'U6AKQW00N22614671-004','U6AKQW00N22614671');
INSERT INTO Part(part_number,part_status,description,cost_of_part,quantity,purchase_order_number,VIN) VALUES ('IM-BAE0008','installed','Front clip',78.06,2,'UYQXFHB268D227085-001','UYQXFHB268D227085');
INSERT INTO Part(part_number,part_status,description,cost_of_part,quantity,purchase_order_number,VIN) VALUES ('IM-BAED0029','installed','Hinge',28.53,1,'UYQXFHB268D227085-002','UYQXFHB268D227085');
INSERT INTO Part(part_number,part_status,description,cost_of_part,quantity,purchase_order_number,VIN) VALUES ('IM-EAEM0137','installed','Door contact',33.78,1,'VWWOX3PM6QD757820-004','VWWOX3PM6QD757820');
INSERT INTO Part(part_number,part_status,description,cost_of_part,quantity,purchase_order_number,VIN) VALUES ('IM-EAEWH0129','installed','Engine compartment harness',7.47,1,'VWWOX3PM6QD757820-004','VWWOX3PM6QD757820');
INSERT INTO Part(part_number,part_status,description,cost_of_part,quantity,purchase_order_number,VIN) VALUES ('IM-IFCAP0151','installed','Carpet and other floor material',33.31,1,'VWWOX3PM6QD757820-004','VWWOX3PM6QD757820');
INSERT INTO Part(part_number,part_status,description,cost_of_part,quantity,purchase_order_number,VIN) VALUES ('IM-EAES0104','received','Pressure sensor',4.72,1,'W1R2THVZD6L234135-002','W1R2THVZD6L234135');
INSERT INTO Part(part_number,part_status,description,cost_of_part,quantity,purchase_order_number,VIN) VALUES ('IM-EAELASS0086','ordered','Headlight',62.86,1,'XPBUWRX56F6412345-002','XPBUWRX56F6412345');
INSERT INTO Part(part_number,part_status,description,cost_of_part,quantity,purchase_order_number,VIN) VALUES ('IM-EAEM0142','installed','Performance chip',24.47,1,'XPBUWRX56F6412345-002','XPBUWRX56F6412345');
INSERT INTO Part(part_number,part_status,description,cost_of_part,quantity,purchase_order_number,VIN) VALUES ('IM-PACBS0163','received','Anti-lock braking system',36.43,3,'XPBUWRX56F6412345-002','XPBUWRX56F6412345');
INSERT INTO Part(part_number,part_status,description,cost_of_part,quantity,purchase_order_number,VIN) VALUES ('IM-PACBS0196','ordered','Master Cylinder',35.01,1,'XPBUWRX56F6412345-002','XPBUWRX56F6412345');
INSERT INTO Part(part_number,part_status,description,cost_of_part,quantity,purchase_order_number,VIN) VALUES ('IM-BAE0015','installed','Roof Rack',79.25,1,'Y0E0QLEFDDC702405-001','Y0E0QLEFDDC702405');
INSERT INTO Part(part_number,part_status,description,cost_of_part,quantity,purchase_order_number,VIN) VALUES ('IM-EAES0094','installed','Anti-pinch sensor',93.68,1,'Y0E0QLEFDDC702405-001','Y0E0QLEFDDC702405');
INSERT INTO Part(part_number,part_status,description,cost_of_part,quantity,purchase_order_number,VIN) VALUES ('IM-ICS0159','installed','Seat Belt',32.43,3,'Y0E0QLEFDDC702405-001','Y0E0QLEFDDC702405');
INSERT INTO Part(part_number,part_status,description,cost_of_part,quantity,purchase_order_number,VIN) VALUES ('JN-BAE0019','installed','Trim package',36.62,1,'15WH5TNL8GD986516-002','15WH5TNL8GD986516');
INSERT INTO Part(part_number,part_status,description,cost_of_part,quantity,purchase_order_number,VIN) VALUES ('JN-EAEGAM0072','received','Vacuum gauge',14.03,1,'1HHB3PGRMMK153438-001','1HHB3PGRMMK153438');
INSERT INTO Part(part_number,part_status,description,cost_of_part,quantity,purchase_order_number,VIN) VALUES ('JN-EAELASS0084','received','Fog Light',18.46,1,'1HHB3PGRMMK153438-001','1HHB3PGRMMK153438');
INSERT INTO Part(part_number,part_status,description,cost_of_part,quantity,purchase_order_number,VIN) VALUES ('JN-EAEM0140','installed','Fuse',18.7,1,'1M1GEHMECS1730055-001','1M1GEHMECS1730055');
INSERT INTO Part(part_number,part_status,description,cost_of_part,quantity,purchase_order_number,VIN) VALUES ('JN-PACBS0190','installed','Hose',43.3,1,'2DHOH4P4672123749-002','2DHOH4P4672123749');
INSERT INTO Part(part_number,part_status,description,cost_of_part,quantity,purchase_order_number,VIN) VALUES ('JN-BAED0025','ordered','Inner door handle',66.86,1,'2LUXDFJTYZA796766-001','2LUXDFJTYZA796766');
INSERT INTO Part(part_number,part_status,description,cost_of_part,quantity,purchase_order_number,VIN) VALUES ('JN-BAEW0035','installed','Sunroof motor',99.14,1,'2LUXDFJTYZA796766-001','2LUXDFJTYZA796766');
INSERT INTO Part(part_number,part_status,description,cost_of_part,quantity,purchase_order_number,VIN) VALUES ('JN-PACBS0172','received','Brake drum',22.82,1,'2LUXDFJTYZA796766-001','2LUXDFJTYZA796766');
INSERT INTO Part(part_number,part_status,description,cost_of_part,quantity,purchase_order_number,VIN) VALUES ('JN-10141','received','Fuse Box: The Alternative Tribute',3.91,1,'30YUJXKGY7I314746-001','30YUJXKGY7I314746');
INSERT INTO Part(part_number,part_status,description,cost_of_part,quantity,purchase_order_number,VIN) VALUES ('JN-BAED0027','installed','Door seal',18.58,1,'3464CBUBJ3G311266-001','3464CBUBJ3G311266');
INSERT INTO Part(part_number,part_status,description,cost_of_part,quantity,purchase_order_number,VIN) VALUES ('JN-EAELASS0090','installed','Side lighting',41.53,2,'3464CBUBJ3G311266-001','3464CBUBJ3G311266');
INSERT INTO Part(part_number,part_status,description,cost_of_part,quantity,purchase_order_number,VIN) VALUES ('JN-ICS0160','installed','Seat bracket',14.49,1,'3464CBUBJ3G311266-001','3464CBUBJ3G311266');
INSERT INTO Part(part_number,part_status,description,cost_of_part,quantity,purchase_order_number,VIN) VALUES ('JN-EAEIS0078','installed','Ignition box',7.59,1,'4BW4C1KL6TZ577336-001','4BW4C1KL6TZ577336');
INSERT INTO Part(part_number,part_status,description,cost_of_part,quantity,purchase_order_number,VIN) VALUES ('JN-EAEIS0079','installed','Ignition Coil',79.39,2,'4BW4C1KL6TZ577336-001','4BW4C1KL6TZ577336');
INSERT INTO Part(part_number,part_status,description,cost_of_part,quantity,purchase_order_number,VIN) VALUES ('JN-BAE0009','installed','Front fascia and header panel',64.14,1,'8VGJ74SC8UK076966-002','8VGJ74SC8UK076966');
INSERT INTO Part(part_number,part_status,description,cost_of_part,quantity,purchase_order_number,VIN) VALUES ('JN-EAEESS0053','installed','Battery',88.12,1,'8VGJ74SC8UK076966-002','8VGJ74SC8UK076966');
INSERT INTO Part(part_number,part_status,description,cost_of_part,quantity,purchase_order_number,VIN) VALUES ('JN-EAEM0147','installed','Speed controller',29.78,2,'8VGJ74SC8UK076966-002','8VGJ74SC8UK076966');
INSERT INTO Part(part_number,part_status,description,cost_of_part,quantity,purchase_order_number,VIN) VALUES ('JN-EAES0100','installed','Light sensor',16.67,1,'8VGJ74SC8UK076966-002','8VGJ74SC8UK076966');
INSERT INTO Part(part_number,part_status,description,cost_of_part,quantity,purchase_order_number,VIN) VALUES ('JN-EAEGAM0066','installed','Hydrometer',2.66,1,'EZ144Z2QAJC644839-002','EZ144Z2QAJC644839');
INSERT INTO Part(part_number,part_status,description,cost_of_part,quantity,purchase_order_number,VIN) VALUES ('JN-EAEESS0061','installed','Voltage regulator',1.8,1,'EZ308PJB831681306-001','EZ308PJB831681306');
INSERT INTO Part(part_number,part_status,description,cost_of_part,quantity,purchase_order_number,VIN) VALUES ('JN-PACBS0177','received','Brake pump',58.11,1,'EZ308PJB831681306-001','EZ308PJB831681306');
INSERT INTO Part(part_number,part_status,description,cost_of_part,quantity,purchase_order_number,VIN) VALUES ('JN-BAED0031','ordered','Lock',0.25,2,'FA7LJ664E04088299-002','FA7LJ664E04088299');
INSERT INTO Part(part_number,part_status,description,cost_of_part,quantity,purchase_order_number,VIN) VALUES ('JN-EAEGAM0063','ordered','Clinometer',11.9,3,'FA7LJ664E04088299-002','FA7LJ664E04088299');
INSERT INTO Part(part_number,part_status,description,cost_of_part,quantity,purchase_order_number,VIN) VALUES ('JN-EAES0122','ordered','Power window switch',8.73,1,'FA7LJ664E04088299-002','FA7LJ664E04088299');
INSERT INTO Part(part_number,part_status,description,cost_of_part,quantity,purchase_order_number,VIN) VALUES ('JN-EAEAD0041','installed','Antenna assembly',14.52,1,'FLACGVUE5FI388538-003','FLACGVUE5FI388538');
INSERT INTO Part(part_number,part_status,description,cost_of_part,quantity,purchase_order_number,VIN) VALUES ('JN-EAELASS0089','installed','License plate lamp',22.19,1,'FLACGVUE5FI388538-003','FLACGVUE5FI388538');
INSERT INTO Part(part_number,part_status,description,cost_of_part,quantity,purchase_order_number,VIN) VALUES ('JN-PACBS0197','installed','Metering valve',14.72,2,'FLACGVUE5FI388538-003','FLACGVUE5FI388538');
INSERT INTO Part(part_number,part_status,description,cost_of_part,quantity,purchase_order_number,VIN) VALUES ('JN-EAEGAM0072','installed','Vacuum gauge',46.16,1,'FPJBMT3OOG8061158-005','FPJBMT3OOG8061158');
INSERT INTO Part(part_number,part_status,description,cost_of_part,quantity,purchase_order_number,VIN) VALUES ('JN-BAED0030','installed','Door and bonnet',118.25,4,'GTTYZXB3YJG754847-002','GTTYZXB3YJG754847');
INSERT INTO Part(part_number,part_status,description,cost_of_part,quantity,purchase_order_number,VIN) VALUES ('JN-EAECS0049','installed','Alternator bearing',36.99,1,'GTTYZXB3YJG754847-002','GTTYZXB3YJG754847');
INSERT INTO Part(part_number,part_status,description,cost_of_part,quantity,purchase_order_number,VIN) VALUES ('JN-EAES0126','installed','Thermostat',29.76,1,'GTTYZXB3YJG754847-002','GTTYZXB3YJG754847');
INSERT INTO Part(part_number,part_status,description,cost_of_part,quantity,purchase_order_number,VIN) VALUES ('JN-ICS0162','installed','Seat track',117.45,1,'GTTYZXB3YJG754847-002','GTTYZXB3YJG754847');
INSERT INTO Part(part_number,part_status,description,cost_of_part,quantity,purchase_order_number,VIN) VALUES ('JN-BAE0005','ordered','Decklid',37.27,4,'GZ81MW85M47387080-001','GZ81MW85M47387080');
INSERT INTO Part(part_number,part_status,description,cost_of_part,quantity,purchase_order_number,VIN) VALUES ('JN-EAEM0150','ordered','Wiring connector',47.84,2,'GZ81MW85M47387080-001','GZ81MW85M47387080');
INSERT INTO Part(part_number,part_status,description,cost_of_part,quantity,purchase_order_number,VIN) VALUES ('JN-BAE0000','received','Bonnet/hood',59.97,1,'M4E2PBWXZFJ700371-001','M4E2PBWXZFJ700371');
INSERT INTO Part(part_number,part_status,description,cost_of_part,quantity,purchase_order_number,VIN) VALUES ('JN-BAE0007','installed','Fender Musical Instruments Corporation',145.9,1,'M4E2PBWXZFJ700371-001','M4E2PBWXZFJ700371');
INSERT INTO Part(part_number,part_status,description,cost_of_part,quantity,purchase_order_number,VIN) VALUES ('JN-EAES0107','ordered','Temperature sensor',97.33,1,'M4E2PBWXZFJ700371-001','M4E2PBWXZFJ700371');
INSERT INTO Part(part_number,part_status,description,cost_of_part,quantity,purchase_order_number,VIN) VALUES ('JN-EAES0111','received','MAP sensor',12.94,1,'M4E2PBWXZFJ700371-001','M4E2PBWXZFJ700371');
INSERT INTO Part(part_number,part_status,description,cost_of_part,quantity,purchase_order_number,VIN) VALUES ('JN-PACBS0192','installed','Air brake nylon hose',69,1,'MAO8BQ1NDT7049472-002','MAO8BQ1NDT7049472');
INSERT INTO Part(part_number,part_status,description,cost_of_part,quantity,purchase_order_number,VIN) VALUES ('JN-BAEW0039','installed','Windshield washer motor',47.73,1,'MAO8BQ1NDT7049472-003','MAO8BQ1NDT7049472');
INSERT INTO Part(part_number,part_status,description,cost_of_part,quantity,purchase_order_number,VIN) VALUES ('JN-PACBS0177','installed','Brake pump',20.24,2,'MAO8BQ1NDT7049472-003','MAO8BQ1NDT7049472');
INSERT INTO Part(part_number,part_status,description,cost_of_part,quantity,purchase_order_number,VIN) VALUES ('JN-PACBS0198','installed','Other braking system parts',105.41,4,'MAO8BQ1NDT7049472-003','MAO8BQ1NDT7049472');
INSERT INTO Part(part_number,part_status,description,cost_of_part,quantity,purchase_order_number,VIN) VALUES ('JN-BAE0011','installed','Pillar and hard trim',16.16,1,'MRHV8EI5ETH324409-001','MRHV8EI5ETH324409');
INSERT INTO Part(part_number,part_status,description,cost_of_part,quantity,purchase_order_number,VIN) VALUES ('JN-EAEIS0081','installed','Ignition controller',5.78,1,'MRHV8EI5ETH324409-001','MRHV8EI5ETH324409');
INSERT INTO Part(part_number,part_status,description,cost_of_part,quantity,purchase_order_number,VIN) VALUES ('JN-PACBS0175','installed','Brake pedal',45.58,2,'MRHV8EI5ETH324409-001','MRHV8EI5ETH324409');
INSERT INTO Part(part_number,part_status,description,cost_of_part,quantity,purchase_order_number,VIN) VALUES ('JN-EAECS0049','installed','Alternator bearing',48.72,1,'R3Q6NWXL5OK028859-001','R3Q6NWXL5OK028859');
INSERT INTO Part(part_number,part_status,description,cost_of_part,quantity,purchase_order_number,VIN) VALUES ('JN-EAES0107','installed','Temperature sensor',49.44,1,'R3Q6NWXL5OK028859-001','R3Q6NWXL5OK028859');
INSERT INTO Part(part_number,part_status,description,cost_of_part,quantity,purchase_order_number,VIN) VALUES ('JN-EAESS0119','installed','Spark Plug',9.68,1,'R3Q6NWXL5OK028859-001','R3Q6NWXL5OK028859');
INSERT INTO Part(part_number,part_status,description,cost_of_part,quantity,purchase_order_number,VIN) VALUES ('JN-PACBS0170','installed','Brake cooling duct',6.82,1,'R3Q6NWXL5OK028859-001','R3Q6NWXL5OK028859');
INSERT INTO Part(part_number,part_status,description,cost_of_part,quantity,purchase_order_number,VIN) VALUES ('JN-EAES0113','received','Oil level sensor',41,4,'RP3I3QO2BYF582498-001','RP3I3QO2BYF582498');
INSERT INTO Part(part_number,part_status,description,cost_of_part,quantity,purchase_order_number,VIN) VALUES ('JN-EAES0124','ordered','Switch cover',16.26,3,'RP3I3QO2BYF582498-001','RP3I3QO2BYF582498');
INSERT INTO Part(part_number,part_status,description,cost_of_part,quantity,purchase_order_number,VIN) VALUES ('JN-PACBS0180','received','Brake servo',30.79,1,'RP3I3QO2BYF582498-001','RP3I3QO2BYF582498');
INSERT INTO Part(part_number,part_status,description,cost_of_part,quantity,purchase_order_number,VIN) VALUES ('JN-PACBS0194','ordered','Hydraulic booster unit',76.37,1,'RP3I3QO2BYF582498-001','RP3I3QO2BYF582498');
INSERT INTO Part(part_number,part_status,description,cost_of_part,quantity,purchase_order_number,VIN) VALUES ('JN-EAES0099','installed','Knock sensor',20.74,1,'SSSGFBFNIOE995675-002','SSSGFBFNIOE995675');
INSERT INTO Part(part_number,part_status,description,cost_of_part,quantity,purchase_order_number,VIN) VALUES ('JN-PACBS0175','installed','Brake pedal',4.04,1,'SSSGFBFNIOE995675-002','SSSGFBFNIOE995675');
INSERT INTO Part(part_number,part_status,description,cost_of_part,quantity,purchase_order_number,VIN) VALUES ('JN-EAECS0050','installed','Alternator bracket',95.09,1,'U6AKQW00N22614671-003','U6AKQW00N22614671');
INSERT INTO Part(part_number,part_status,description,cost_of_part,quantity,purchase_order_number,VIN) VALUES ('JN-EAELASS0083','installed','Engine bay lighting',136.91,1,'U6AKQW00N22614671-003','U6AKQW00N22614671');
INSERT INTO Part(part_number,part_status,description,cost_of_part,quantity,purchase_order_number,VIN) VALUES ('JN-EAELASS0089','installed','License plate lamp',64.49,1,'U6AKQW00N22614671-003','U6AKQW00N22614671');
INSERT INTO Part(part_number,part_status,description,cost_of_part,quantity,purchase_order_number,VIN) VALUES ('JN-EAES0100','ordered','Light sensor',33.25,1,'UVK0K4YAN4D361432-002','UVK0K4YAN4D361432');
INSERT INTO Part(part_number,part_status,description,cost_of_part,quantity,purchase_order_number,VIN) VALUES ('JN-PACBS0166','received','Anchor',56.17,1,'UVK0K4YAN4D361432-002','UVK0K4YAN4D361432');
INSERT INTO Part(part_number,part_status,description,cost_of_part,quantity,purchase_order_number,VIN) VALUES ('JN-PACBS0180','ordered','Brake servo',147.65,1,'UVK0K4YAN4D361432-002','UVK0K4YAN4D361432');
INSERT INTO Part(part_number,part_status,description,cost_of_part,quantity,purchase_order_number,VIN) VALUES ('JN-EAEESS0056','ordered','Battery cable terminal',55.41,1,'XPBUWRX56F6412345-003','XPBUWRX56F6412345');
INSERT INTO Part(part_number,part_status,description,cost_of_part,quantity,purchase_order_number,VIN) VALUES ('JN-EAELASS0085','installed','Halogen',51.49,2,'XPBUWRX56F6412345-003','XPBUWRX56F6412345');
INSERT INTO Part(part_number,part_status,description,cost_of_part,quantity,purchase_order_number,VIN) VALUES ('JN-EAEM0138','ordered','Engine computer and management system',52.22,1,'XPBUWRX56F6412345-003','XPBUWRX56F6412345');
INSERT INTO Part(part_number,part_status,description,cost_of_part,quantity,purchase_order_number,VIN) VALUES ('JN-BAE0002','installed','Unexposed bumper',137.26,1,'YFV4PPW4SW8405660-002','YFV4PPW4SW8405660');
INSERT INTO Part(part_number,part_status,description,cost_of_part,quantity,purchase_order_number,VIN) VALUES ('JN-EAEGAM0069','installed','Tachometer',67.08,1,'YFV4PPW4SW8405660-002','YFV4PPW4SW8405660');
INSERT INTO Part(part_number,part_status,description,cost_of_part,quantity,purchase_order_number,VIN) VALUES ('JN-PACBS0185','installed','Calibrated friction brake',35.74,2,'YFV4PPW4SW8405660-002','YFV4PPW4SW8405660');
INSERT INTO Part(part_number,part_status,description,cost_of_part,quantity,purchase_order_number,VIN) VALUES ('JN-EAEGAM0073','installed','Voltmeter',6.55,1,'Z1QCG3DRQAX515930-004','Z1QCG3DRQAX515930');
INSERT INTO Part(part_number,part_status,description,cost_of_part,quantity,purchase_order_number,VIN) VALUES ('JN-EAEM0140','installed','Fuse',7.94,1,'Z1QCG3DRQAX515930-004','Z1QCG3DRQAX515930');
INSERT INTO Part(part_number,part_status,description,cost_of_part,quantity,purchase_order_number,VIN) VALUES ('JN-EAEWH0128','installed','Air conditioning harness',52.68,1,'Z1QCG3DRQAX515930-004','Z1QCG3DRQAX515930');
INSERT INTO Part(part_number,part_status,description,cost_of_part,quantity,purchase_order_number,VIN) VALUES ('JN-EAEAD0041','installed','Antenna assembly',83.76,1,'ZMVRJH6HGUZ703892-001','ZMVRJH6HGUZ703892');
INSERT INTO Part(part_number,part_status,description,cost_of_part,quantity,purchase_order_number,VIN) VALUES ('JN-EAELASS0087','installed','Headlight motor',87.44,1,'ZMVRJH6HGUZ703892-001','ZMVRJH6HGUZ703892');
INSERT INTO Part(part_number,part_status,description,cost_of_part,quantity,purchase_order_number,VIN) VALUES ('JN-BAE0010','installed','Grille',49.89,1,'ZMVRJH6HGUZ703892-002','ZMVRJH6HGUZ703892');
INSERT INTO Part(part_number,part_status,description,cost_of_part,quantity,purchase_order_number,VIN) VALUES ('JN-BAEW0038','installed','Windshield',48.16,1,'ZMVRJH6HGUZ703892-002','ZMVRJH6HGUZ703892');
INSERT INTO Part(part_number,part_status,description,cost_of_part,quantity,purchase_order_number,VIN) VALUES ('JN-ICS0161','installed','Seat cover',79.33,1,'ZMVRJH6HGUZ703892-002','ZMVRJH6HGUZ703892');
INSERT INTO Part(part_number,part_status,description,cost_of_part,quantity,purchase_order_number,VIN) VALUES ('JN-BAED0027','installed','Door seal',4.36,1,'ZPSM0A6MZXM357384-001','ZPSM0A6MZXM357384');
INSERT INTO Part(part_number,part_status,description,cost_of_part,quantity,purchase_order_number,VIN) VALUES ('JN-EAEIS0075','installed','Coil wire',13.51,2,'ZPSM0A6MZXM357384-001','ZPSM0A6MZXM357384');
INSERT INTO Part(part_number,part_status,description,cost_of_part,quantity,purchase_order_number,VIN) VALUES ('JN-ICS0158','installed','Headrest',25.29,1,'ZPSM0A6MZXM357384-001','ZPSM0A6MZXM357384');
INSERT INTO Part(part_number,part_status,description,cost_of_part,quantity,purchase_order_number,VIN) VALUES ('KX-EAEIS0081','installed','Ignition controller',57.19,1,'036EG6XGHFJ822528-003','036EG6XGHFJ822528');
INSERT INTO Part(part_number,part_status,description,cost_of_part,quantity,purchase_order_number,VIN) VALUES ('KX-EAES0126','installed','Thermostat',247.49,1,'0O56VQ0TP1C342110-001','0O56VQ0TP1C342110');
INSERT INTO Part(part_number,part_status,description,cost_of_part,quantity,purchase_order_number,VIN) VALUES ('KX-ICS0153','installed','Armrest',68.11,2,'2MSC0A8PW8U686208-001','2MSC0A8PW8U686208');
INSERT INTO Part(part_number,part_status,description,cost_of_part,quantity,purchase_order_number,VIN) VALUES ('KX-PACBS0172','received','Brake drum',103.29,1,'2MSC0A8PW8U686208-001','2MSC0A8PW8U686208');
INSERT INTO Part(part_number,part_status,description,cost_of_part,quantity,purchase_order_number,VIN) VALUES ('KX-BAE0002','installed','Unexposed bumper',22.02,1,'3NED8CVSG6V494138-002','3NED8CVSG6V494138');
INSERT INTO Part(part_number,part_status,description,cost_of_part,quantity,purchase_order_number,VIN) VALUES ('KX-EAEIS0075','installed','Coil wire',22.22,2,'3NED8CVSG6V494138-002','3NED8CVSG6V494138');
INSERT INTO Part(part_number,part_status,description,cost_of_part,quantity,purchase_order_number,VIN) VALUES ('KX-PACBS0171','installed','Brake disc',74.65,1,'3NED8CVSG6V494138-002','3NED8CVSG6V494138');
INSERT INTO Part(part_number,part_status,description,cost_of_part,quantity,purchase_order_number,VIN) VALUES ('KX-EAEAD0043','installed','Radio and media player',97.87,1,'8LPZZLYHF77014597-001','8LPZZLYHF77014597');
INSERT INTO Part(part_number,part_status,description,cost_of_part,quantity,purchase_order_number,VIN) VALUES ('KX-EAECS0052','installed','Other alternator parts',4.16,1,'8LPZZLYHF77014597-001','8LPZZLYHF77014597');
INSERT INTO Part(part_number,part_status,description,cost_of_part,quantity,purchase_order_number,VIN) VALUES ('KX-PACBS0175','installed','Brake pedal',95.07,2,'8LPZZLYHF77014597-001','8LPZZLYHF77014597');
INSERT INTO Part(part_number,part_status,description,cost_of_part,quantity,purchase_order_number,VIN) VALUES ('KX-EAEESS0061','installed','Voltage regulator',69.82,1,'8UU0VC3VENC905922-003','8UU0VC3VENC905922');
INSERT INTO Part(part_number,part_status,description,cost_of_part,quantity,purchase_order_number,VIN) VALUES ('KX-BAEW0036','installed','Window motor',75.52,2,'B5Q25XY368S364688-001','B5Q25XY368S364688');
INSERT INTO Part(part_number,part_status,description,cost_of_part,quantity,purchase_order_number,VIN) VALUES ('KX-EAEIS0079','installed','Ignition Coil',1.06,1,'B5Q25XY368S364688-001','B5Q25XY368S364688');
INSERT INTO Part(part_number,part_status,description,cost_of_part,quantity,purchase_order_number,VIN) VALUES ('KX-EAELASS0088','installed','Interior light and lamp',22.69,4,'B5Q25XY368S364688-001','B5Q25XY368S364688');
INSERT INTO Part(part_number,part_status,description,cost_of_part,quantity,purchase_order_number,VIN) VALUES ('KX-EAECS0051','installed','Alternator fan',74.29,2,'BCTZOAWQMHJ300759-002','BCTZOAWQMHJ300759');
INSERT INTO Part(part_number,part_status,description,cost_of_part,quantity,purchase_order_number,VIN) VALUES ('KX-PACBS0166','installed','Anchor',9.14,1,'BCTZOAWQMHJ300759-002','BCTZOAWQMHJ300759');
INSERT INTO Part(part_number,part_status,description,cost_of_part,quantity,purchase_order_number,VIN) VALUES ('KX-ICS0156','ordered','Children and baby car seat',3.74,1,'BROAYF3JXYB733688-001','BROAYF3JXYB733688');
INSERT INTO Part(part_number,part_status,description,cost_of_part,quantity,purchase_order_number,VIN) VALUES ('KX-PACBS0175','installed','Brake pedal',14.36,1,'BROAYF3JXYB733688-001','BROAYF3JXYB733688');
INSERT INTO Part(part_number,part_status,description,cost_of_part,quantity,purchase_order_number,VIN) VALUES ('KX-PACBS0171','installed','Brake disc',25.66,2,'DBF5M62ODXK242204-002','DBF5M62ODXK242204');
INSERT INTO Part(part_number,part_status,description,cost_of_part,quantity,purchase_order_number,VIN) VALUES ('KX-EAEIS0082','installed','Magneto',62.04,1,'EQ22HWH3DG1475247-002','EQ22HWH3DG1475247');
INSERT INTO Part(part_number,part_status,description,cost_of_part,quantity,purchase_order_number,VIN) VALUES ('KX-ICS0161','installed','Seat cover',77.51,1,'EQ22HWH3DG1475247-002','EQ22HWH3DG1475247');
INSERT INTO Part(part_number,part_status,description,cost_of_part,quantity,purchase_order_number,VIN) VALUES ('KX-BAE0000','received','Bonnet/hood',136.17,1,'FAQ8F8F300A215860-001','FAQ8F8F300A215860');
INSERT INTO Part(part_number,part_status,description,cost_of_part,quantity,purchase_order_number,VIN) VALUES ('KX-BAE0001','received','Bumper',51.92,1,'FAQ8F8F300A215860-001','FAQ8F8F300A215860');
INSERT INTO Part(part_number,part_status,description,cost_of_part,quantity,purchase_order_number,VIN) VALUES ('KX-EAES0101','installed','Manifold absolute pressure sensor',77.78,1,'FAQ8F8F300A215860-001','FAQ8F8F300A215860');
INSERT INTO Part(part_number,part_status,description,cost_of_part,quantity,purchase_order_number,VIN) VALUES ('KX-PACBS0171','installed','Brake disc',64.77,1,'HXP0L3Y7NRP032607-004','HXP0L3Y7NRP032607');
INSERT INTO Part(part_number,part_status,description,cost_of_part,quantity,purchase_order_number,VIN) VALUES ('KX-BAE0009','installed','Front fascia and header panel',66.02,1,'J6OMNLGS2AO161351-001','J6OMNLGS2AO161351');
INSERT INTO Part(part_number,part_status,description,cost_of_part,quantity,purchase_order_number,VIN) VALUES ('KX-EAEAD0042','installed','Antenna cable',62.05,5,'J6OMNLGS2AO161351-001','J6OMNLGS2AO161351');
INSERT INTO Part(part_number,part_status,description,cost_of_part,quantity,purchase_order_number,VIN) VALUES ('KX-EAEM0148','installed','Speedometer calibrator',40.2,3,'J6OMNLGS2AO161351-001','J6OMNLGS2AO161351');
INSERT INTO Part(part_number,part_status,description,cost_of_part,quantity,purchase_order_number,VIN) VALUES ('KX-ICS0156','installed','Children and baby car seat',52.92,1,'J6OMNLGS2AO161351-001','J6OMNLGS2AO161351');
INSERT INTO Part(part_number,part_status,description,cost_of_part,quantity,purchase_order_number,VIN) VALUES ('KX-BAE0003','installed','Exposed bumper',19.24,1,'JS0Y5W8KIDC106093-005','JS0Y5W8KIDC106093');
INSERT INTO Part(part_number,part_status,description,cost_of_part,quantity,purchase_order_number,VIN) VALUES ('KX-EAES0113','installed','Oil level sensor',34.18,1,'JS0Y5W8KIDC106093-005','JS0Y5W8KIDC106093');
INSERT INTO Part(part_number,part_status,description,cost_of_part,quantity,purchase_order_number,VIN) VALUES ('KX-EAEWH0129','installed','Engine compartment harness',13.97,1,'JS0Y5W8KIDC106093-005','JS0Y5W8KIDC106093');
INSERT INTO Part(part_number,part_status,description,cost_of_part,quantity,purchase_order_number,VIN) VALUES ('KX-BAE0016','installed','Spoiler',122.63,1,'KEZRVGOFFMA250868-001','KEZRVGOFFMA250868');
INSERT INTO Part(part_number,part_status,description,cost_of_part,quantity,purchase_order_number,VIN) VALUES ('KX-EAEGAM0068','ordered','Speedometer',69.68,1,'KEZRVGOFFMA250868-001','KEZRVGOFFMA250868');
INSERT INTO Part(part_number,part_status,description,cost_of_part,quantity,purchase_order_number,VIN) VALUES ('KX-PACBS0189','received','Hold-down springs',10.78,1,'KEZRVGOFFMA250868-001','KEZRVGOFFMA250868');
INSERT INTO Part(part_number,part_status,description,cost_of_part,quantity,purchase_order_number,VIN) VALUES ('KX-EAEM0144','installed','Relay connector',4.27,1,'L6EFDBPTY1B405814-002','L6EFDBPTY1B405814');
INSERT INTO Part(part_number,part_status,description,cost_of_part,quantity,purchase_order_number,VIN) VALUES ('KX-EAES0094','received','Anti-pinch sensor',31.87,1,'ME064DUO8S0025936-003','ME064DUO8S0025936');
INSERT INTO Part(part_number,part_status,description,cost_of_part,quantity,purchase_order_number,VIN) VALUES ('KX-EAES0107','installed','Temperature sensor',27.57,1,'ME064DUO8S0025936-003','ME064DUO8S0025936');
INSERT INTO Part(part_number,part_status,description,cost_of_part,quantity,purchase_order_number,VIN) VALUES ('KX-ICS0162','installed','Seat track',14.67,1,'ME064DUO8S0025936-003','ME064DUO8S0025936');
INSERT INTO Part(part_number,part_status,description,cost_of_part,quantity,purchase_order_number,VIN) VALUES ('KX-PACBS0168','received','Brake backing plate',26.77,1,'ME064DUO8S0025936-003','ME064DUO8S0025936');
INSERT INTO Part(part_number,part_status,description,cost_of_part,quantity,purchase_order_number,VIN) VALUES ('KX-BAE0004','installed','Cowl screen',71.23,1,'NJFDCKXL34E222565-001','NJFDCKXL34E222565');
INSERT INTO Part(part_number,part_status,description,cost_of_part,quantity,purchase_order_number,VIN) VALUES ('KX-BAED0024','installed','Outer door handle',144.94,1,'NJFDCKXL34E222565-001','NJFDCKXL34E222565');
INSERT INTO Part(part_number,part_status,description,cost_of_part,quantity,purchase_order_number,VIN) VALUES ('KX-PACBS0186','installed','Caliper',144.26,1,'NJFDCKXL34E222565-001','NJFDCKXL34E222565');
INSERT INTO Part(part_number,part_status,description,cost_of_part,quantity,purchase_order_number,VIN) VALUES ('KX-EAEIS0081','installed','Ignition controller',136.9,1,'NNKIP3UNIGZ353715-001','NNKIP3UNIGZ353715');
INSERT INTO Part(part_number,part_status,description,cost_of_part,quantity,purchase_order_number,VIN) VALUES ('KX-EAES0096','installed','Crankshaft position sensor',121.5,2,'NNKIP3UNIGZ353715-001','NNKIP3UNIGZ353715');
INSERT INTO Part(part_number,part_status,description,cost_of_part,quantity,purchase_order_number,VIN) VALUES ('KX-EAES0121','installed','Ignition Switch',24.9,1,'NNKIP3UNIGZ353715-001','NNKIP3UNIGZ353715');
INSERT INTO Part(part_number,part_status,description,cost_of_part,quantity,purchase_order_number,VIN) VALUES ('KX-BAE0014','installed','Rocker panel',11.8,1,'OA1F76XJUQS608395-001','OA1F76XJUQS608395');
INSERT INTO Part(part_number,part_status,description,cost_of_part,quantity,purchase_order_number,VIN) VALUES ('KX-PACBS0190','installed','Hose',14.61,1,'OA1F76XJUQS608395-001','OA1F76XJUQS608395');
INSERT INTO Part(part_number,part_status,description,cost_of_part,quantity,purchase_order_number,VIN) VALUES ('KX-BAEW0033','installed','Glass',28.09,2,'OMJKHKQNFKJ761643-001','OMJKHKQNFKJ761643');
INSERT INTO Part(part_number,part_status,description,cost_of_part,quantity,purchase_order_number,VIN) VALUES ('KX-EAEESS0059','installed','Battery plate',137.03,2,'OMJKHKQNFKJ761643-001','OMJKHKQNFKJ761643');
INSERT INTO Part(part_number,part_status,description,cost_of_part,quantity,purchase_order_number,VIN) VALUES ('KX-PACBS0193','installed','Brake duct hose',194.08,1,'OMJKHKQNFKJ761643-001','OMJKHKQNFKJ761643');
INSERT INTO Part(part_number,part_status,description,cost_of_part,quantity,purchase_order_number,VIN) VALUES ('KX-EAEM0150','installed','Wiring connector',141.71,1,'Q3TT4GKZDHK659352-003','Q3TT4GKZDHK659352');
INSERT INTO Part(part_number,part_status,description,cost_of_part,quantity,purchase_order_number,VIN) VALUES ('KX-EAEGAM0068','installed','Speedometer',6.41,1,'RTV8NXYO2D4310350-001','RTV8NXYO2D4310350');
INSERT INTO Part(part_number,part_status,description,cost_of_part,quantity,purchase_order_number,VIN) VALUES ('KX-EAEIS0082','installed','Magneto',7.55,1,'RTV8NXYO2D4310350-001','RTV8NXYO2D4310350');
INSERT INTO Part(part_number,part_status,description,cost_of_part,quantity,purchase_order_number,VIN) VALUES ('KX-EAEIS0075','installed','Coil wire',64.43,1,'U3SEY7BL74U428566-002','U3SEY7BL74U428566');
INSERT INTO Part(part_number,part_status,description,cost_of_part,quantity,purchase_order_number,VIN) VALUES ('KX-ICS0159','installed','Seat Belt',30.62,1,'U3SEY7BL74U428566-002','U3SEY7BL74U428566');
INSERT INTO Part(part_number,part_status,description,cost_of_part,quantity,purchase_order_number,VIN) VALUES ('KX-PACBS0171','installed','Brake disc',96.7,2,'U6AKQW00N22614671-005','U6AKQW00N22614671');
INSERT INTO Part(part_number,part_status,description,cost_of_part,quantity,purchase_order_number,VIN) VALUES ('KX-PACBS0173','installed','Brake line',0.54,1,'U6AKQW00N22614671-005','U6AKQW00N22614671');
INSERT INTO Part(part_number,part_status,description,cost_of_part,quantity,purchase_order_number,VIN) VALUES ('KX-BAE0020','installed','Trunk',76.16,1,'UDK1102XNQ4362369-001','UDK1102XNQ4362369');
INSERT INTO Part(part_number,part_status,description,cost_of_part,quantity,purchase_order_number,VIN) VALUES ('KX-EAEESS0058','received','Battery control system',4.26,2,'UDK1102XNQ4362369-001','UDK1102XNQ4362369');
INSERT INTO Part(part_number,part_status,description,cost_of_part,quantity,purchase_order_number,VIN) VALUES ('KX-PACBS0177','installed','Brake pump',46.41,1,'UDK1102XNQ4362369-001','UDK1102XNQ4362369');
INSERT INTO Part(part_number,part_status,description,cost_of_part,quantity,purchase_order_number,VIN) VALUES ('KX-PACBS0189','ordered','Hold-down springs',48.59,4,'UDK1102XNQ4362369-001','UDK1102XNQ4362369');
INSERT INTO Part(part_number,part_status,description,cost_of_part,quantity,purchase_order_number,VIN) VALUES ('KX-EAECS0050','installed','Alternator bracket',151.84,1,'UDOHJKQNZRU355125-001','UDOHJKQNZRU355125');
INSERT INTO Part(part_number,part_status,description,cost_of_part,quantity,purchase_order_number,VIN) VALUES ('KX-EAEM0136','installed','Cruise control computer',150.16,1,'UDOHJKQNZRU355125-001','UDOHJKQNZRU355125');
INSERT INTO Part(part_number,part_status,description,cost_of_part,quantity,purchase_order_number,VIN) VALUES ('KX-PACBS0190','installed','Hose',77.05,4,'UDOHJKQNZRU355125-001','UDOHJKQNZRU355125');
INSERT INTO Part(part_number,part_status,description,cost_of_part,quantity,purchase_order_number,VIN) VALUES ('KX-EAEM0134','ordered','Central locking system',110.58,1,'V73RJYYHEIT850422-004','V73RJYYHEIT850422');
INSERT INTO Part(part_number,part_status,description,cost_of_part,quantity,purchase_order_number,VIN) VALUES ('KX-EAEGAM0063','installed','Clinometer',28.04,1,'VTVE6444244403193-003','VTVE6444244403193');
INSERT INTO Part(part_number,part_status,description,cost_of_part,quantity,purchase_order_number,VIN) VALUES ('KX-EAEM0135','installed','Chassis control computer',29.7,1,'VTVE6444244403193-003','VTVE6444244403193');
INSERT INTO Part(part_number,part_status,description,cost_of_part,quantity,purchase_order_number,VIN) VALUES ('KX-EAEM0144','ordered','Relay connector',19.98,1,'WGVK4P1UIPJ916959-004','WGVK4P1UIPJ916959');
INSERT INTO Part(part_number,part_status,description,cost_of_part,quantity,purchase_order_number,VIN) VALUES ('KX-EAELASS0088','ordered','Interior light and lamp',102.4,2,'ZDNMEDH0CHN556637-001','ZDNMEDH0CHN556637');
INSERT INTO Part(part_number,part_status,description,cost_of_part,quantity,purchase_order_number,VIN) VALUES ('NX-BAED0028','installed','Door watershield',72.44,1,'1C05IGNBBB6823554-001','1C05IGNBBB6823554');
INSERT INTO Part(part_number,part_status,description,cost_of_part,quantity,purchase_order_number,VIN) VALUES ('NX-EAELASS0092','installed','Tail light cover',20.87,1,'1C05IGNBBB6823554-001','1C05IGNBBB6823554');
INSERT INTO Part(part_number,part_status,description,cost_of_part,quantity,purchase_order_number,VIN) VALUES ('NX-EAEM0139','installed','Engine control unit',59.71,4,'1C05IGNBBB6823554-001','1C05IGNBBB6823554');
INSERT INTO Part(part_number,part_status,description,cost_of_part,quantity,purchase_order_number,VIN) VALUES ('NX-EAEESS0058','received','Battery control system',72.84,2,'2BEGOJVB21D198188-002','2BEGOJVB21D198188');
INSERT INTO Part(part_number,part_status,description,cost_of_part,quantity,purchase_order_number,VIN) VALUES ('NX-EAELASS0087','installed','Headlight motor',52.6,1,'2BEGOJVB21D198188-002','2BEGOJVB21D198188');
INSERT INTO Part(part_number,part_status,description,cost_of_part,quantity,purchase_order_number,VIN) VALUES ('NX-EAES0101','ordered','Manifold absolute pressure sensor',63.29,1,'2BEGOJVB21D198188-002','2BEGOJVB21D198188');
INSERT INTO Part(part_number,part_status,description,cost_of_part,quantity,purchase_order_number,VIN) VALUES ('NX-ICS0162','installed','Seat track',74.07,4,'2BEGOJVB21D198188-002','2BEGOJVB21D198188');
INSERT INTO Part(part_number,part_status,description,cost_of_part,quantity,purchase_order_number,VIN) VALUES ('NX-BAE0002','received','Unexposed bumper',89.63,1,'3P0R7483FP1117876-005','3P0R7483FP1117876');
INSERT INTO Part(part_number,part_status,description,cost_of_part,quantity,purchase_order_number,VIN) VALUES ('NX-EAECS0051','installed','Alternator fan',6.92,1,'4BSRNVZZ2CQ691731-001','4BSRNVZZ2CQ691731');
INSERT INTO Part(part_number,part_status,description,cost_of_part,quantity,purchase_order_number,VIN) VALUES ('NX-PACBS0193','installed','Brake duct hose',38.8,1,'4BSRNVZZ2CQ691731-001','4BSRNVZZ2CQ691731');
INSERT INTO Part(part_number,part_status,description,cost_of_part,quantity,purchase_order_number,VIN) VALUES ('NX-BAED0023','installed','Door beam and panel',2.6,4,'4RJT1NOLXUG037441-001','4RJT1NOLXUG037441');
INSERT INTO Part(part_number,part_status,description,cost_of_part,quantity,purchase_order_number,VIN) VALUES ('NX-BAE0020','installed','Trunk',3.15,1,'5WKWALJ4EQU001163-003','5WKWALJ4EQU001163');
INSERT INTO Part(part_number,part_status,description,cost_of_part,quantity,purchase_order_number,VIN) VALUES ('NX-EAELASS0084','installed','Fog Light',14.4,1,'5WKWALJ4EQU001163-003','5WKWALJ4EQU001163');
INSERT INTO Part(part_number,part_status,description,cost_of_part,quantity,purchase_order_number,VIN) VALUES ('NX-EAELASS0085','installed','Halogen',25.08,1,'5WKWALJ4EQU001163-003','5WKWALJ4EQU001163');
INSERT INTO Part(part_number,part_status,description,cost_of_part,quantity,purchase_order_number,VIN) VALUES ('NX-EAES0107','installed','Temperature sensor',30.13,1,'5WKWALJ4EQU001163-003','5WKWALJ4EQU001163');
INSERT INTO Part(part_number,part_status,description,cost_of_part,quantity,purchase_order_number,VIN) VALUES ('NX-BAE0003','installed','Exposed bumper',7.88,1,'8VGJ74SC8UK076966-004','8VGJ74SC8UK076966');
INSERT INTO Part(part_number,part_status,description,cost_of_part,quantity,purchase_order_number,VIN) VALUES ('NX-BAE0007','installed','Fender Musical Instruments Corporation',2.48,1,'8VGJ74SC8UK076966-004','8VGJ74SC8UK076966');
INSERT INTO Part(part_number,part_status,description,cost_of_part,quantity,purchase_order_number,VIN) VALUES ('NX-EAEGAM0070','installed','Temperature gauge',4.88,1,'8VGJ74SC8UK076966-004','8VGJ74SC8UK076966');
INSERT INTO Part(part_number,part_status,description,cost_of_part,quantity,purchase_order_number,VIN) VALUES ('NX-EAEAD0043','ordered','Radio and media player',138.91,1,'8W38A5ZZFKA123439-001','8W38A5ZZFKA123439');
INSERT INTO Part(part_number,part_status,description,cost_of_part,quantity,purchase_order_number,VIN) VALUES ('NX-EAEM0142','ordered','Performance chip',41.68,4,'8W38A5ZZFKA123439-001','8W38A5ZZFKA123439');
INSERT INTO Part(part_number,part_status,description,cost_of_part,quantity,purchase_order_number,VIN) VALUES ('NX-EAEGAM0065','installed','Fuel gauge',28.61,1,'8WLKEABOQM5965804-001','8WLKEABOQM5965804');
INSERT INTO Part(part_number,part_status,description,cost_of_part,quantity,purchase_order_number,VIN) VALUES ('NX-PACBS0184','installed','Brake warning light',17.83,1,'8WLKEABOQM5965804-001','8WLKEABOQM5965804');
INSERT INTO Part(part_number,part_status,description,cost_of_part,quantity,purchase_order_number,VIN) VALUES ('NX-BAE0011','installed','Pillar and hard trim',5,1,'BKO2YY3HI56119138-002','BKO2YY3HI56119138');
INSERT INTO Part(part_number,part_status,description,cost_of_part,quantity,purchase_order_number,VIN) VALUES ('NX-EAEM0134','installed','Central locking system',166.77,1,'BKO2YY3HI56119138-002','BKO2YY3HI56119138');
INSERT INTO Part(part_number,part_status,description,cost_of_part,quantity,purchase_order_number,VIN) VALUES ('NX-EAES0101','installed','Manifold absolute pressure sensor',19.73,1,'BKO2YY3HI56119138-002','BKO2YY3HI56119138');
INSERT INTO Part(part_number,part_status,description,cost_of_part,quantity,purchase_order_number,VIN) VALUES ('NX-PACBS0179','installed','Brake rotor',3.3,1,'BKO2YY3HI56119138-002','BKO2YY3HI56119138');
INSERT INTO Part(part_number,part_status,description,cost_of_part,quantity,purchase_order_number,VIN) VALUES ('NX-EAEAD0043','ordered','Radio and media player',23.77,1,'BROAYF3JXYB733688-002','BROAYF3JXYB733688');
INSERT INTO Part(part_number,part_status,description,cost_of_part,quantity,purchase_order_number,VIN) VALUES ('NX-EAELASS0083','received','Engine bay lighting',16.8,1,'BROAYF3JXYB733688-002','BROAYF3JXYB733688');
INSERT INTO Part(part_number,part_status,description,cost_of_part,quantity,purchase_order_number,VIN) VALUES ('NX-EAESS0116','installed','Starter drive',19.43,1,'BROAYF3JXYB733688-002','BROAYF3JXYB733688');
INSERT INTO Part(part_number,part_status,description,cost_of_part,quantity,purchase_order_number,VIN) VALUES ('NX-BAE0018','received','Rear spoiler',41.51,1,'EWUO21O8D0P959813-003','EWUO21O8D0P959813');
INSERT INTO Part(part_number,part_status,description,cost_of_part,quantity,purchase_order_number,VIN) VALUES ('NX-ICS0157','ordered','Fastener',64.14,1,'EWUO21O8D0P959813-003','EWUO21O8D0P959813');
INSERT INTO Part(part_number,part_status,description,cost_of_part,quantity,purchase_order_number,VIN) VALUES ('NX-EAECS0051','installed','Alternator fan',84.98,1,'HGHHV1IWCUX780355-005','HGHHV1IWCUX780355');
INSERT INTO Part(part_number,part_status,description,cost_of_part,quantity,purchase_order_number,VIN) VALUES ('NX-ICS0156','installed','Children and baby car seat',150.98,1,'HGHHV1IWCUX780355-005','HGHHV1IWCUX780355');
INSERT INTO Part(part_number,part_status,description,cost_of_part,quantity,purchase_order_number,VIN) VALUES ('NX-EAEESS0060','installed','Battery tray',10.09,1,'JS0Y5W8KIDC106093-003','JS0Y5W8KIDC106093');
INSERT INTO Part(part_number,part_status,description,cost_of_part,quantity,purchase_order_number,VIN) VALUES ('NX-EAELASS0090','installed','Side lighting',10.49,1,'JS0Y5W8KIDC106093-003','JS0Y5W8KIDC106093');
INSERT INTO Part(part_number,part_status,description,cost_of_part,quantity,purchase_order_number,VIN) VALUES ('NX-EAES0111','installed','MAP sensor',15.76,1,'JS0Y5W8KIDC106093-003','JS0Y5W8KIDC106093');
INSERT INTO Part(part_number,part_status,description,cost_of_part,quantity,purchase_order_number,VIN) VALUES ('NX-EAEESS0061','installed','Voltage regulator',27.4,4,'LLPNU12CY5C440662-002','LLPNU12CY5C440662');
INSERT INTO Part(part_number,part_status,description,cost_of_part,quantity,purchase_order_number,VIN) VALUES ('NX-EAEGAM0068','ordered','Speedometer',41.01,1,'LLPNU12CY5C440662-002','LLPNU12CY5C440662');
INSERT INTO Part(part_number,part_status,description,cost_of_part,quantity,purchase_order_number,VIN) VALUES ('NX-EAEESS0059','installed','Battery plate',12.13,1,'MPXFMDRYC6D036656-001','MPXFMDRYC6D036656');
INSERT INTO Part(part_number,part_status,description,cost_of_part,quantity,purchase_order_number,VIN) VALUES ('NX-EAELASS0086','installed','Headlight',4.67,1,'MPXFMDRYC6D036656-001','MPXFMDRYC6D036656');
INSERT INTO Part(part_number,part_status,description,cost_of_part,quantity,purchase_order_number,VIN) VALUES ('NX-PACBS0172','installed','Brake drum',26.61,2,'MPXFMDRYC6D036656-001','MPXFMDRYC6D036656');
INSERT INTO Part(part_number,part_status,description,cost_of_part,quantity,purchase_order_number,VIN) VALUES ('NX-PACBS0190','installed','Hose',18.64,4,'MPXFMDRYC6D036656-001','MPXFMDRYC6D036656');
INSERT INTO Part(part_number,part_status,description,cost_of_part,quantity,purchase_order_number,VIN) VALUES ('NX-PACBS0175','ordered','Brake pedal',80.26,1,'QF6QBNKTPSA019446-001','QF6QBNKTPSA019446');
INSERT INTO Part(part_number,part_status,description,cost_of_part,quantity,purchase_order_number,VIN) VALUES ('NX-BAE0015','installed','Roof Rack',2.41,1,'QVSOV4QTXAE520972-003','QVSOV4QTXAE520972');
INSERT INTO Part(part_number,part_status,description,cost_of_part,quantity,purchase_order_number,VIN) VALUES ('NX-EAES0125','received','Switch panel',13.78,1,'QVSOV4QTXAE520972-003','QVSOV4QTXAE520972');
INSERT INTO Part(part_number,part_status,description,cost_of_part,quantity,purchase_order_number,VIN) VALUES ('NX-BAE0011','installed','Pillar and hard trim',94.75,1,'QWYUAF6GIGE744209-001','QWYUAF6GIGE744209');
INSERT INTO Part(part_number,part_status,description,cost_of_part,quantity,purchase_order_number,VIN) VALUES ('NX-PACBS0183','installed','Shoe web',67.97,1,'QWYUAF6GIGE744209-001','QWYUAF6GIGE744209');
INSERT INTO Part(part_number,part_status,description,cost_of_part,quantity,purchase_order_number,VIN) VALUES ('NX-EAEAD0047','installed','Subwoofer',11.97,2,'R3Q6NWXL5OK028859-002','R3Q6NWXL5OK028859');
INSERT INTO Part(part_number,part_status,description,cost_of_part,quantity,purchase_order_number,VIN) VALUES ('NX-EAEESS0053','installed','Battery',18.42,1,'R3Q6NWXL5OK028859-002','R3Q6NWXL5OK028859');
INSERT INTO Part(part_number,part_status,description,cost_of_part,quantity,purchase_order_number,VIN) VALUES ('NX-BAE0021','received','Valance',54.3,1,'TOIFP5YHHJC099537-001','TOIFP5YHHJC099537');
INSERT INTO Part(part_number,part_status,description,cost_of_part,quantity,purchase_order_number,VIN) VALUES ('NX-BAEW0033','installed','Glass',82.3,1,'TOIFP5YHHJC099537-001','TOIFP5YHHJC099537');
INSERT INTO Part(part_number,part_status,description,cost_of_part,quantity,purchase_order_number,VIN) VALUES ('NX-ICS0157','installed','Fastener',38.13,1,'TOIFP5YHHJC099537-001','TOIFP5YHHJC099537');
INSERT INTO Part(part_number,part_status,description,cost_of_part,quantity,purchase_order_number,VIN) VALUES ('NX-EAELASS0089','installed','License plate lamp',95.29,1,'UAITKQ7KMQN776987-002','UAITKQ7KMQN776987');
INSERT INTO Part(part_number,part_status,description,cost_of_part,quantity,purchase_order_number,VIN) VALUES ('NX-EAES0108','ordered','Transmission input and output sensor',29.84,4,'UAITKQ7KMQN776987-002','UAITKQ7KMQN776987');
INSERT INTO Part(part_number,part_status,description,cost_of_part,quantity,purchase_order_number,VIN) VALUES ('NX-EAES0123','installed','Steering column switch',32.98,1,'UAITKQ7KMQN776987-002','UAITKQ7KMQN776987');
INSERT INTO Part(part_number,part_status,description,cost_of_part,quantity,purchase_order_number,VIN) VALUES ('NX-PACBS0174','received','Brake pad',64.03,1,'UAITKQ7KMQN776987-002','UAITKQ7KMQN776987');
INSERT INTO Part(part_number,part_status,description,cost_of_part,quantity,purchase_order_number,VIN) VALUES ('NX-PACBS0165','installed','Adjusting mechanism',41.52,1,'UDOHJKQNZRU355125-004','UDOHJKQNZRU355125');
INSERT INTO Part(part_number,part_status,description,cost_of_part,quantity,purchase_order_number,VIN) VALUES ('NX-BAE0004','installed','Cowl screen',31.48,1,'V08JG7APNII434369-005','V08JG7APNII434369');
INSERT INTO Part(part_number,part_status,description,cost_of_part,quantity,purchase_order_number,VIN) VALUES ('NX-EAEAD0041','installed','Antenna assembly',0.92,1,'V08JG7APNII434369-005','V08JG7APNII434369');
INSERT INTO Part(part_number,part_status,description,cost_of_part,quantity,purchase_order_number,VIN) VALUES ('NX-EAELASS0088','installed','Interior light and lamp',0.92,1,'V08JG7APNII434369-005','V08JG7APNII434369');
INSERT INTO Part(part_number,part_status,description,cost_of_part,quantity,purchase_order_number,VIN) VALUES ('NX-EAES0120','installed','Door switch',37.73,1,'V08JG7APNII434369-005','V08JG7APNII434369');
INSERT INTO Part(part_number,part_status,description,cost_of_part,quantity,purchase_order_number,VIN) VALUES ('NX-EAEAD0041','installed','Antenna assembly',21.36,1,'VJUYVX0SHHT606044-003','VJUYVX0SHHT606044');
INSERT INTO Part(part_number,part_status,description,cost_of_part,quantity,purchase_order_number,VIN) VALUES ('NX-EAES0106','received','Rotational sensor',29.37,1,'YA0EN8KRBAN266216-003','YA0EN8KRBAN266216');
INSERT INTO Part(part_number,part_status,description,cost_of_part,quantity,purchase_order_number,VIN) VALUES ('NX-EAES0126','installed','Thermostat',1.77,1,'YA0EN8KRBAN266216-003','YA0EN8KRBAN266216');
INSERT INTO Part(part_number,part_status,description,cost_of_part,quantity,purchase_order_number,VIN) VALUES ('NX-EAEWH0130','received','Interior harness',3.61,1,'YA0EN8KRBAN266216-003','YA0EN8KRBAN266216');
INSERT INTO Part(part_number,part_status,description,cost_of_part,quantity,purchase_order_number,VIN) VALUES ('OA-PACBS0167','installed','Bleed nipple',34.38,1,'1HHB3PGRMMK153438-002','1HHB3PGRMMK153438');
INSERT INTO Part(part_number,part_status,description,cost_of_part,quantity,purchase_order_number,VIN) VALUES ('OA-BAE0002','installed','Unexposed bumper',65.08,1,'2YHAF0V8512939431-001','2YHAF0V8512939431');
INSERT INTO Part(part_number,part_status,description,cost_of_part,quantity,purchase_order_number,VIN) VALUES ('OA-EAEESS0060','installed','Battery tray',81.18,4,'2YHAF0V8512939431-001','2YHAF0V8512939431');
INSERT INTO Part(part_number,part_status,description,cost_of_part,quantity,purchase_order_number,VIN) VALUES ('OA-EAES0109','installed','ABS brack sensor',92.05,1,'2YHAF0V8512939431-001','2YHAF0V8512939431');
INSERT INTO Part(part_number,part_status,description,cost_of_part,quantity,purchase_order_number,VIN) VALUES ('OA-ICS0153','installed','Armrest',60.25,1,'2YHAF0V8512939431-001','2YHAF0V8512939431');
INSERT INTO Part(part_number,part_status,description,cost_of_part,quantity,purchase_order_number,VIN) VALUES ('OA-BAEW0036','installed','Window motor',69.15,1,'4BW4C1KL6TZ577336-003','4BW4C1KL6TZ577336');
INSERT INTO Part(part_number,part_status,description,cost_of_part,quantity,purchase_order_number,VIN) VALUES ('OA-EAEM0142','installed','Performance chip',87.61,1,'4BW4C1KL6TZ577336-003','4BW4C1KL6TZ577336');
INSERT INTO Part(part_number,part_status,description,cost_of_part,quantity,purchase_order_number,VIN) VALUES ('OA-BAE0012','received','Quarter panel',39.71,1,'5NFMDSJIMMB492412-001','5NFMDSJIMMB492412');
INSERT INTO Part(part_number,part_status,description,cost_of_part,quantity,purchase_order_number,VIN) VALUES ('OA-EAEGAM0062','ordered','Ammeter',66.44,2,'5NFMDSJIMMB492412-001','5NFMDSJIMMB492412');
INSERT INTO Part(part_number,part_status,description,cost_of_part,quantity,purchase_order_number,VIN) VALUES ('OA-EAELASS0087','received','Headlight motor',98.6,1,'5NFMDSJIMMB492412-001','5NFMDSJIMMB492412');
INSERT INTO Part(part_number,part_status,description,cost_of_part,quantity,purchase_order_number,VIN) VALUES ('OA-ICS0154','ordered','Bench Seat',42.2,2,'5NFMDSJIMMB492412-001','5NFMDSJIMMB492412');
INSERT INTO Part(part_number,part_status,description,cost_of_part,quantity,purchase_order_number,VIN) VALUES ('OA-BAE0003','installed','Exposed bumper',13.3,1,'8JVUFKHA0TM075506-001','8JVUFKHA0TM075506');
INSERT INTO Part(part_number,part_status,description,cost_of_part,quantity,purchase_order_number,VIN) VALUES ('OA-BAED0024','installed','Outer door handle',21.79,1,'8JVUFKHA0TM075506-001','8JVUFKHA0TM075506');
INSERT INTO Part(part_number,part_status,description,cost_of_part,quantity,purchase_order_number,VIN) VALUES ('OA-EAES0110','installed','TDC sensor',73.65,1,'8JVUFKHA0TM075506-001','8JVUFKHA0TM075506');
INSERT INTO Part(part_number,part_status,description,cost_of_part,quantity,purchase_order_number,VIN) VALUES ('OA-ICS0159','installed','Seat Belt',84.69,1,'8JVUFKHA0TM075506-001','8JVUFKHA0TM075506');
INSERT INTO Part(part_number,part_status,description,cost_of_part,quantity,purchase_order_number,VIN) VALUES ('OA-EAELASS0084','installed','Fog Light',72.99,1,'8LPZZLYHF77014597-003','8LPZZLYHF77014597');
INSERT INTO Part(part_number,part_status,description,cost_of_part,quantity,purchase_order_number,VIN) VALUES ('OA-EAEM0137','installed','Door contact',106.98,1,'8LPZZLYHF77014597-003','8LPZZLYHF77014597');
INSERT INTO Part(part_number,part_status,description,cost_of_part,quantity,purchase_order_number,VIN) VALUES ('OA-PACBS0171','installed','Brake disc',108.74,1,'8LPZZLYHF77014597-003','8LPZZLYHF77014597');
INSERT INTO Part(part_number,part_status,description,cost_of_part,quantity,purchase_order_number,VIN) VALUES ('OA-EAELASS0084','installed','Fog Light',58.6,1,'8UU0VC3VENC905922-002','8UU0VC3VENC905922');
INSERT INTO Part(part_number,part_status,description,cost_of_part,quantity,purchase_order_number,VIN) VALUES ('OA-EAELASS0086','installed','Headlight',89.33,1,'8UU0VC3VENC905922-002','8UU0VC3VENC905922');
INSERT INTO Part(part_number,part_status,description,cost_of_part,quantity,purchase_order_number,VIN) VALUES ('OA-PACBS0194','installed','Hydraulic booster unit',83.55,1,'8UU0VC3VENC905922-002','8UU0VC3VENC905922');
INSERT INTO Part(part_number,part_status,description,cost_of_part,quantity,purchase_order_number,VIN) VALUES ('OA-EAEM0143','installed','Performance Monitor',119.59,1,'8W38A5ZZFKA123439-002','8W38A5ZZFKA123439');
INSERT INTO Part(part_number,part_status,description,cost_of_part,quantity,purchase_order_number,VIN) VALUES ('OA-EAES0112','ordered','IMA sensor',136.03,1,'8W38A5ZZFKA123439-002','8W38A5ZZFKA123439');
INSERT INTO Part(part_number,part_status,description,cost_of_part,quantity,purchase_order_number,VIN) VALUES ('OA-BAED0026','installed','Door control module',48.37,1,'8WLKEABOQM5965804-002','8WLKEABOQM5965804');
INSERT INTO Part(part_number,part_status,description,cost_of_part,quantity,purchase_order_number,VIN) VALUES ('OA-EAEGAM0073','installed','Voltmeter',19.97,1,'8WLKEABOQM5965804-002','8WLKEABOQM5965804');
INSERT INTO Part(part_number,part_status,description,cost_of_part,quantity,purchase_order_number,VIN) VALUES ('OA-EAEIS0076','installed','Distributor',2.04,1,'8WLKEABOQM5965804-002','8WLKEABOQM5965804');
INSERT INTO Part(part_number,part_status,description,cost_of_part,quantity,purchase_order_number,VIN) VALUES ('OA-EAEIS0077','installed','Electronic timing controller',24.14,1,'8WLKEABOQM5965804-002','8WLKEABOQM5965804');
INSERT INTO Part(part_number,part_status,description,cost_of_part,quantity,purchase_order_number,VIN) VALUES ('OA-BAEW0037','installed','Window regulator',34.16,1,'ELA1OD0NP7S259553-001','ELA1OD0NP7S259553');
INSERT INTO Part(part_number,part_status,description,cost_of_part,quantity,purchase_order_number,VIN) VALUES ('OA-BAEW0036','installed','Window motor',12.65,1,'EX0DFWC3FLW639681-001','EX0DFWC3FLW639681');
INSERT INTO Part(part_number,part_status,description,cost_of_part,quantity,purchase_order_number,VIN) VALUES ('OA-EAEM0148','installed','Speedometer calibrator',32.44,1,'EX0DFWC3FLW639681-001','EX0DFWC3FLW639681');
INSERT INTO Part(part_number,part_status,description,cost_of_part,quantity,purchase_order_number,VIN) VALUES ('OA-ICS0157','installed','Fastener',23.69,1,'EX0DFWC3FLW639681-001','EX0DFWC3FLW639681');
INSERT INTO Part(part_number,part_status,description,cost_of_part,quantity,purchase_order_number,VIN) VALUES ('OA-EAEIS0077','installed','Electronic timing controller',155.08,1,'HGHHV1IWCUX780355-001','HGHHV1IWCUX780355');
INSERT INTO Part(part_number,part_status,description,cost_of_part,quantity,purchase_order_number,VIN) VALUES ('OA-PACBS0197','installed','Metering valve',85.12,4,'HGHHV1IWCUX780355-001','HGHHV1IWCUX780355');
INSERT INTO Part(part_number,part_status,description,cost_of_part,quantity,purchase_order_number,VIN) VALUES ('OA-EAEGAM0070','installed','Temperature gauge',119.13,1,'HIEWYKOMDAK597903-004','HIEWYKOMDAK597903');
INSERT INTO Part(part_number,part_status,description,cost_of_part,quantity,purchase_order_number,VIN) VALUES ('OA-EAEM0132','installed','Air bag control module',110.77,1,'HIEWYKOMDAK597903-004','HIEWYKOMDAK597903');
INSERT INTO Part(part_number,part_status,description,cost_of_part,quantity,purchase_order_number,VIN) VALUES ('OA-ICS0157','installed','Fastener',18.14,1,'HIEWYKOMDAK597903-004','HIEWYKOMDAK597903');
INSERT INTO Part(part_number,part_status,description,cost_of_part,quantity,purchase_order_number,VIN) VALUES ('OA-ICS0161','installed','Seat cover',67.52,1,'HIEWYKOMDAK597903-004','HIEWYKOMDAK597903');
INSERT INTO Part(part_number,part_status,description,cost_of_part,quantity,purchase_order_number,VIN) VALUES ('OA-EAEESS0053','installed','Battery',62.38,1,'HXP0L3Y7NRP032607-002','HXP0L3Y7NRP032607');
INSERT INTO Part(part_number,part_status,description,cost_of_part,quantity,purchase_order_number,VIN) VALUES ('OA-PACBS0185','installed','Calibrated friction brake',67.89,1,'HXP0L3Y7NRP032607-002','HXP0L3Y7NRP032607');
INSERT INTO Part(part_number,part_status,description,cost_of_part,quantity,purchase_order_number,VIN) VALUES ('OA-BAE0014','installed','Rocker panel',49.98,1,'I7TC64WMFN3679469-001','I7TC64WMFN3679469');
INSERT INTO Part(part_number,part_status,description,cost_of_part,quantity,purchase_order_number,VIN) VALUES ('OA-BAED0025','installed','Inner door handle',59.24,1,'I7TC64WMFN3679469-001','I7TC64WMFN3679469');
INSERT INTO Part(part_number,part_status,description,cost_of_part,quantity,purchase_order_number,VIN) VALUES ('OA-BAEW0035','installed','Sunroof motor',84.15,1,'I7TC64WMFN3679469-001','I7TC64WMFN3679469');
INSERT INTO Part(part_number,part_status,description,cost_of_part,quantity,purchase_order_number,VIN) VALUES ('OA-BAED0030','installed','Door and bonnet',14.38,1,'I7TC64WMFN3679469-002','I7TC64WMFN3679469');
INSERT INTO Part(part_number,part_status,description,cost_of_part,quantity,purchase_order_number,VIN) VALUES ('OA-EAES0098','installed','Fuel level sensor',44.33,2,'I7TC64WMFN3679469-002','I7TC64WMFN3679469');
INSERT INTO Part(part_number,part_status,description,cost_of_part,quantity,purchase_order_number,VIN) VALUES ('OA-EAES0126','installed','Thermostat',58.55,1,'I7TC64WMFN3679469-002','I7TC64WMFN3679469');
INSERT INTO Part(part_number,part_status,description,cost_of_part,quantity,purchase_order_number,VIN) VALUES ('OA-10141','installed','Fuse Box: The Alternative Tribute',145.53,1,'IZPS1NTRXAH046134-002','IZPS1NTRXAH046134');
INSERT INTO Part(part_number,part_status,description,cost_of_part,quantity,purchase_order_number,VIN) VALUES ('OA-EAEESS0061','installed','Voltage regulator',169.29,1,'IZPS1NTRXAH046134-002','IZPS1NTRXAH046134');
INSERT INTO Part(part_number,part_status,description,cost_of_part,quantity,purchase_order_number,VIN) VALUES ('OA-EAEIS0079','installed','Ignition Coil',82.26,1,'IZPS1NTRXAH046134-002','IZPS1NTRXAH046134');
INSERT INTO Part(part_number,part_status,description,cost_of_part,quantity,purchase_order_number,VIN) VALUES ('OA-EAES0102','installed','Oxygen sensor',172.7,1,'IZPS1NTRXAH046134-002','IZPS1NTRXAH046134');
INSERT INTO Part(part_number,part_status,description,cost_of_part,quantity,purchase_order_number,VIN) VALUES ('OA-PACBS0177','installed','Brake pump',37.51,1,'JE1O6OHJZW1220783-003','JE1O6OHJZW1220783');
INSERT INTO Part(part_number,part_status,description,cost_of_part,quantity,purchase_order_number,VIN) VALUES ('OA-PACBS0190','installed','Hose',69.27,1,'JE1O6OHJZW1220783-003','JE1O6OHJZW1220783');
INSERT INTO Part(part_number,part_status,description,cost_of_part,quantity,purchase_order_number,VIN) VALUES ('OA-BAED0031','installed','Lock',66.25,1,'KZQ5C1NSWAJ790169-001','KZQ5C1NSWAJ790169');
INSERT INTO Part(part_number,part_status,description,cost_of_part,quantity,purchase_order_number,VIN) VALUES ('OA-EAEESS0060','installed','Battery tray',27.11,1,'KZQ5C1NSWAJ790169-001','KZQ5C1NSWAJ790169');
INSERT INTO Part(part_number,part_status,description,cost_of_part,quantity,purchase_order_number,VIN) VALUES ('OA-EAEGAM0062','installed','Ammeter',5.8,1,'KZQ5C1NSWAJ790169-001','KZQ5C1NSWAJ790169');
INSERT INTO Part(part_number,part_status,description,cost_of_part,quantity,purchase_order_number,VIN) VALUES ('OA-EAEWH0131','installed','Underfloor harness',65.04,2,'KZQ5C1NSWAJ790169-001','KZQ5C1NSWAJ790169');
INSERT INTO Part(part_number,part_status,description,cost_of_part,quantity,purchase_order_number,VIN) VALUES ('OA-BAED0032','installed','Centre Locking',35.36,2,'LWA5MXOU4MD327938-001','LWA5MXOU4MD327938');
INSERT INTO Part(part_number,part_status,description,cost_of_part,quantity,purchase_order_number,VIN) VALUES ('OA-PACBS0163','installed','Anti-lock braking system',52.25,1,'LWA5MXOU4MD327938-001','LWA5MXOU4MD327938');
INSERT INTO Part(part_number,part_status,description,cost_of_part,quantity,purchase_order_number,VIN) VALUES ('OA-PACBS0180','installed','Brake servo',86.06,2,'LWA5MXOU4MD327938-001','LWA5MXOU4MD327938');
INSERT INTO Part(part_number,part_status,description,cost_of_part,quantity,purchase_order_number,VIN) VALUES ('OA-PACBS0190','installed','Hose',108.21,1,'LWA5MXOU4MD327938-001','LWA5MXOU4MD327938');
INSERT INTO Part(part_number,part_status,description,cost_of_part,quantity,purchase_order_number,VIN) VALUES ('OA-EAEGAM0073','installed','Voltmeter',92.09,1,'M3VW8YIQKWT779745-004','M3VW8YIQKWT779745');
INSERT INTO Part(part_number,part_status,description,cost_of_part,quantity,purchase_order_number,VIN) VALUES ('OA-EAEM0132','installed','Air bag control module',110.91,1,'M3VW8YIQKWT779745-004','M3VW8YIQKWT779745');
INSERT INTO Part(part_number,part_status,description,cost_of_part,quantity,purchase_order_number,VIN) VALUES ('OA-EAEM0134','installed','Central locking system',204.52,1,'M3VW8YIQKWT779745-004','M3VW8YIQKWT779745');
INSERT INTO Part(part_number,part_status,description,cost_of_part,quantity,purchase_order_number,VIN) VALUES ('OA-PACBS0190','installed','Hose',46.67,1,'M3VW8YIQKWT779745-004','M3VW8YIQKWT779745');
INSERT INTO Part(part_number,part_status,description,cost_of_part,quantity,purchase_order_number,VIN) VALUES ('OA-EAEESS0060','installed','Battery tray',41.78,1,'N5QQ2WLB5PL198189-003','N5QQ2WLB5PL198189');
INSERT INTO Part(part_number,part_status,description,cost_of_part,quantity,purchase_order_number,VIN) VALUES ('OA-EAEGAM0072','installed','Vacuum gauge',57.65,1,'N5QQ2WLB5PL198189-003','N5QQ2WLB5PL198189');
INSERT INTO Part(part_number,part_status,description,cost_of_part,quantity,purchase_order_number,VIN) VALUES ('OA-IFCAP0152','installed','Center console',22.5,1,'N5QQ2WLB5PL198189-003','N5QQ2WLB5PL198189');
INSERT INTO Part(part_number,part_status,description,cost_of_part,quantity,purchase_order_number,VIN) VALUES ('OA-EAES0095','installed','Camshaft position sensor',39.04,1,'NRQQC5OQ0F4586467-002','NRQQC5OQ0F4586467');
INSERT INTO Part(part_number,part_status,description,cost_of_part,quantity,purchase_order_number,VIN) VALUES ('OA-PACBS0189','received','Hold-down springs',24.05,1,'NRQQC5OQ0F4586467-002','NRQQC5OQ0F4586467');
INSERT INTO Part(part_number,part_status,description,cost_of_part,quantity,purchase_order_number,VIN) VALUES ('OA-EAEGAM0062','installed','Ammeter',9.44,1,'Q3TT4GKZDHK659352-005','Q3TT4GKZDHK659352');
INSERT INTO Part(part_number,part_status,description,cost_of_part,quantity,purchase_order_number,VIN) VALUES ('OA-BAEW0039','installed','Windshield washer motor',6.06,1,'Q6C80HSWMFK634460-001','Q6C80HSWMFK634460');
INSERT INTO Part(part_number,part_status,description,cost_of_part,quantity,purchase_order_number,VIN) VALUES ('OA-EAEAD0041','installed','Antenna assembly',16.02,1,'Q6C80HSWMFK634460-001','Q6C80HSWMFK634460');
INSERT INTO Part(part_number,part_status,description,cost_of_part,quantity,purchase_order_number,VIN) VALUES ('OA-BAEW0034','installed','Sunroof',32.27,2,'SLY1Q4WQXLP675951-003','SLY1Q4WQXLP675951');
INSERT INTO Part(part_number,part_status,description,cost_of_part,quantity,purchase_order_number,VIN) VALUES ('OA-EAEESS0061','installed','Voltage regulator',19.36,1,'SLY1Q4WQXLP675951-003','SLY1Q4WQXLP675951');
INSERT INTO Part(part_number,part_status,description,cost_of_part,quantity,purchase_order_number,VIN) VALUES ('OA-EAEGAM0065','installed','Fuel gauge',19.18,2,'SLY1Q4WQXLP675951-003','SLY1Q4WQXLP675951');
INSERT INTO Part(part_number,part_status,description,cost_of_part,quantity,purchase_order_number,VIN) VALUES ('OA-EAEIS0079','installed','Ignition Coil',70.08,1,'SLY1Q4WQXLP675951-003','SLY1Q4WQXLP675951');
INSERT INTO Part(part_number,part_status,description,cost_of_part,quantity,purchase_order_number,VIN) VALUES ('OA-EAEGAM0074','installed','Water temperature meter',27.73,3,'TVFRONGULQ7855167-002','TVFRONGULQ7855167');
INSERT INTO Part(part_number,part_status,description,cost_of_part,quantity,purchase_order_number,VIN) VALUES ('OA-BAE0014','received','Rocker panel',48.43,1,'U1GXDUQ2NVP642154-001','U1GXDUQ2NVP642154');
INSERT INTO Part(part_number,part_status,description,cost_of_part,quantity,purchase_order_number,VIN) VALUES ('OA-EAEGAM0067','installed','Odometer',70.12,1,'U1GXDUQ2NVP642154-001','U1GXDUQ2NVP642154');
INSERT INTO Part(part_number,part_status,description,cost_of_part,quantity,purchase_order_number,VIN) VALUES ('OA-PACBS0168','installed','Brake backing plate',32.12,1,'U1GXDUQ2NVP642154-001','U1GXDUQ2NVP642154');
INSERT INTO Part(part_number,part_status,description,cost_of_part,quantity,purchase_order_number,VIN) VALUES ('OA-BAEW0038','installed','Windshield',63.81,1,'U3SEY7BL74U428566-001','U3SEY7BL74U428566');
INSERT INTO Part(part_number,part_status,description,cost_of_part,quantity,purchase_order_number,VIN) VALUES ('OA-EAEAD0046','installed','Tuner',35.69,1,'U3SEY7BL74U428566-001','U3SEY7BL74U428566');
INSERT INTO Part(part_number,part_status,description,cost_of_part,quantity,purchase_order_number,VIN) VALUES ('OA-BAE0017','installed','Front spoiler',51.16,1,'UAITKQ7KMQN776987-003','UAITKQ7KMQN776987');
INSERT INTO Part(part_number,part_status,description,cost_of_part,quantity,purchase_order_number,VIN) VALUES ('OA-EAEGAM0065','installed','Fuel gauge',0.43,1,'V08JG7APNII434369-002','V08JG7APNII434369');
INSERT INTO Part(part_number,part_status,description,cost_of_part,quantity,purchase_order_number,VIN) VALUES ('OA-EAEM0138','installed','Engine computer and management system',37.12,1,'V08JG7APNII434369-002','V08JG7APNII434369');
INSERT INTO Part(part_number,part_status,description,cost_of_part,quantity,purchase_order_number,VIN) VALUES ('OA-EAEM0147','installed','Speed controller',26.01,1,'V08JG7APNII434369-002','V08JG7APNII434369');
INSERT INTO Part(part_number,part_status,description,cost_of_part,quantity,purchase_order_number,VIN) VALUES ('OA-10141','installed','Fuse Box: The Alternative Tribute',57.01,1,'VLYZ0TBEDGM584853-001','VLYZ0TBEDGM584853');
INSERT INTO Part(part_number,part_status,description,cost_of_part,quantity,purchase_order_number,VIN) VALUES ('OA-EAES0122','installed','Power window switch',39.77,1,'VLYZ0TBEDGM584853-001','VLYZ0TBEDGM584853');
INSERT INTO Part(part_number,part_status,description,cost_of_part,quantity,purchase_order_number,VIN) VALUES ('OA-BAE0016','ordered','Spoiler',95.74,1,'W17V1HTH5IW129737-004','W17V1HTH5IW129737');
INSERT INTO Part(part_number,part_status,description,cost_of_part,quantity,purchase_order_number,VIN) VALUES ('OA-BAE0020','installed','Trunk',67.94,1,'W17V1HTH5IW129737-004','W17V1HTH5IW129737');
INSERT INTO Part(part_number,part_status,description,cost_of_part,quantity,purchase_order_number,VIN) VALUES ('OA-EAEESS0061','installed','Voltage regulator',14.38,1,'W17V1HTH5IW129737-004','W17V1HTH5IW129737');
INSERT INTO Part(part_number,part_status,description,cost_of_part,quantity,purchase_order_number,VIN) VALUES ('OA-EAEM0133','ordered','Alarm and siren',78.78,1,'W17V1HTH5IW129737-004','W17V1HTH5IW129737');
INSERT INTO Part(part_number,part_status,description,cost_of_part,quantity,purchase_order_number,VIN) VALUES ('OA-EAEM0149','ordered','Transmission computer',3.85,1,'XPBUWRX56F6412345-004','XPBUWRX56F6412345');
INSERT INTO Part(part_number,part_status,description,cost_of_part,quantity,purchase_order_number,VIN) VALUES ('OA-BAE0008','installed','Front clip',59.04,1,'ZIOB2UP8DA8102221-001','ZIOB2UP8DA8102221');
INSERT INTO Part(part_number,part_status,description,cost_of_part,quantity,purchase_order_number,VIN) VALUES ('OA-EAEGAM0074','installed','Water temperature meter',21.1,1,'ZIOB2UP8DA8102221-001','ZIOB2UP8DA8102221');
INSERT INTO Part(part_number,part_status,description,cost_of_part,quantity,purchase_order_number,VIN) VALUES ('OA-EAEESS0053','installed','Battery',33.39,1,'ZIOB2UP8DA8102221-002','ZIOB2UP8DA8102221');
INSERT INTO Part(part_number,part_status,description,cost_of_part,quantity,purchase_order_number,VIN) VALUES ('OA-EAES0112','installed','IMA sensor',43.18,1,'ZIOB2UP8DA8102221-002','ZIOB2UP8DA8102221');
INSERT INTO Part(part_number,part_status,description,cost_of_part,quantity,purchase_order_number,VIN) VALUES ('OA-EAESS0119','installed','Spark Plug',56.71,1,'ZIOB2UP8DA8102221-002','ZIOB2UP8DA8102221');
INSERT INTO Part(part_number,part_status,description,cost_of_part,quantity,purchase_order_number,VIN) VALUES ('OA-PACBS0173','installed','Brake line',18.62,1,'ZIOB2UP8DA8102221-002','ZIOB2UP8DA8102221');
INSERT INTO Part(part_number,part_status,description,cost_of_part,quantity,purchase_order_number,VIN) VALUES ('PP-10141','installed','Fuse Box: The Alternative Tribute',41.21,1,'0XPRYKN4QTB854977-001','0XPRYKN4QTB854977');
INSERT INTO Part(part_number,part_status,description,cost_of_part,quantity,purchase_order_number,VIN) VALUES ('PP-EAES0110','installed','TDC sensor',21.91,1,'0XPRYKN4QTB854977-001','0XPRYKN4QTB854977');
INSERT INTO Part(part_number,part_status,description,cost_of_part,quantity,purchase_order_number,VIN) VALUES ('PP-EAES0112','installed','IMA sensor',30.29,1,'0XPRYKN4QTB854977-001','0XPRYKN4QTB854977');
INSERT INTO Part(part_number,part_status,description,cost_of_part,quantity,purchase_order_number,VIN) VALUES ('PP-EAES0125','installed','Switch panel',42.56,1,'0XPRYKN4QTB854977-001','0XPRYKN4QTB854977');
INSERT INTO Part(part_number,part_status,description,cost_of_part,quantity,purchase_order_number,VIN) VALUES ('PP-BAE0022','installed','Welded assembly',78.44,1,'1GIQVMBR2A2798107-002','1GIQVMBR2A2798107');
INSERT INTO Part(part_number,part_status,description,cost_of_part,quantity,purchase_order_number,VIN) VALUES ('PP-PACBS0175','ordered','Brake pedal',4.28,1,'1HHB3PGRMMK153438-004','1HHB3PGRMMK153438');
INSERT INTO Part(part_number,part_status,description,cost_of_part,quantity,purchase_order_number,VIN) VALUES ('PP-BAED0031','installed','Lock',63.95,1,'2JUBCDLLXSB731848-001','2JUBCDLLXSB731848');
INSERT INTO Part(part_number,part_status,description,cost_of_part,quantity,purchase_order_number,VIN) VALUES ('PP-EAEESS0055','installed','Battery box',21.2,1,'2JUBCDLLXSB731848-001','2JUBCDLLXSB731848');
INSERT INTO Part(part_number,part_status,description,cost_of_part,quantity,purchase_order_number,VIN) VALUES ('PP-EAESS0117','received','Starter Motor',6.96,1,'2MSC0A8PW8U686208-002','2MSC0A8PW8U686208');
INSERT INTO Part(part_number,part_status,description,cost_of_part,quantity,purchase_order_number,VIN) VALUES ('PP-ICS0159','received','Seat Belt',44.01,1,'2MSC0A8PW8U686208-002','2MSC0A8PW8U686208');
INSERT INTO Part(part_number,part_status,description,cost_of_part,quantity,purchase_order_number,VIN) VALUES ('PP-PACBS0192','ordered','Air brake nylon hose',37.17,1,'2MSC0A8PW8U686208-002','2MSC0A8PW8U686208');
INSERT INTO Part(part_number,part_status,description,cost_of_part,quantity,purchase_order_number,VIN) VALUES ('PP-BAE0005','ordered','Decklid',6.07,1,'2MSC0A8PW8U686208-003','2MSC0A8PW8U686208');
INSERT INTO Part(part_number,part_status,description,cost_of_part,quantity,purchase_order_number,VIN) VALUES ('PP-EAES0109','ordered','ABS brack sensor',54.69,3,'2MSC0A8PW8U686208-003','2MSC0A8PW8U686208');
INSERT INTO Part(part_number,part_status,description,cost_of_part,quantity,purchase_order_number,VIN) VALUES ('PP-EAES0095','installed','Camshaft position sensor',56.51,1,'2N45QQ7SMY3757149-005','2N45QQ7SMY3757149');
INSERT INTO Part(part_number,part_status,description,cost_of_part,quantity,purchase_order_number,VIN) VALUES ('PP-BAE0015','installed','Roof Rack',15.19,3,'323F5QUAPKX190724-002','323F5QUAPKX190724');
INSERT INTO Part(part_number,part_status,description,cost_of_part,quantity,purchase_order_number,VIN) VALUES ('PP-BAEW0039','installed','Windshield washer motor',21.86,1,'323F5QUAPKX190724-002','323F5QUAPKX190724');
INSERT INTO Part(part_number,part_status,description,cost_of_part,quantity,purchase_order_number,VIN) VALUES ('PP-EAES0096','installed','Crankshaft position sensor',30.36,1,'323F5QUAPKX190724-002','323F5QUAPKX190724');
INSERT INTO Part(part_number,part_status,description,cost_of_part,quantity,purchase_order_number,VIN) VALUES ('PP-EAES0122','installed','Power window switch',27.66,1,'323F5QUAPKX190724-002','323F5QUAPKX190724');
INSERT INTO Part(part_number,part_status,description,cost_of_part,quantity,purchase_order_number,VIN) VALUES ('PP-BAEW0040','received','Window seal',57.15,3,'5NFMDSJIMMB492412-004','5NFMDSJIMMB492412');
INSERT INTO Part(part_number,part_status,description,cost_of_part,quantity,purchase_order_number,VIN) VALUES ('PP-EAEESS0057','installed','Battery cable',21.18,1,'5NFMDSJIMMB492412-004','5NFMDSJIMMB492412');
INSERT INTO Part(part_number,part_status,description,cost_of_part,quantity,purchase_order_number,VIN) VALUES ('PP-EAEM0140','ordered','Fuse',8.46,1,'5NFMDSJIMMB492412-004','5NFMDSJIMMB492412');
INSERT INTO Part(part_number,part_status,description,cost_of_part,quantity,purchase_order_number,VIN) VALUES ('PP-PACBS0183','received','Shoe web',87.73,1,'5NFMDSJIMMB492412-004','5NFMDSJIMMB492412');
INSERT INTO Part(part_number,part_status,description,cost_of_part,quantity,purchase_order_number,VIN) VALUES ('PP-EAES0122','installed','Power window switch',140.78,1,'73HIEJVMY26464395-002','73HIEJVMY26464395');
INSERT INTO Part(part_number,part_status,description,cost_of_part,quantity,purchase_order_number,VIN) VALUES ('PP-EAEIS0081','received','Ignition controller',75.84,2,'7ZGFTG3CJWB276675-001','7ZGFTG3CJWB276675');
INSERT INTO Part(part_number,part_status,description,cost_of_part,quantity,purchase_order_number,VIN) VALUES ('PP-EAES0127','installed','Frame Switch',2.95,2,'8CR4YKPMHVR077313-001','8CR4YKPMHVR077313');
INSERT INTO Part(part_number,part_status,description,cost_of_part,quantity,purchase_order_number,VIN) VALUES ('PP-EAES0107','installed','Temperature sensor',25.89,1,'CXGQS7AZP6I329568-002','CXGQS7AZP6I329568');
INSERT INTO Part(part_number,part_status,description,cost_of_part,quantity,purchase_order_number,VIN) VALUES ('PP-EAEESS0055','installed','Battery box',16.86,1,'EQ22HWH3DG1475247-001','EQ22HWH3DG1475247');
INSERT INTO Part(part_number,part_status,description,cost_of_part,quantity,purchase_order_number,VIN) VALUES ('PP-EAES0110','installed','TDC sensor',41.93,1,'EQ22HWH3DG1475247-001','EQ22HWH3DG1475247');
INSERT INTO Part(part_number,part_status,description,cost_of_part,quantity,purchase_order_number,VIN) VALUES ('PP-PACBS0189','installed','Hold-down springs',55.25,1,'EQ22HWH3DG1475247-001','EQ22HWH3DG1475247');
INSERT INTO Part(part_number,part_status,description,cost_of_part,quantity,purchase_order_number,VIN) VALUES ('PP-EAEESS0054','ordered','Performance battery',58.2,1,'EWUO21O8D0P959813-001','EWUO21O8D0P959813');
INSERT INTO Part(part_number,part_status,description,cost_of_part,quantity,purchase_order_number,VIN) VALUES ('PP-EAEAD0042','installed','Antenna cable',96.49,1,'F032TW1LYVD881430-002','F032TW1LYVD881430');
INSERT INTO Part(part_number,part_status,description,cost_of_part,quantity,purchase_order_number,VIN) VALUES ('PP-EAEGAM0067','installed','Odometer',103.57,1,'F032TW1LYVD881430-002','F032TW1LYVD881430');
INSERT INTO Part(part_number,part_status,description,cost_of_part,quantity,purchase_order_number,VIN) VALUES ('PP-EAELASS0084','installed','Fog Light',13.52,3,'F032TW1LYVD881430-002','F032TW1LYVD881430');
INSERT INTO Part(part_number,part_status,description,cost_of_part,quantity,purchase_order_number,VIN) VALUES ('PP-EAES0103','installed','Power-steering pressure sensor',107.64,1,'F032TW1LYVD881430-002','F032TW1LYVD881430');
INSERT INTO Part(part_number,part_status,description,cost_of_part,quantity,purchase_order_number,VIN) VALUES ('PP-EAEIS0080','installed','Ignition coil parts',58.42,4,'I4ZQBJWMKGO132368-002','I4ZQBJWMKGO132368');
INSERT INTO Part(part_number,part_status,description,cost_of_part,quantity,purchase_order_number,VIN) VALUES ('PP-EAELASS0085','installed','Halogen',39.12,1,'I4ZQBJWMKGO132368-002','I4ZQBJWMKGO132368');
INSERT INTO Part(part_number,part_status,description,cost_of_part,quantity,purchase_order_number,VIN) VALUES ('PP-EAES0100','installed','Light sensor',37.21,1,'I4ZQBJWMKGO132368-002','I4ZQBJWMKGO132368');
INSERT INTO Part(part_number,part_status,description,cost_of_part,quantity,purchase_order_number,VIN) VALUES ('PP-BAED0027','received','Door seal',54.13,1,'I5E5PHXL5CF199096-001','I5E5PHXL5CF199096');
INSERT INTO Part(part_number,part_status,description,cost_of_part,quantity,purchase_order_number,VIN) VALUES ('PP-EAEM0137','received','Door contact',43.55,1,'I5E5PHXL5CF199096-001','I5E5PHXL5CF199096');
INSERT INTO Part(part_number,part_status,description,cost_of_part,quantity,purchase_order_number,VIN) VALUES ('PP-EAECS0050','installed','Alternator bracket',75.68,1,'J1MG8R7RAZX116769-001','J1MG8R7RAZX116769');
INSERT INTO Part(part_number,part_status,description,cost_of_part,quantity,purchase_order_number,VIN) VALUES ('PP-EAES0126','installed','Thermostat',52.64,1,'J1MG8R7RAZX116769-001','J1MG8R7RAZX116769');
INSERT INTO Part(part_number,part_status,description,cost_of_part,quantity,purchase_order_number,VIN) VALUES ('PP-EAEAD0042','ordered','Antenna cable',20.6,1,'JA7U5AG0WEE170652-002','JA7U5AG0WEE170652');
INSERT INTO Part(part_number,part_status,description,cost_of_part,quantity,purchase_order_number,VIN) VALUES ('PP-EAEESS0059','received','Battery plate',21.2,1,'JA7U5AG0WEE170652-002','JA7U5AG0WEE170652');
INSERT INTO Part(part_number,part_status,description,cost_of_part,quantity,purchase_order_number,VIN) VALUES ('PP-PACBS0174','ordered','Brake pad',5.1,4,'JA7U5AG0WEE170652-002','JA7U5AG0WEE170652');
INSERT INTO Part(part_number,part_status,description,cost_of_part,quantity,purchase_order_number,VIN) VALUES ('PP-EAES0101','installed','Manifold absolute pressure sensor',37.1,1,'KCXGZEVS1QW404654-005','KCXGZEVS1QW404654');
INSERT INTO Part(part_number,part_status,description,cost_of_part,quantity,purchase_order_number,VIN) VALUES ('PP-PACBS0191','installed','Brake booster hose',41.02,2,'KE1QKPKS6Q8459351-001','KE1QKPKS6Q8459351');
INSERT INTO Part(part_number,part_status,description,cost_of_part,quantity,purchase_order_number,VIN) VALUES ('PP-BAE0011','installed','Pillar and hard trim',10.07,1,'KE1QKPKS6Q8459351-002','KE1QKPKS6Q8459351');
INSERT INTO Part(part_number,part_status,description,cost_of_part,quantity,purchase_order_number,VIN) VALUES ('PP-BAED0029','installed','Hinge',56.21,1,'KE1QKPKS6Q8459351-002','KE1QKPKS6Q8459351');
INSERT INTO Part(part_number,part_status,description,cost_of_part,quantity,purchase_order_number,VIN) VALUES ('PP-BAEW0040','installed','Window seal',36.14,2,'KE1QKPKS6Q8459351-002','KE1QKPKS6Q8459351');
INSERT INTO Part(part_number,part_status,description,cost_of_part,quantity,purchase_order_number,VIN) VALUES ('PP-EAEM0148','installed','Speedometer calibrator',3.87,1,'ME064DUO8S0025936-001','ME064DUO8S0025936');
INSERT INTO Part(part_number,part_status,description,cost_of_part,quantity,purchase_order_number,VIN) VALUES ('PP-IFCAP0151','ordered','Carpet and other floor material',0.64,4,'ME064DUO8S0025936-001','ME064DUO8S0025936');
INSERT INTO Part(part_number,part_status,description,cost_of_part,quantity,purchase_order_number,VIN) VALUES ('PP-PACBS0180','received','Brake servo',1.31,1,'ME064DUO8S0025936-001','ME064DUO8S0025936');
INSERT INTO Part(part_number,part_status,description,cost_of_part,quantity,purchase_order_number,VIN) VALUES ('PP-EAEESS0059','installed','Battery plate',126.42,2,'MJZ2P85E65M015209-002','MJZ2P85E65M015209');
INSERT INTO Part(part_number,part_status,description,cost_of_part,quantity,purchase_order_number,VIN) VALUES ('PP-EAEESS0061','installed','Voltage regulator',66.51,1,'MJZ2P85E65M015209-002','MJZ2P85E65M015209');
INSERT INTO Part(part_number,part_status,description,cost_of_part,quantity,purchase_order_number,VIN) VALUES ('PP-EAES0112','installed','IMA sensor',61.7,1,'MJZ2P85E65M015209-002','MJZ2P85E65M015209');
INSERT INTO Part(part_number,part_status,description,cost_of_part,quantity,purchase_order_number,VIN) VALUES ('PP-BAE0010','installed','Grille',42.7,2,'MTBE6DK55IO892347-004','MTBE6DK55IO892347');
INSERT INTO Part(part_number,part_status,description,cost_of_part,quantity,purchase_order_number,VIN) VALUES ('PP-EAEAD0044','installed','Other devices',57.74,1,'MTBE6DK55IO892347-004','MTBE6DK55IO892347');
INSERT INTO Part(part_number,part_status,description,cost_of_part,quantity,purchase_order_number,VIN) VALUES ('PP-EAES0124','installed','Switch cover',1.85,1,'MTBE6DK55IO892347-004','MTBE6DK55IO892347');
INSERT INTO Part(part_number,part_status,description,cost_of_part,quantity,purchase_order_number,VIN) VALUES ('PP-ICS0155','ordered','Bucket Seat',4.42,1,'MTBE6DK55IO892347-004','MTBE6DK55IO892347');
INSERT INTO Part(part_number,part_status,description,cost_of_part,quantity,purchase_order_number,VIN) VALUES ('PP-BAED0025','installed','Inner door handle',83.26,1,'N2VSLYX8OXL077775-001','N2VSLYX8OXL077775');
INSERT INTO Part(part_number,part_status,description,cost_of_part,quantity,purchase_order_number,VIN) VALUES ('PP-EAEWH0128','installed','Air conditioning harness',102.14,1,'N2VSLYX8OXL077775-001','N2VSLYX8OXL077775');
INSERT INTO Part(part_number,part_status,description,cost_of_part,quantity,purchase_order_number,VIN) VALUES ('PP-EAEAD0047','installed','Subwoofer',15.58,1,'N5QQ2WLB5PL198189-001','N5QQ2WLB5PL198189');
INSERT INTO Part(part_number,part_status,description,cost_of_part,quantity,purchase_order_number,VIN) VALUES ('PP-EAES0126','installed','Thermostat',27.43,1,'N5QQ2WLB5PL198189-001','N5QQ2WLB5PL198189');
INSERT INTO Part(part_number,part_status,description,cost_of_part,quantity,purchase_order_number,VIN) VALUES ('PP-PACBS0191','installed','Brake booster hose',4.52,1,'N5QQ2WLB5PL198189-001','N5QQ2WLB5PL198189');
INSERT INTO Part(part_number,part_status,description,cost_of_part,quantity,purchase_order_number,VIN) VALUES ('PP-PACBS0192','installed','Air brake nylon hose',61.82,1,'N5QQ2WLB5PL198189-001','N5QQ2WLB5PL198189');
INSERT INTO Part(part_number,part_status,description,cost_of_part,quantity,purchase_order_number,VIN) VALUES ('PP-BAEW0034','installed','Sunroof',16.64,1,'N5QQ2WLB5PL198189-002','N5QQ2WLB5PL198189');
INSERT INTO Part(part_number,part_status,description,cost_of_part,quantity,purchase_order_number,VIN) VALUES ('PP-EAEESS0056','ordered','Battery cable terminal',65.21,5,'NM3BN4RJS1M492634-004','NM3BN4RJS1M492634');
INSERT INTO Part(part_number,part_status,description,cost_of_part,quantity,purchase_order_number,VIN) VALUES ('PP-EAEESS0060','installed','Battery tray',17.13,2,'NM3BN4RJS1M492634-004','NM3BN4RJS1M492634');
INSERT INTO Part(part_number,part_status,description,cost_of_part,quantity,purchase_order_number,VIN) VALUES ('PP-EAES0102','received','Oxygen sensor',56.31,2,'NM3BN4RJS1M492634-004','NM3BN4RJS1M492634');
INSERT INTO Part(part_number,part_status,description,cost_of_part,quantity,purchase_order_number,VIN) VALUES ('PP-EAEAD0046','installed','Tuner',28.52,1,'NRQQC5OQ0F4586467-001','NRQQC5OQ0F4586467');
INSERT INTO Part(part_number,part_status,description,cost_of_part,quantity,purchase_order_number,VIN) VALUES ('PP-EAEGAM0062','received','Ammeter',36.04,1,'NRQQC5OQ0F4586467-001','NRQQC5OQ0F4586467');
INSERT INTO Part(part_number,part_status,description,cost_of_part,quantity,purchase_order_number,VIN) VALUES ('PP-BAE0002','installed','Unexposed bumper',140.13,1,'PI5K0FV5WKD862880-001','PI5K0FV5WKD862880');
INSERT INTO Part(part_number,part_status,description,cost_of_part,quantity,purchase_order_number,VIN) VALUES ('PP-EAEM0144','installed','Relay connector',127.53,1,'PI5K0FV5WKD862880-001','PI5K0FV5WKD862880');
INSERT INTO Part(part_number,part_status,description,cost_of_part,quantity,purchase_order_number,VIN) VALUES ('PP-EAELASS0092','installed','Tail light cover',58.24,1,'POBJLZ8FZN0427016-001','POBJLZ8FZN0427016');
INSERT INTO Part(part_number,part_status,description,cost_of_part,quantity,purchase_order_number,VIN) VALUES ('PP-PACBS0184','installed','Brake warning light',164.47,1,'POBJLZ8FZN0427016-001','POBJLZ8FZN0427016');
INSERT INTO Part(part_number,part_status,description,cost_of_part,quantity,purchase_order_number,VIN) VALUES ('PP-EAEM0136','ordered','Cruise control computer',37.28,1,'QF6QBNKTPSA019446-002','QF6QBNKTPSA019446');
INSERT INTO Part(part_number,part_status,description,cost_of_part,quantity,purchase_order_number,VIN) VALUES ('PP-BAEW0037','installed','Window regulator',25.14,1,'SL5LRZAJFUI810871-002','SL5LRZAJFUI810871');
INSERT INTO Part(part_number,part_status,description,cost_of_part,quantity,purchase_order_number,VIN) VALUES ('PP-EAELASS0092','received','Tail light cover',24.71,1,'SL5LRZAJFUI810871-002','SL5LRZAJFUI810871');
INSERT INTO Part(part_number,part_status,description,cost_of_part,quantity,purchase_order_number,VIN) VALUES ('PP-BAED0029','installed','Hinge',10.36,1,'TRB4XOLO3Y2181257-004','TRB4XOLO3Y2181257');
INSERT INTO Part(part_number,part_status,description,cost_of_part,quantity,purchase_order_number,VIN) VALUES ('PP-EAECS0051','installed','Alternator fan',29.99,1,'TRB4XOLO3Y2181257-004','TRB4XOLO3Y2181257');
INSERT INTO Part(part_number,part_status,description,cost_of_part,quantity,purchase_order_number,VIN) VALUES ('PP-EAEWH0131','installed','Underfloor harness',28.72,1,'TRB4XOLO3Y2181257-004','TRB4XOLO3Y2181257');
INSERT INTO Part(part_number,part_status,description,cost_of_part,quantity,purchase_order_number,VIN) VALUES ('PP-BAED0031','received','Lock',67.78,1,'U1GXDUQ2NVP642154-004','U1GXDUQ2NVP642154');
INSERT INTO Part(part_number,part_status,description,cost_of_part,quantity,purchase_order_number,VIN) VALUES ('PP-EAES0096','installed','Crankshaft position sensor',74.75,1,'U1GXDUQ2NVP642154-004','U1GXDUQ2NVP642154');
INSERT INTO Part(part_number,part_status,description,cost_of_part,quantity,purchase_order_number,VIN) VALUES ('PP-EAEAD0046','installed','Tuner',100.91,1,'U6AKQW00N22614671-002','U6AKQW00N22614671');
INSERT INTO Part(part_number,part_status,description,cost_of_part,quantity,purchase_order_number,VIN) VALUES ('PP-EAES0099','installed','Knock sensor',51.42,2,'U6AKQW00N22614671-002','U6AKQW00N22614671');
INSERT INTO Part(part_number,part_status,description,cost_of_part,quantity,purchase_order_number,VIN) VALUES ('PP-EAES0106','installed','Rotational sensor',38.88,1,'VLYZ0TBEDGM584853-005','VLYZ0TBEDGM584853');
INSERT INTO Part(part_number,part_status,description,cost_of_part,quantity,purchase_order_number,VIN) VALUES ('PP-EAES0104','installed','Pressure sensor',2.63,1,'VWWOX3PM6QD757820-003','VWWOX3PM6QD757820');
INSERT INTO Part(part_number,part_status,description,cost_of_part,quantity,purchase_order_number,VIN) VALUES ('PP-EAES0112','installed','IMA sensor',39.77,1,'Z0405USEZKH796737-003','Z0405USEZKH796737');
INSERT INTO Part(part_number,part_status,description,cost_of_part,quantity,purchase_order_number,VIN) VALUES ('PP-PACBS0189','installed','Hold-down springs',70.83,1,'Z0405USEZKH796737-003','Z0405USEZKH796737');
INSERT INTO Part(part_number,part_status,description,cost_of_part,quantity,purchase_order_number,VIN) VALUES ('PP-BAE0002','installed','Unexposed bumper',40.89,1,'Z1QCG3DRQAX515930-003','Z1QCG3DRQAX515930');
INSERT INTO Part(part_number,part_status,description,cost_of_part,quantity,purchase_order_number,VIN) VALUES ('PP-PACBS0183','installed','Shoe web',76.57,1,'Z1QCG3DRQAX515930-003','Z1QCG3DRQAX515930');
INSERT INTO Part(part_number,part_status,description,cost_of_part,quantity,purchase_order_number,VIN) VALUES ('RE-BAEW0039','installed','Windshield washer motor',6.65,1,'054CB5NHFMK652777-001','054CB5NHFMK652777');
INSERT INTO Part(part_number,part_status,description,cost_of_part,quantity,purchase_order_number,VIN) VALUES ('RE-PACBS0190','installed','Hose',225.61,1,'054CB5NHFMK652777-001','054CB5NHFMK652777');
INSERT INTO Part(part_number,part_status,description,cost_of_part,quantity,purchase_order_number,VIN) VALUES ('RE-BAED0024','ordered','Outer door handle',89.73,1,'2BEGOJVB21D198188-001','2BEGOJVB21D198188');
INSERT INTO Part(part_number,part_status,description,cost_of_part,quantity,purchase_order_number,VIN) VALUES ('RE-EAELASS0088','installed','Interior light and lamp',24.88,2,'2CB6WLH88NB344487-004','2CB6WLH88NB344487');
INSERT INTO Part(part_number,part_status,description,cost_of_part,quantity,purchase_order_number,VIN) VALUES ('RE-BAE0009','installed','Front fascia and header panel',57.97,1,'3NED8CVSG6V494138-003','3NED8CVSG6V494138');
INSERT INTO Part(part_number,part_status,description,cost_of_part,quantity,purchase_order_number,VIN) VALUES ('RE-EAESS0117','installed','Starter Motor',1.35,1,'3NED8CVSG6V494138-003','3NED8CVSG6V494138');
INSERT INTO Part(part_number,part_status,description,cost_of_part,quantity,purchase_order_number,VIN) VALUES ('RE-PACBS0188','installed','Dual circuit brake system',27.78,1,'3NED8CVSG6V494138-003','3NED8CVSG6V494138');
INSERT INTO Part(part_number,part_status,description,cost_of_part,quantity,purchase_order_number,VIN) VALUES ('RE-BAE0021','installed','Valance',81.17,1,'5NFMDSJIMMB492412-003','5NFMDSJIMMB492412');
INSERT INTO Part(part_number,part_status,description,cost_of_part,quantity,purchase_order_number,VIN) VALUES ('RE-EAEESS0054','installed','Performance battery',116.69,1,'5NFMDSJIMMB492412-003','5NFMDSJIMMB492412');
INSERT INTO Part(part_number,part_status,description,cost_of_part,quantity,purchase_order_number,VIN) VALUES ('RE-EAEWH0129','ordered','Engine compartment harness',111.06,1,'5NFMDSJIMMB492412-003','5NFMDSJIMMB492412');
INSERT INTO Part(part_number,part_status,description,cost_of_part,quantity,purchase_order_number,VIN) VALUES ('RE-EAEGAM0072','received','Vacuum gauge',30.33,1,'6AZQDNCM3G6215989-001','6AZQDNCM3G6215989');
INSERT INTO Part(part_number,part_status,description,cost_of_part,quantity,purchase_order_number,VIN) VALUES ('RE-PACBS0175','installed','Brake pedal',18.3,1,'73HIEJVMY26464395-001','73HIEJVMY26464395');
INSERT INTO Part(part_number,part_status,description,cost_of_part,quantity,purchase_order_number,VIN) VALUES ('RE-PACBS0184','installed','Brake warning light',144.8,1,'73HIEJVMY26464395-001','73HIEJVMY26464395');
INSERT INTO Part(part_number,part_status,description,cost_of_part,quantity,purchase_order_number,VIN) VALUES ('RE-BAE0021','installed','Valance',19.72,1,'A58PSDYJWYD029917-001','A58PSDYJWYD029917');
INSERT INTO Part(part_number,part_status,description,cost_of_part,quantity,purchase_order_number,VIN) VALUES ('RE-PACBS0163','received','Anti-lock braking system',26.56,1,'A58PSDYJWYD029917-001','A58PSDYJWYD029917');
INSERT INTO Part(part_number,part_status,description,cost_of_part,quantity,purchase_order_number,VIN) VALUES ('RE-PACBS0191','received','Brake booster hose',33.15,1,'A58PSDYJWYD029917-001','A58PSDYJWYD029917');
INSERT INTO Part(part_number,part_status,description,cost_of_part,quantity,purchase_order_number,VIN) VALUES ('RE-EAEESS0055','received','Battery box',37.72,2,'ANW7EMLQVI6782246-002','ANW7EMLQVI6782246');
INSERT INTO Part(part_number,part_status,description,cost_of_part,quantity,purchase_order_number,VIN) VALUES ('RE-EAEESS0061','ordered','Voltage regulator',11.64,1,'ANW7EMLQVI6782246-002','ANW7EMLQVI6782246');
INSERT INTO Part(part_number,part_status,description,cost_of_part,quantity,purchase_order_number,VIN) VALUES ('RE-ICS0154','installed','Bench Seat',8.97,1,'ANW7EMLQVI6782246-002','ANW7EMLQVI6782246');
INSERT INTO Part(part_number,part_status,description,cost_of_part,quantity,purchase_order_number,VIN) VALUES ('RE-BAE0018','installed','Rear spoiler',58.04,1,'BH6Z8Q8YUSV665327-002','BH6Z8Q8YUSV665327');
INSERT INTO Part(part_number,part_status,description,cost_of_part,quantity,purchase_order_number,VIN) VALUES ('RE-BAED0028','installed','Door watershield',26.24,1,'DBF5M62ODXK242204-001','DBF5M62ODXK242204');
INSERT INTO Part(part_number,part_status,description,cost_of_part,quantity,purchase_order_number,VIN) VALUES ('RE-BAE0000','installed','Bonnet/hood',25.48,2,'EZ144Z2QAJC644839-003','EZ144Z2QAJC644839');
INSERT INTO Part(part_number,part_status,description,cost_of_part,quantity,purchase_order_number,VIN) VALUES ('RE-BAE0002','installed','Unexposed bumper',49.11,1,'EZ144Z2QAJC644839-003','EZ144Z2QAJC644839');
INSERT INTO Part(part_number,part_status,description,cost_of_part,quantity,purchase_order_number,VIN) VALUES ('RE-EAEM0150','installed','Wiring connector',28.69,1,'EZ144Z2QAJC644839-003','EZ144Z2QAJC644839');
INSERT INTO Part(part_number,part_status,description,cost_of_part,quantity,purchase_order_number,VIN) VALUES ('RE-PACBS0195','installed','Load-sensing valve',14.01,1,'EZ144Z2QAJC644839-003','EZ144Z2QAJC644839');
INSERT INTO Part(part_number,part_status,description,cost_of_part,quantity,purchase_order_number,VIN) VALUES ('RE-EAES0093','installed','Airbag sensor',20.46,1,'FPJBMT3OOG8061158-002','FPJBMT3OOG8061158');
INSERT INTO Part(part_number,part_status,description,cost_of_part,quantity,purchase_order_number,VIN) VALUES ('RE-ICS0161','installed','Seat cover',1.93,1,'GEW8SXH3TWS985107-002','GEW8SXH3TWS985107');
INSERT INTO Part(part_number,part_status,description,cost_of_part,quantity,purchase_order_number,VIN) VALUES ('RE-PACBS0164','installed','ABS steel pin',44.1,1,'GEW8SXH3TWS985107-002','GEW8SXH3TWS985107');
INSERT INTO Part(part_number,part_status,description,cost_of_part,quantity,purchase_order_number,VIN) VALUES ('RE-PACBS0194','installed','Hydraulic booster unit',95.06,5,'GEW8SXH3TWS985107-002','GEW8SXH3TWS985107');
INSERT INTO Part(part_number,part_status,description,cost_of_part,quantity,purchase_order_number,VIN) VALUES ('RE-BAE0000','received','Bonnet/hood',91,1,'IHYW5EQH7SL835482-001','IHYW5EQH7SL835482');
INSERT INTO Part(part_number,part_status,description,cost_of_part,quantity,purchase_order_number,VIN) VALUES ('RE-EAEM0148','ordered','Speedometer calibrator',80.36,1,'IHYW5EQH7SL835482-001','IHYW5EQH7SL835482');
INSERT INTO Part(part_number,part_status,description,cost_of_part,quantity,purchase_order_number,VIN) VALUES ('RE-BAED0032','installed','Centre Locking',31.76,1,'JS0Y5W8KIDC106093-002','JS0Y5W8KIDC106093');
INSERT INTO Part(part_number,part_status,description,cost_of_part,quantity,purchase_order_number,VIN) VALUES ('RE-EAEIS0082','installed','Magneto',20.74,2,'JS0Y5W8KIDC106093-002','JS0Y5W8KIDC106093');
INSERT INTO Part(part_number,part_status,description,cost_of_part,quantity,purchase_order_number,VIN) VALUES ('RE-EAEM0136','installed','Cruise control computer',30.53,2,'JS0Y5W8KIDC106093-002','JS0Y5W8KIDC106093');
INSERT INTO Part(part_number,part_status,description,cost_of_part,quantity,purchase_order_number,VIN) VALUES ('RE-PACBS0168','installed','Brake backing plate',29.23,1,'JS0Y5W8KIDC106093-002','JS0Y5W8KIDC106093');
INSERT INTO Part(part_number,part_status,description,cost_of_part,quantity,purchase_order_number,VIN) VALUES ('RE-EAEESS0056','installed','Battery cable terminal',54.54,1,'JZKBFXYGWL5900436-001','JZKBFXYGWL5900436');
INSERT INTO Part(part_number,part_status,description,cost_of_part,quantity,purchase_order_number,VIN) VALUES ('RE-EAEGAM0073','installed','Voltmeter',6.34,1,'K3MTK4TIJNU760358-001','K3MTK4TIJNU760358');
INSERT INTO Part(part_number,part_status,description,cost_of_part,quantity,purchase_order_number,VIN) VALUES ('RE-EAESS0115','installed','Starter',5.02,4,'K3MTK4TIJNU760358-001','K3MTK4TIJNU760358');
INSERT INTO Part(part_number,part_status,description,cost_of_part,quantity,purchase_order_number,VIN) VALUES ('RE-PACBS0188','installed','Dual circuit brake system',75.29,1,'K3MTK4TIJNU760358-001','K3MTK4TIJNU760358');
INSERT INTO Part(part_number,part_status,description,cost_of_part,quantity,purchase_order_number,VIN) VALUES ('RE-EAEIS0077','installed','Electronic timing controller',33.18,1,'KCXGZEVS1QW404654-001','KCXGZEVS1QW404654');
INSERT INTO Part(part_number,part_status,description,cost_of_part,quantity,purchase_order_number,VIN) VALUES ('RE-BAE0022','installed','Welded assembly',118.34,4,'MAO8BQ1NDT7049472-001','MAO8BQ1NDT7049472');
INSERT INTO Part(part_number,part_status,description,cost_of_part,quantity,purchase_order_number,VIN) VALUES ('RE-BAED0023','installed','Door beam and panel',128.44,1,'MAO8BQ1NDT7049472-001','MAO8BQ1NDT7049472');
INSERT INTO Part(part_number,part_status,description,cost_of_part,quantity,purchase_order_number,VIN) VALUES ('RE-EAEAD0041','installed','Antenna assembly',40.16,1,'MAO8BQ1NDT7049472-001','MAO8BQ1NDT7049472');
INSERT INTO Part(part_number,part_status,description,cost_of_part,quantity,purchase_order_number,VIN) VALUES ('RE-PACBS0166','installed','Anchor',17.95,1,'MAO8BQ1NDT7049472-001','MAO8BQ1NDT7049472');
INSERT INTO Part(part_number,part_status,description,cost_of_part,quantity,purchase_order_number,VIN) VALUES ('RE-EAEAD0045','ordered','Speaker',23.1,1,'NLYCMW5DAS5194596-001','NLYCMW5DAS5194596');
INSERT INTO Part(part_number,part_status,description,cost_of_part,quantity,purchase_order_number,VIN) VALUES ('RE-EAES0106','installed','Rotational sensor',50.81,1,'NLYCMW5DAS5194596-001','NLYCMW5DAS5194596');
INSERT INTO Part(part_number,part_status,description,cost_of_part,quantity,purchase_order_number,VIN) VALUES ('RE-BAEW0034','installed','Sunroof',141.81,3,'OQPBCN4Y1YB733979-002','OQPBCN4Y1YB733979');
INSERT INTO Part(part_number,part_status,description,cost_of_part,quantity,purchase_order_number,VIN) VALUES ('RE-EAEAD0045','installed','Speaker',115.54,1,'OQPBCN4Y1YB733979-002','OQPBCN4Y1YB733979');
INSERT INTO Part(part_number,part_status,description,cost_of_part,quantity,purchase_order_number,VIN) VALUES ('RE-EAEAD0046','installed','Tuner',114.2,1,'OQPBCN4Y1YB733979-002','OQPBCN4Y1YB733979');
INSERT INTO Part(part_number,part_status,description,cost_of_part,quantity,purchase_order_number,VIN) VALUES ('RE-EAEGAM0069','installed','Tachometer',116.66,1,'OQPBCN4Y1YB733979-002','OQPBCN4Y1YB733979');
INSERT INTO Part(part_number,part_status,description,cost_of_part,quantity,purchase_order_number,VIN) VALUES ('RE-BAED0023','installed','Door beam and panel',141.47,2,'OQPBCN4Y1YB733979-005','OQPBCN4Y1YB733979');
INSERT INTO Part(part_number,part_status,description,cost_of_part,quantity,purchase_order_number,VIN) VALUES ('RE-EAEESS0061','installed','Voltage regulator',136.37,1,'OQPBCN4Y1YB733979-005','OQPBCN4Y1YB733979');
INSERT INTO Part(part_number,part_status,description,cost_of_part,quantity,purchase_order_number,VIN) VALUES ('RE-ICS0153','installed','Armrest',143.89,1,'OQPBCN4Y1YB733979-005','OQPBCN4Y1YB733979');
INSERT INTO Part(part_number,part_status,description,cost_of_part,quantity,purchase_order_number,VIN) VALUES ('RE-PACBS0164','installed','ABS steel pin',143.09,1,'OQPBCN4Y1YB733979-005','OQPBCN4Y1YB733979');
INSERT INTO Part(part_number,part_status,description,cost_of_part,quantity,purchase_order_number,VIN) VALUES ('RE-EAES0108','installed','Transmission input and output sensor',102.55,1,'P54475O4N8K403608-003','P54475O4N8K403608');
INSERT INTO Part(part_number,part_status,description,cost_of_part,quantity,purchase_order_number,VIN) VALUES ('RE-EAEWH0129','installed','Engine compartment harness',124.73,1,'P54475O4N8K403608-003','P54475O4N8K403608');
INSERT INTO Part(part_number,part_status,description,cost_of_part,quantity,purchase_order_number,VIN) VALUES ('RE-PACBS0174','installed','Brake pad',85.54,2,'P54475O4N8K403608-003','P54475O4N8K403608');
INSERT INTO Part(part_number,part_status,description,cost_of_part,quantity,purchase_order_number,VIN) VALUES ('RE-BAED0027','installed','Door seal',30.26,2,'Q3TT4GKZDHK659352-004','Q3TT4GKZDHK659352');
INSERT INTO Part(part_number,part_status,description,cost_of_part,quantity,purchase_order_number,VIN) VALUES ('RE-EAES0125','ordered','Switch panel',46.28,3,'RP3I3QO2BYF582498-003','RP3I3QO2BYF582498');
INSERT INTO Part(part_number,part_status,description,cost_of_part,quantity,purchase_order_number,VIN) VALUES ('RE-BAEW0035','installed','Sunroof motor',8.75,1,'V08JG7APNII434369-004','V08JG7APNII434369');
INSERT INTO Part(part_number,part_status,description,cost_of_part,quantity,purchase_order_number,VIN) VALUES ('RE-EAES0120','installed','Door switch',16.56,4,'VTVE6444244403193-004','VTVE6444244403193');
INSERT INTO Part(part_number,part_status,description,cost_of_part,quantity,purchase_order_number,VIN) VALUES ('RE-BAE0004','installed','Cowl screen',52.78,1,'XNUNZXGY3NC711419-001','XNUNZXGY3NC711419');
INSERT INTO Part(part_number,part_status,description,cost_of_part,quantity,purchase_order_number,VIN) VALUES ('RE-EAELASS0085','installed','Halogen',34.63,1,'XNUNZXGY3NC711419-001','XNUNZXGY3NC711419');
INSERT INTO Part(part_number,part_status,description,cost_of_part,quantity,purchase_order_number,VIN) VALUES ('RE-PACBS0170','installed','Brake cooling duct',10.58,1,'XNUNZXGY3NC711419-001','XNUNZXGY3NC711419');
INSERT INTO Part(part_number,part_status,description,cost_of_part,quantity,purchase_order_number,VIN) VALUES ('RE-EAEAD0041','installed','Antenna assembly',35.84,1,'XPBUWRX56F6412345-001','XPBUWRX56F6412345');
INSERT INTO Part(part_number,part_status,description,cost_of_part,quantity,purchase_order_number,VIN) VALUES ('RE-EAEM0146','installed','Shift improver',0.04,1,'XPBUWRX56F6412345-001','XPBUWRX56F6412345');
INSERT INTO Part(part_number,part_status,description,cost_of_part,quantity,purchase_order_number,VIN) VALUES ('RE-ICS0153','installed','Armrest',31.48,1,'XPBUWRX56F6412345-001','XPBUWRX56F6412345');
INSERT INTO Part(part_number,part_status,description,cost_of_part,quantity,purchase_order_number,VIN) VALUES ('RE-PACBS0186','received','Caliper',79.35,1,'XPBUWRX56F6412345-001','XPBUWRX56F6412345');
INSERT INTO Part(part_number,part_status,description,cost_of_part,quantity,purchase_order_number,VIN) VALUES ('RE-EAEESS0058','installed','Battery control system',59.65,1,'Z0405USEZKH796737-002','Z0405USEZKH796737');
INSERT INTO Part(part_number,part_status,description,cost_of_part,quantity,purchase_order_number,VIN) VALUES ('RE-BAE0010','installed','Grille',54.67,1,'ZBZRLDKTF22899385-002','ZBZRLDKTF22899385');
INSERT INTO Part(part_number,part_status,description,cost_of_part,quantity,purchase_order_number,VIN) VALUES ('RE-EAEGAM0062','installed','Ammeter',90.21,1,'ZBZRLDKTF22899385-002','ZBZRLDKTF22899385');
INSERT INTO Part(part_number,part_status,description,cost_of_part,quantity,purchase_order_number,VIN) VALUES ('RE-PACBS0164','installed','ABS steel pin',4.7,1,'ZBZRLDKTF22899385-002','ZBZRLDKTF22899385');
INSERT INTO Part(part_number,part_status,description,cost_of_part,quantity,purchase_order_number,VIN) VALUES ('SD-BAE0009','installed','Front fascia and header panel',113.4,1,'0O56VQ0TP1C342110-003','0O56VQ0TP1C342110');
INSERT INTO Part(part_number,part_status,description,cost_of_part,quantity,purchase_order_number,VIN) VALUES ('SD-EAEIS0078','installed','Ignition box',247.32,4,'0O56VQ0TP1C342110-003','0O56VQ0TP1C342110');
INSERT INTO Part(part_number,part_status,description,cost_of_part,quantity,purchase_order_number,VIN) VALUES ('SD-EAEGAM0070','installed','Temperature gauge',59.63,1,'1GIQVMBR2A2798107-001','1GIQVMBR2A2798107');
INSERT INTO Part(part_number,part_status,description,cost_of_part,quantity,purchase_order_number,VIN) VALUES ('SD-EAES0096','installed','Crankshaft position sensor',57.09,1,'1GIQVMBR2A2798107-001','1GIQVMBR2A2798107');
INSERT INTO Part(part_number,part_status,description,cost_of_part,quantity,purchase_order_number,VIN) VALUES ('SD-PACBS0184','installed','Brake warning light',110.59,1,'1GIQVMBR2A2798107-001','1GIQVMBR2A2798107');
INSERT INTO Part(part_number,part_status,description,cost_of_part,quantity,purchase_order_number,VIN) VALUES ('SD-BAE0015','installed','Roof Rack',68.06,2,'1GIQVMBR2A2798107-004','1GIQVMBR2A2798107');
INSERT INTO Part(part_number,part_status,description,cost_of_part,quantity,purchase_order_number,VIN) VALUES ('SD-EAECS0048','installed','Alternator',70.38,3,'1GIQVMBR2A2798107-004','1GIQVMBR2A2798107');
INSERT INTO Part(part_number,part_status,description,cost_of_part,quantity,purchase_order_number,VIN) VALUES ('SD-ICS0162','installed','Seat track',36.92,2,'1GIQVMBR2A2798107-004','1GIQVMBR2A2798107');
INSERT INTO Part(part_number,part_status,description,cost_of_part,quantity,purchase_order_number,VIN) VALUES ('SD-BAED0032','ordered','Centre Locking',122.21,1,'1RMG763RUOZ482821-001','1RMG763RUOZ482821');
INSERT INTO Part(part_number,part_status,description,cost_of_part,quantity,purchase_order_number,VIN) VALUES ('SD-EAEGAM0073','installed','Voltmeter',32.48,1,'1RMG763RUOZ482821-001','1RMG763RUOZ482821');
INSERT INTO Part(part_number,part_status,description,cost_of_part,quantity,purchase_order_number,VIN) VALUES ('SD-ICS0160','installed','Seat bracket',101.7,5,'1RMG763RUOZ482821-001','1RMG763RUOZ482821');
INSERT INTO Part(part_number,part_status,description,cost_of_part,quantity,purchase_order_number,VIN) VALUES ('SD-EAEM0144','ordered','Relay connector',48.31,3,'1V61QHRD20E210923-001','1V61QHRD20E210923');
INSERT INTO Part(part_number,part_status,description,cost_of_part,quantity,purchase_order_number,VIN) VALUES ('SD-EAEGAM0074','installed','Water temperature meter',57.4,1,'2CB6WLH88NB344487-003','2CB6WLH88NB344487');
INSERT INTO Part(part_number,part_status,description,cost_of_part,quantity,purchase_order_number,VIN) VALUES ('SD-EAEIS0076','installed','Distributor',37.76,1,'2CB6WLH88NB344487-003','2CB6WLH88NB344487');
INSERT INTO Part(part_number,part_status,description,cost_of_part,quantity,purchase_order_number,VIN) VALUES ('SD-EAESS0115','installed','Starter',8.44,1,'2CB6WLH88NB344487-003','2CB6WLH88NB344487');
INSERT INTO Part(part_number,part_status,description,cost_of_part,quantity,purchase_order_number,VIN) VALUES ('SD-PACBS0188','installed','Dual circuit brake system',46.04,1,'2CB6WLH88NB344487-003','2CB6WLH88NB344487');
INSERT INTO Part(part_number,part_status,description,cost_of_part,quantity,purchase_order_number,VIN) VALUES ('SD-EAECS0050','installed','Alternator bracket',104.16,2,'2DHOH4P4672123749-005','2DHOH4P4672123749');
INSERT INTO Part(part_number,part_status,description,cost_of_part,quantity,purchase_order_number,VIN) VALUES ('SD-PACBS0182','installed','Brake lining',10.69,1,'2DHOH4P4672123749-005','2DHOH4P4672123749');
INSERT INTO Part(part_number,part_status,description,cost_of_part,quantity,purchase_order_number,VIN) VALUES ('SD-EAEGAM0073','installed','Voltmeter',102.23,1,'2LUXDFJTYZA796766-002','2LUXDFJTYZA796766');
INSERT INTO Part(part_number,part_status,description,cost_of_part,quantity,purchase_order_number,VIN) VALUES ('SD-EAEIS0076','received','Distributor',84.46,1,'2LUXDFJTYZA796766-002','2LUXDFJTYZA796766');
INSERT INTO Part(part_number,part_status,description,cost_of_part,quantity,purchase_order_number,VIN) VALUES ('SD-EAELASS0087','installed','Headlight motor',30.66,1,'2LUXDFJTYZA796766-002','2LUXDFJTYZA796766');
INSERT INTO Part(part_number,part_status,description,cost_of_part,quantity,purchase_order_number,VIN) VALUES ('SD-PACBS0163','installed','Anti-lock braking system',55.51,2,'2LUXDFJTYZA796766-002','2LUXDFJTYZA796766');
INSERT INTO Part(part_number,part_status,description,cost_of_part,quantity,purchase_order_number,VIN) VALUES ('SD-BAED0027','installed','Door seal',173.53,4,'2Y1UCXYY50T192604-002','2Y1UCXYY50T192604');
INSERT INTO Part(part_number,part_status,description,cost_of_part,quantity,purchase_order_number,VIN) VALUES ('SD-EAEGAM0071','installed','Tire pressure gauge',167.62,1,'2Y1UCXYY50T192604-002','2Y1UCXYY50T192604');
INSERT INTO Part(part_number,part_status,description,cost_of_part,quantity,purchase_order_number,VIN) VALUES ('SD-EAESS0117','installed','Starter Motor',15.44,1,'2Y1UCXYY50T192604-002','2Y1UCXYY50T192604');
INSERT INTO Part(part_number,part_status,description,cost_of_part,quantity,purchase_order_number,VIN) VALUES ('SD-PACBS0183','installed','Shoe web',75.22,4,'2Y1UCXYY50T192604-002','2Y1UCXYY50T192604');
INSERT INTO Part(part_number,part_status,description,cost_of_part,quantity,purchase_order_number,VIN) VALUES ('SD-EAEM0143','installed','Performance Monitor',14.87,1,'2YTUEYSLDJG398062-002','2YTUEYSLDJG398062');
INSERT INTO Part(part_number,part_status,description,cost_of_part,quantity,purchase_order_number,VIN) VALUES ('SD-BAE0014','installed','Rocker panel',55.62,1,'55M41D1AGKW204016-001','55M41D1AGKW204016');
INSERT INTO Part(part_number,part_status,description,cost_of_part,quantity,purchase_order_number,VIN) VALUES ('SD-EAES0126','installed','Thermostat',49.3,1,'55M41D1AGKW204016-001','55M41D1AGKW204016');
INSERT INTO Part(part_number,part_status,description,cost_of_part,quantity,purchase_order_number,VIN) VALUES ('SD-BAED0023','installed','Door beam and panel',111.97,1,'5T3XYBUNB63008211-003','5T3XYBUNB63008211');
INSERT INTO Part(part_number,part_status,description,cost_of_part,quantity,purchase_order_number,VIN) VALUES ('SD-EAEGAM0065','installed','Fuel gauge',175.82,1,'5T3XYBUNB63008211-003','5T3XYBUNB63008211');
INSERT INTO Part(part_number,part_status,description,cost_of_part,quantity,purchase_order_number,VIN) VALUES ('SD-PACBS0179','installed','Brake rotor',202.13,2,'5T3XYBUNB63008211-003','5T3XYBUNB63008211');
INSERT INTO Part(part_number,part_status,description,cost_of_part,quantity,purchase_order_number,VIN) VALUES ('SD-EAEGAM0067','installed','Odometer',47.45,1,'6LYU65SHD4H127612-001','6LYU65SHD4H127612');
INSERT INTO Part(part_number,part_status,description,cost_of_part,quantity,purchase_order_number,VIN) VALUES ('SD-EAEIS0076','received','Distributor',53.19,1,'6LYU65SHD4H127612-001','6LYU65SHD4H127612');
INSERT INTO Part(part_number,part_status,description,cost_of_part,quantity,purchase_order_number,VIN) VALUES ('SD-BAED0029','installed','Hinge',37.67,1,'ANW7EMLQVI6782246-001','ANW7EMLQVI6782246');
INSERT INTO Part(part_number,part_status,description,cost_of_part,quantity,purchase_order_number,VIN) VALUES ('SD-EAEM0140','installed','Fuse',30.49,1,'ANW7EMLQVI6782246-001','ANW7EMLQVI6782246');
INSERT INTO Part(part_number,part_status,description,cost_of_part,quantity,purchase_order_number,VIN) VALUES ('SD-EAES0095','received','Camshaft position sensor',40.2,1,'ANW7EMLQVI6782246-001','ANW7EMLQVI6782246');
INSERT INTO Part(part_number,part_status,description,cost_of_part,quantity,purchase_order_number,VIN) VALUES ('SD-EAESS0119','received','Spark Plug',37.64,1,'ANW7EMLQVI6782246-001','ANW7EMLQVI6782246');
INSERT INTO Part(part_number,part_status,description,cost_of_part,quantity,purchase_order_number,VIN) VALUES ('SD-BAEW0035','installed','Sunroof motor',166.83,2,'AOIDQU2ROYY946376-002','AOIDQU2ROYY946376');
INSERT INTO Part(part_number,part_status,description,cost_of_part,quantity,purchase_order_number,VIN) VALUES ('SD-EAES0102','installed','Oxygen sensor',22.07,2,'EUNRBUAUCXQ934676-002','EUNRBUAUCXQ934676');
INSERT INTO Part(part_number,part_status,description,cost_of_part,quantity,purchase_order_number,VIN) VALUES ('SD-EAES0098','installed','Fuel level sensor',34.24,1,'IQ73NEIBJNB403342-002','IQ73NEIBJNB403342');
INSERT INTO Part(part_number,part_status,description,cost_of_part,quantity,purchase_order_number,VIN) VALUES ('SD-EAESS0115','installed','Starter',1.81,2,'IQ73NEIBJNB403342-002','IQ73NEIBJNB403342');
INSERT INTO Part(part_number,part_status,description,cost_of_part,quantity,purchase_order_number,VIN) VALUES ('SD-EAEWH0128','installed','Air conditioning harness',36.11,1,'IQ73NEIBJNB403342-002','IQ73NEIBJNB403342');
INSERT INTO Part(part_number,part_status,description,cost_of_part,quantity,purchase_order_number,VIN) VALUES ('SD-PACBS0183','installed','Shoe web',37.56,4,'IQ73NEIBJNB403342-002','IQ73NEIBJNB403342');
INSERT INTO Part(part_number,part_status,description,cost_of_part,quantity,purchase_order_number,VIN) VALUES ('SD-EAEM0150','installed','Wiring connector',98.15,1,'L535DHDAU62985677-001','L535DHDAU62985677');
INSERT INTO Part(part_number,part_status,description,cost_of_part,quantity,purchase_order_number,VIN) VALUES ('SD-EAES0094','installed','Anti-pinch sensor',203.99,1,'M0S6NVFHN2E042385-001','M0S6NVFHN2E042385');
INSERT INTO Part(part_number,part_status,description,cost_of_part,quantity,purchase_order_number,VIN) VALUES ('SD-EAEAD0047','installed','Subwoofer',142.58,1,'M3VW8YIQKWT779745-006','M3VW8YIQKWT779745');
INSERT INTO Part(part_number,part_status,description,cost_of_part,quantity,purchase_order_number,VIN) VALUES ('SD-EAEM0137','installed','Door contact',183.33,1,'M3VW8YIQKWT779745-006','M3VW8YIQKWT779745');
INSERT INTO Part(part_number,part_status,description,cost_of_part,quantity,purchase_order_number,VIN) VALUES ('SD-EAES0112','installed','IMA sensor',14.82,1,'M3VW8YIQKWT779745-006','M3VW8YIQKWT779745');
INSERT INTO Part(part_number,part_status,description,cost_of_part,quantity,purchase_order_number,VIN) VALUES ('SD-PACBS0168','installed','Brake backing plate',71.04,1,'M3VW8YIQKWT779745-006','M3VW8YIQKWT779745');
INSERT INTO Part(part_number,part_status,description,cost_of_part,quantity,purchase_order_number,VIN) VALUES ('SD-EAEM0143','installed','Performance Monitor',22.35,1,'MATGJILCBL4124189-001','MATGJILCBL4124189');
INSERT INTO Part(part_number,part_status,description,cost_of_part,quantity,purchase_order_number,VIN) VALUES ('SD-EAES0106','installed','Rotational sensor',30.8,1,'MATGJILCBL4124189-001','MATGJILCBL4124189');
INSERT INTO Part(part_number,part_status,description,cost_of_part,quantity,purchase_order_number,VIN) VALUES ('SD-EAESS0117','installed','Starter Motor',19.76,1,'MATGJILCBL4124189-001','MATGJILCBL4124189');
INSERT INTO Part(part_number,part_status,description,cost_of_part,quantity,purchase_order_number,VIN) VALUES ('SD-PACBS0193','installed','Brake duct hose',18.7,2,'MATGJILCBL4124189-001','MATGJILCBL4124189');
INSERT INTO Part(part_number,part_status,description,cost_of_part,quantity,purchase_order_number,VIN) VALUES ('SD-EAEESS0057','installed','Battery cable',1.22,1,'MM2NLRDRNXX156196-001','MM2NLRDRNXX156196');
INSERT INTO Part(part_number,part_status,description,cost_of_part,quantity,purchase_order_number,VIN) VALUES ('SD-EAES0097','installed','Engine sensor',571.9,1,'MM2NLRDRNXX156196-001','MM2NLRDRNXX156196');
INSERT INTO Part(part_number,part_status,description,cost_of_part,quantity,purchase_order_number,VIN) VALUES ('SD-ICS0161','installed','Seat cover',302.35,4,'MM2NLRDRNXX156196-001','MM2NLRDRNXX156196');
INSERT INTO Part(part_number,part_status,description,cost_of_part,quantity,purchase_order_number,VIN) VALUES ('SD-BAE0011','received','Pillar and hard trim',22.12,1,'NKY5WJPCYVC675161-005','NKY5WJPCYVC675161');
INSERT INTO Part(part_number,part_status,description,cost_of_part,quantity,purchase_order_number,VIN) VALUES ('SD-EAEM0146','installed','Shift improver',146.88,1,'NKY5WJPCYVC675161-005','NKY5WJPCYVC675161');
INSERT INTO Part(part_number,part_status,description,cost_of_part,quantity,purchase_order_number,VIN) VALUES ('SD-PACBS0165','ordered','Adjusting mechanism',87.42,1,'NKY5WJPCYVC675161-005','NKY5WJPCYVC675161');
INSERT INTO Part(part_number,part_status,description,cost_of_part,quantity,purchase_order_number,VIN) VALUES ('SD-PACBS0184','ordered','Brake warning light',134.38,4,'NKY5WJPCYVC675161-005','NKY5WJPCYVC675161');
INSERT INTO Part(part_number,part_status,description,cost_of_part,quantity,purchase_order_number,VIN) VALUES ('SD-EAEESS0059','installed','Battery plate',0.98,1,'Q3TT4GKZDHK659352-002','Q3TT4GKZDHK659352');
INSERT INTO Part(part_number,part_status,description,cost_of_part,quantity,purchase_order_number,VIN) VALUES ('SD-EAES0093','installed','Airbag sensor',38.95,1,'Q3TT4GKZDHK659352-002','Q3TT4GKZDHK659352');
INSERT INTO Part(part_number,part_status,description,cost_of_part,quantity,purchase_order_number,VIN) VALUES ('SD-EAEGAM0071','installed','Tire pressure gauge',25.61,1,'SLY1Q4WQXLP675951-005','SLY1Q4WQXLP675951');
INSERT INTO Part(part_number,part_status,description,cost_of_part,quantity,purchase_order_number,VIN) VALUES ('SD-EAELASS0090','installed','Side lighting',36.8,2,'SLY1Q4WQXLP675951-005','SLY1Q4WQXLP675951');
INSERT INTO Part(part_number,part_status,description,cost_of_part,quantity,purchase_order_number,VIN) VALUES ('SD-EAEM0148','installed','Speedometer calibrator',26.07,1,'SLY1Q4WQXLP675951-005','SLY1Q4WQXLP675951');
INSERT INTO Part(part_number,part_status,description,cost_of_part,quantity,purchase_order_number,VIN) VALUES ('SD-EAES0104','installed','Pressure sensor',43.82,1,'VTVE6444244403193-006','VTVE6444244403193');
INSERT INTO Part(part_number,part_status,description,cost_of_part,quantity,purchase_order_number,VIN) VALUES ('SD-PACBS0165','installed','Adjusting mechanism',7.68,1,'VTVE6444244403193-006','VTVE6444244403193');
INSERT INTO Part(part_number,part_status,description,cost_of_part,quantity,purchase_order_number,VIN) VALUES ('SD-BAED0030','received','Door and bonnet',61.05,1,'W17V1HTH5IW129737-001','W17V1HTH5IW129737');
INSERT INTO Part(part_number,part_status,description,cost_of_part,quantity,purchase_order_number,VIN) VALUES ('SD-BAEW0039','received','Windshield washer motor',80.16,1,'W17V1HTH5IW129737-001','W17V1HTH5IW129737');
INSERT INTO Part(part_number,part_status,description,cost_of_part,quantity,purchase_order_number,VIN) VALUES ('SD-EAES0121','received','Ignition Switch',57.81,1,'W17V1HTH5IW129737-001','W17V1HTH5IW129737');
INSERT INTO Part(part_number,part_status,description,cost_of_part,quantity,purchase_order_number,VIN) VALUES ('SD-EAESS0116','received','Starter drive',55.33,1,'W17V1HTH5IW129737-001','W17V1HTH5IW129737');
INSERT INTO Part(part_number,part_status,description,cost_of_part,quantity,purchase_order_number,VIN) VALUES ('SD-BAE0022','ordered','Welded assembly',50.94,1,'W17V1HTH5IW129737-003','W17V1HTH5IW129737');
INSERT INTO Part(part_number,part_status,description,cost_of_part,quantity,purchase_order_number,VIN) VALUES ('SD-BAED0029','installed','Hinge',47.6,1,'W17V1HTH5IW129737-003','W17V1HTH5IW129737');
INSERT INTO Part(part_number,part_status,description,cost_of_part,quantity,purchase_order_number,VIN) VALUES ('SD-EAEIS0079','received','Ignition Coil',74.47,1,'W17V1HTH5IW129737-003','W17V1HTH5IW129737');
INSERT INTO Part(part_number,part_status,description,cost_of_part,quantity,purchase_order_number,VIN) VALUES ('SD-PACBS0179','ordered','Brake rotor',30.94,1,'W17V1HTH5IW129737-003','W17V1HTH5IW129737');
INSERT INTO Part(part_number,part_status,description,cost_of_part,quantity,purchase_order_number,VIN) VALUES ('SD-BAED0031','installed','Lock',58.3,1,'XUYF42BKSWK479574-001','XUYF42BKSWK479574');
INSERT INTO Part(part_number,part_status,description,cost_of_part,quantity,purchase_order_number,VIN) VALUES ('SD-EAEIS0081','installed','Ignition controller',35.72,1,'XUYF42BKSWK479574-001','XUYF42BKSWK479574');
INSERT INTO Part(part_number,part_status,description,cost_of_part,quantity,purchase_order_number,VIN) VALUES ('SD-BAE0011','installed','Pillar and hard trim',2.86,1,'YFV4PPW4SW8405660-003','YFV4PPW4SW8405660');
INSERT INTO Part(part_number,part_status,description,cost_of_part,quantity,purchase_order_number,VIN) VALUES ('SD-BAE0012','installed','Quarter panel',88.94,1,'YFV4PPW4SW8405660-003','YFV4PPW4SW8405660');
INSERT INTO Part(part_number,part_status,description,cost_of_part,quantity,purchase_order_number,VIN) VALUES ('SD-EAEIS0075','installed','Coil wire',180.74,1,'YFV4PPW4SW8405660-003','YFV4PPW4SW8405660');
INSERT INTO Part(part_number,part_status,description,cost_of_part,quantity,purchase_order_number,VIN) VALUES ('SD-BAED0031','installed','Lock',71.03,1,'YIRV4C5U8MN581204-001','YIRV4C5U8MN581204');
INSERT INTO Part(part_number,part_status,description,cost_of_part,quantity,purchase_order_number,VIN) VALUES ('SD-EAEAD0043','installed','Radio and media player',47.74,1,'YIRV4C5U8MN581204-001','YIRV4C5U8MN581204');
INSERT INTO Part(part_number,part_status,description,cost_of_part,quantity,purchase_order_number,VIN) VALUES ('SD-EAES0110','installed','TDC sensor',59.54,1,'YIRV4C5U8MN581204-001','YIRV4C5U8MN581204');
INSERT INTO Part(part_number,part_status,description,cost_of_part,quantity,purchase_order_number,VIN) VALUES ('SD-PACBS0170','installed','Brake cooling duct',83.25,4,'YIRV4C5U8MN581204-001','YIRV4C5U8MN581204');
INSERT INTO Part(part_number,part_status,description,cost_of_part,quantity,purchase_order_number,VIN) VALUES ('SX-EAEESS0056','received','Battery cable terminal',115.12,1,'1RMG763RUOZ482821-004','1RMG763RUOZ482821');
INSERT INTO Part(part_number,part_status,description,cost_of_part,quantity,purchase_order_number,VIN) VALUES ('SX-EAES0109','ordered','ABS brack sensor',33.55,4,'1RMG763RUOZ482821-004','1RMG763RUOZ482821');
INSERT INTO Part(part_number,part_status,description,cost_of_part,quantity,purchase_order_number,VIN) VALUES ('SX-BAE0000','received','Bonnet/hood',29.53,1,'30YUJXKGY7I314746-002','30YUJXKGY7I314746');
INSERT INTO Part(part_number,part_status,description,cost_of_part,quantity,purchase_order_number,VIN) VALUES ('SX-EAEGAM0073','received','Voltmeter',66.25,1,'30YUJXKGY7I314746-002','30YUJXKGY7I314746');
INSERT INTO Part(part_number,part_status,description,cost_of_part,quantity,purchase_order_number,VIN) VALUES ('SX-EAES0126','installed','Thermostat',40.7,1,'340C5KYKWVM715838-001','340C5KYKWVM715838');
INSERT INTO Part(part_number,part_status,description,cost_of_part,quantity,purchase_order_number,VIN) VALUES ('SX-PACBS0190','installed','Hose',99.94,2,'340C5KYKWVM715838-001','340C5KYKWVM715838');
INSERT INTO Part(part_number,part_status,description,cost_of_part,quantity,purchase_order_number,VIN) VALUES ('SX-BAE0013','installed','Radiator core support',10.62,5,'5IZQ0A8JNL8536828-002','5IZQ0A8JNL8536828');
INSERT INTO Part(part_number,part_status,description,cost_of_part,quantity,purchase_order_number,VIN) VALUES ('SX-EAEAD0046','installed','Tuner',133.26,1,'5T3XYBUNB63008211-001','5T3XYBUNB63008211');
INSERT INTO Part(part_number,part_status,description,cost_of_part,quantity,purchase_order_number,VIN) VALUES ('SX-PACBS0195','installed','Load-sensing valve',37.56,1,'5T3XYBUNB63008211-001','5T3XYBUNB63008211');
INSERT INTO Part(part_number,part_status,description,cost_of_part,quantity,purchase_order_number,VIN) VALUES ('SX-EAECS0049','installed','Alternator bearing',58.53,1,'5T3XYBUNB63008211-002','5T3XYBUNB63008211');
INSERT INTO Part(part_number,part_status,description,cost_of_part,quantity,purchase_order_number,VIN) VALUES ('SX-EAES0104','installed','Pressure sensor',151.48,1,'5T3XYBUNB63008211-002','5T3XYBUNB63008211');
INSERT INTO Part(part_number,part_status,description,cost_of_part,quantity,purchase_order_number,VIN) VALUES ('SX-BAEW0033','installed','Glass',26.88,1,'6AZQDNCM3G6215989-005','6AZQDNCM3G6215989');
INSERT INTO Part(part_number,part_status,description,cost_of_part,quantity,purchase_order_number,VIN) VALUES ('SX-EAEWH0131','installed','Underfloor harness',37.07,1,'6AZQDNCM3G6215989-005','6AZQDNCM3G6215989');
INSERT INTO Part(part_number,part_status,description,cost_of_part,quantity,purchase_order_number,VIN) VALUES ('SX-EAEM0134','ordered','Central locking system',11.75,1,'72OI8SLM4HN113041-003','72OI8SLM4HN113041');
INSERT INTO Part(part_number,part_status,description,cost_of_part,quantity,purchase_order_number,VIN) VALUES ('SX-PACBS0178','ordered','Brake roll',28.3,1,'72OI8SLM4HN113041-003','72OI8SLM4HN113041');
INSERT INTO Part(part_number,part_status,description,cost_of_part,quantity,purchase_order_number,VIN) VALUES ('SX-BAE0001','received','Bumper',70.68,1,'8U653RXUMZY984495-001','8U653RXUMZY984495');
INSERT INTO Part(part_number,part_status,description,cost_of_part,quantity,purchase_order_number,VIN) VALUES ('SX-EAEAD0043','received','Radio and media player',54.92,1,'8U653RXUMZY984495-001','8U653RXUMZY984495');
INSERT INTO Part(part_number,part_status,description,cost_of_part,quantity,purchase_order_number,VIN) VALUES ('SX-EAEIS0075','received','Coil wire',36.2,1,'8U653RXUMZY984495-001','8U653RXUMZY984495');
INSERT INTO Part(part_number,part_status,description,cost_of_part,quantity,purchase_order_number,VIN) VALUES ('SX-EAES0120','ordered','Door switch',99.28,1,'8U653RXUMZY984495-001','8U653RXUMZY984495');
INSERT INTO Part(part_number,part_status,description,cost_of_part,quantity,purchase_order_number,VIN) VALUES ('SX-EAEM0132','installed','Air bag control module',284.32,1,'BKO2YY3HI56119138-001','BKO2YY3HI56119138');
INSERT INTO Part(part_number,part_status,description,cost_of_part,quantity,purchase_order_number,VIN) VALUES ('SX-BAE0014','installed','Rocker panel',308.14,2,'E5W8EPPWZS0896119-002','E5W8EPPWZS0896119');
INSERT INTO Part(part_number,part_status,description,cost_of_part,quantity,purchase_order_number,VIN) VALUES ('SX-BAE0016','installed','Spoiler',191.04,1,'E5W8EPPWZS0896119-002','E5W8EPPWZS0896119');
INSERT INTO Part(part_number,part_status,description,cost_of_part,quantity,purchase_order_number,VIN) VALUES ('SX-PACBS0194','installed','Hydraulic booster unit',10.14,4,'E5W8EPPWZS0896119-002','E5W8EPPWZS0896119');
INSERT INTO Part(part_number,part_status,description,cost_of_part,quantity,purchase_order_number,VIN) VALUES ('SX-EAEM0148','installed','Speedometer calibrator',96.65,5,'EX0DFWC3FLW639681-005','EX0DFWC3FLW639681');
INSERT INTO Part(part_number,part_status,description,cost_of_part,quantity,purchase_order_number,VIN) VALUES ('SX-EAECS0052','installed','Other alternator parts',47.61,1,'FLACGVUE5FI388538-004','FLACGVUE5FI388538');
INSERT INTO Part(part_number,part_status,description,cost_of_part,quantity,purchase_order_number,VIN) VALUES ('SX-EAEIS0075','installed','Coil wire',7.79,1,'FLACGVUE5FI388538-004','FLACGVUE5FI388538');
INSERT INTO Part(part_number,part_status,description,cost_of_part,quantity,purchase_order_number,VIN) VALUES ('SX-EAES0101','installed','Manifold absolute pressure sensor',40.16,1,'FLACGVUE5FI388538-004','FLACGVUE5FI388538');
INSERT INTO Part(part_number,part_status,description,cost_of_part,quantity,purchase_order_number,VIN) VALUES ('SX-EAESS0115','installed','Starter',15.26,1,'FLACGVUE5FI388538-004','FLACGVUE5FI388538');
INSERT INTO Part(part_number,part_status,description,cost_of_part,quantity,purchase_order_number,VIN) VALUES ('SX-EAEGAM0072','installed','Vacuum gauge',49.85,1,'FPJBMT3OOG8061158-003','FPJBMT3OOG8061158');
INSERT INTO Part(part_number,part_status,description,cost_of_part,quantity,purchase_order_number,VIN) VALUES ('SX-EAEGAM0074','installed','Water temperature meter',12.1,1,'FPJBMT3OOG8061158-003','FPJBMT3OOG8061158');
INSERT INTO Part(part_number,part_status,description,cost_of_part,quantity,purchase_order_number,VIN) VALUES ('SX-EAEGAM0070','installed','Temperature gauge',132.64,1,'HGHHV1IWCUX780355-002','HGHHV1IWCUX780355');
INSERT INTO Part(part_number,part_status,description,cost_of_part,quantity,purchase_order_number,VIN) VALUES ('SX-EAEGAM0074','installed','Water temperature meter',87.65,1,'HGHHV1IWCUX780355-002','HGHHV1IWCUX780355');
INSERT INTO Part(part_number,part_status,description,cost_of_part,quantity,purchase_order_number,VIN) VALUES ('SX-EAES0123','installed','Steering column switch',51.23,2,'HGHHV1IWCUX780355-002','HGHHV1IWCUX780355');
INSERT INTO Part(part_number,part_status,description,cost_of_part,quantity,purchase_order_number,VIN) VALUES ('SX-BAE0000','installed','Bonnet/hood',94.03,1,'HTIAUKNL6TA101731-001','HTIAUKNL6TA101731');
INSERT INTO Part(part_number,part_status,description,cost_of_part,quantity,purchase_order_number,VIN) VALUES ('SX-PACBS0172','installed','Brake drum',52.66,2,'HTIAUKNL6TA101731-001','HTIAUKNL6TA101731');
INSERT INTO Part(part_number,part_status,description,cost_of_part,quantity,purchase_order_number,VIN) VALUES ('SX-EAEGAM0065','installed','Fuel gauge',184.8,1,'IZPS1NTRXAH046134-001','IZPS1NTRXAH046134');
INSERT INTO Part(part_number,part_status,description,cost_of_part,quantity,purchase_order_number,VIN) VALUES ('SX-PACBS0178','installed','Brake roll',48.19,1,'IZPS1NTRXAH046134-001','IZPS1NTRXAH046134');
INSERT INTO Part(part_number,part_status,description,cost_of_part,quantity,purchase_order_number,VIN) VALUES ('SX-EAEM0143','installed','Performance Monitor',58.9,1,'JA7YVHAFRLT437706-001','JA7YVHAFRLT437706');
INSERT INTO Part(part_number,part_status,description,cost_of_part,quantity,purchase_order_number,VIN) VALUES ('SX-ICS0153','installed','Armrest',38.01,1,'JA7YVHAFRLT437706-001','JA7YVHAFRLT437706');
INSERT INTO Part(part_number,part_status,description,cost_of_part,quantity,purchase_order_number,VIN) VALUES ('SX-BAED0028','installed','Door watershield',67.89,1,'JE1O6OHJZW1220783-001','JE1O6OHJZW1220783');
INSERT INTO Part(part_number,part_status,description,cost_of_part,quantity,purchase_order_number,VIN) VALUES ('SX-ICS0161','installed','Seat cover',10.16,1,'JE1O6OHJZW1220783-001','JE1O6OHJZW1220783');
INSERT INTO Part(part_number,part_status,description,cost_of_part,quantity,purchase_order_number,VIN) VALUES ('SX-BAE0007','installed','Fender Musical Instruments Corporation',90.19,1,'JE1O6OHJZW1220783-002','JE1O6OHJZW1220783');
INSERT INTO Part(part_number,part_status,description,cost_of_part,quantity,purchase_order_number,VIN) VALUES ('SX-EAEGAM0063','installed','Clinometer',106.29,1,'JE1O6OHJZW1220783-002','JE1O6OHJZW1220783');
INSERT INTO Part(part_number,part_status,description,cost_of_part,quantity,purchase_order_number,VIN) VALUES ('SX-EAEIS0081','installed','Ignition controller',72.85,1,'JE1O6OHJZW1220783-002','JE1O6OHJZW1220783');
INSERT INTO Part(part_number,part_status,description,cost_of_part,quantity,purchase_order_number,VIN) VALUES ('SX-PACBS0191','installed','Brake booster hose',62.24,5,'JE1O6OHJZW1220783-002','JE1O6OHJZW1220783');
INSERT INTO Part(part_number,part_status,description,cost_of_part,quantity,purchase_order_number,VIN) VALUES ('SX-BAED0025','received','Inner door handle',16.15,1,'NM3BN4RJS1M492634-005','NM3BN4RJS1M492634');
INSERT INTO Part(part_number,part_status,description,cost_of_part,quantity,purchase_order_number,VIN) VALUES ('SX-BAEW0033','ordered','Glass',37.05,1,'NM3BN4RJS1M492634-005','NM3BN4RJS1M492634');
INSERT INTO Part(part_number,part_status,description,cost_of_part,quantity,purchase_order_number,VIN) VALUES ('SX-EAEAD0046','installed','Tuner',47.83,1,'NM3BN4RJS1M492634-005','NM3BN4RJS1M492634');
INSERT INTO Part(part_number,part_status,description,cost_of_part,quantity,purchase_order_number,VIN) VALUES ('SX-EAEESS0060','received','Battery tray',59.69,1,'NM3BN4RJS1M492634-005','NM3BN4RJS1M492634');
INSERT INTO Part(part_number,part_status,description,cost_of_part,quantity,purchase_order_number,VIN) VALUES ('SX-PACBS0177','installed','Brake pump',120.6,1,'NNKIP3UNIGZ353715-003','NNKIP3UNIGZ353715');
INSERT INTO Part(part_number,part_status,description,cost_of_part,quantity,purchase_order_number,VIN) VALUES ('SX-PACBS0183','installed','Shoe web',19.59,1,'NNKIP3UNIGZ353715-003','NNKIP3UNIGZ353715');
INSERT INTO Part(part_number,part_status,description,cost_of_part,quantity,purchase_order_number,VIN) VALUES ('SX-BAEW0035','ordered','Sunroof motor',5.8,1,'OY3DWMTTXNP309610-001','OY3DWMTTXNP309610');
INSERT INTO Part(part_number,part_status,description,cost_of_part,quantity,purchase_order_number,VIN) VALUES ('SX-EAEM0146','installed','Shift improver',1.99,1,'Q6C80HSWMFK634460-002','Q6C80HSWMFK634460');
INSERT INTO Part(part_number,part_status,description,cost_of_part,quantity,purchase_order_number,VIN) VALUES ('SX-BAE0013','installed','Radiator core support',18.49,1,'SAN8CKZV8O6386790-003','SAN8CKZV8O6386790');
INSERT INTO Part(part_number,part_status,description,cost_of_part,quantity,purchase_order_number,VIN) VALUES ('SX-IFCAP0152','installed','Center console',18.09,1,'SAN8CKZV8O6386790-003','SAN8CKZV8O6386790');
INSERT INTO Part(part_number,part_status,description,cost_of_part,quantity,purchase_order_number,VIN) VALUES ('SX-BAE0000','installed','Bonnet/hood',26.57,1,'SMZSGMQWSKI621717-001','SMZSGMQWSKI621717');
INSERT INTO Part(part_number,part_status,description,cost_of_part,quantity,purchase_order_number,VIN) VALUES ('SX-BAE0010','installed','Grille',17.28,4,'SMZSGMQWSKI621717-001','SMZSGMQWSKI621717');
INSERT INTO Part(part_number,part_status,description,cost_of_part,quantity,purchase_order_number,VIN) VALUES ('SX-BAEW0033','installed','Glass',27.9,1,'SMZSGMQWSKI621717-001','SMZSGMQWSKI621717');
INSERT INTO Part(part_number,part_status,description,cost_of_part,quantity,purchase_order_number,VIN) VALUES ('SX-EAEIS0081','ordered','Ignition controller',9.46,1,'SO6WD25XQVR636495-004','SO6WD25XQVR636495');
INSERT INTO Part(part_number,part_status,description,cost_of_part,quantity,purchase_order_number,VIN) VALUES ('SX-EAEM0146','installed','Shift improver',130.17,2,'SO6WD25XQVR636495-004','SO6WD25XQVR636495');
INSERT INTO Part(part_number,part_status,description,cost_of_part,quantity,purchase_order_number,VIN) VALUES ('SX-BAEW0034','installed','Sunroof',1.58,1,'U3SEY7BL74U428566-004','U3SEY7BL74U428566');
INSERT INTO Part(part_number,part_status,description,cost_of_part,quantity,purchase_order_number,VIN) VALUES ('SX-PACBS0187','installed','Combination valve',43.05,1,'U3SEY7BL74U428566-004','U3SEY7BL74U428566');
INSERT INTO Part(part_number,part_status,description,cost_of_part,quantity,purchase_order_number,VIN) VALUES ('SX-BAE0003','installed','Exposed bumper',55.94,1,'U4DAG21M25I154677-002','U4DAG21M25I154677');
INSERT INTO Part(part_number,part_status,description,cost_of_part,quantity,purchase_order_number,VIN) VALUES ('SX-EAEM0138','installed','Engine computer and management system',38.2,3,'UDK1102XNQ4362369-002','UDK1102XNQ4362369');
INSERT INTO Part(part_number,part_status,description,cost_of_part,quantity,purchase_order_number,VIN) VALUES ('SX-EAES0125','ordered','Switch panel',85.66,1,'UDK1102XNQ4362369-002','UDK1102XNQ4362369');
INSERT INTO Part(part_number,part_status,description,cost_of_part,quantity,purchase_order_number,VIN) VALUES ('SX-PACBS0176','ordered','Brake piston',127.22,1,'UDK1102XNQ4362369-002','UDK1102XNQ4362369');
INSERT INTO Part(part_number,part_status,description,cost_of_part,quantity,purchase_order_number,VIN) VALUES ('SX-EAES0114','installed','ABS sensor',85.49,1,'UDOHJKQNZRU355125-003','UDOHJKQNZRU355125');
INSERT INTO Part(part_number,part_status,description,cost_of_part,quantity,purchase_order_number,VIN) VALUES ('SX-EAEAD0043','installed','Radio and media player',3.87,1,'VJUYVX0SHHT606044-001','VJUYVX0SHHT606044');
INSERT INTO Part(part_number,part_status,description,cost_of_part,quantity,purchase_order_number,VIN) VALUES ('SX-EAECS0048','installed','Alternator',3.81,1,'VWWOX3PM6QD757820-001','VWWOX3PM6QD757820');
INSERT INTO Part(part_number,part_status,description,cost_of_part,quantity,purchase_order_number,VIN) VALUES ('SX-EAES0126','installed','Thermostat',21.78,1,'VWWOX3PM6QD757820-001','VWWOX3PM6QD757820');
INSERT INTO Part(part_number,part_status,description,cost_of_part,quantity,purchase_order_number,VIN) VALUES ('SX-ICS0161','installed','Seat cover',11.39,1,'VWWOX3PM6QD757820-001','VWWOX3PM6QD757820');
INSERT INTO Part(part_number,part_status,description,cost_of_part,quantity,purchase_order_number,VIN) VALUES ('SX-BAE0001','installed','Bumper',50.34,1,'W85FIU0UPWJ342063-002','W85FIU0UPWJ342063');
INSERT INTO Part(part_number,part_status,description,cost_of_part,quantity,purchase_order_number,VIN) VALUES ('SX-BAEW0036','ordered','Window motor',23.15,1,'ZDNMEDH0CHN556637-002','ZDNMEDH0CHN556637');
INSERT INTO Part(part_number,part_status,description,cost_of_part,quantity,purchase_order_number,VIN) VALUES ('SX-BAEW0040','ordered','Window seal',48.83,1,'ZDNMEDH0CHN556637-002','ZDNMEDH0CHN556637');
INSERT INTO Part(part_number,part_status,description,cost_of_part,quantity,purchase_order_number,VIN) VALUES ('SX-PACBS0174','ordered','Brake pad',89.44,1,'ZDNMEDH0CHN556637-002','ZDNMEDH0CHN556637');
INSERT INTO Part(part_number,part_status,description,cost_of_part,quantity,purchase_order_number,VIN) VALUES ('SX-BAE0020','installed','Trunk',80.91,1,'ZDNMEDH0CHN556637-003','ZDNMEDH0CHN556637');
INSERT INTO Part(part_number,part_status,description,cost_of_part,quantity,purchase_order_number,VIN) VALUES ('SX-BAE0012','received','Quarter panel',23.05,1,'ZO6LSHSSJHC695220-001','ZO6LSHSSJHC695220');
INSERT INTO Part(part_number,part_status,description,cost_of_part,quantity,purchase_order_number,VIN) VALUES ('SX-EAEIS0080','installed','Ignition coil parts',10.38,1,'036EG6XGHFJ822528-002','036EG6XGHFJ822528');
INSERT INTO Part(part_number,part_status,description,cost_of_part,quantity,purchase_order_number,VIN) VALUES ('SX-EAES0124','installed','Switch cover',31.1,1,'036EG6XGHFJ822528-002','036EG6XGHFJ822528');
INSERT INTO Part(part_number,part_status,description,cost_of_part,quantity,purchase_order_number,VIN) VALUES ('SX-EAESS0116','installed','Starter drive',11.1,1,'036EG6XGHFJ822528-002','036EG6XGHFJ822528');
INSERT INTO Part(part_number,part_status,description,cost_of_part,quantity,purchase_order_number,VIN) VALUES ('SX-BAE0021','installed','Valance',37.12,1,'15WH5TNL8GD986516-001','15WH5TNL8GD986516');
INSERT INTO Part(part_number,part_status,description,cost_of_part,quantity,purchase_order_number,VIN) VALUES ('SX-BAED0029','installed','Hinge',35.65,1,'15WH5TNL8GD986516-001','15WH5TNL8GD986516');
INSERT INTO Part(part_number,part_status,description,cost_of_part,quantity,purchase_order_number,VIN) VALUES ('SX-EAEIS0081','installed','Ignition controller',40.8,1,'15WH5TNL8GD986516-001','15WH5TNL8GD986516');
INSERT INTO Part(part_number,part_status,description,cost_of_part,quantity,purchase_order_number,VIN) VALUES ('SX-EAEM0136','installed','Cruise control computer',29.29,1,'15WH5TNL8GD986516-001','15WH5TNL8GD986516');
INSERT INTO Part(part_number,part_status,description,cost_of_part,quantity,purchase_order_number,VIN) VALUES ('SX-BAE0012','ordered','Quarter panel',61.77,1,'1A8CMLRTUGR146952-003','1A8CMLRTUGR146952');
INSERT INTO Part(part_number,part_status,description,cost_of_part,quantity,purchase_order_number,VIN) VALUES ('SX-BAEW0034','ordered','Sunroof',81.11,4,'1A8CMLRTUGR146952-003','1A8CMLRTUGR146952');
INSERT INTO Part(part_number,part_status,description,cost_of_part,quantity,purchase_order_number,VIN) VALUES ('SX-PACBS0163','received','Anti-lock braking system',67.09,1,'1A8CMLRTUGR146952-003','1A8CMLRTUGR146952');
INSERT INTO Part(part_number,part_status,description,cost_of_part,quantity,purchase_order_number,VIN) VALUES ('SX-EAECS0050','installed','Alternator bracket',22.37,4,'2YTUEYSLDJG398062-001','2YTUEYSLDJG398062');
INSERT INTO Part(part_number,part_status,description,cost_of_part,quantity,purchase_order_number,VIN) VALUES ('SX-EAEM0135','installed','Chassis control computer',33.38,1,'2YTUEYSLDJG398062-001','2YTUEYSLDJG398062');
INSERT INTO Part(part_number,part_status,description,cost_of_part,quantity,purchase_order_number,VIN) VALUES ('SX-BAED0026','installed','Door control module',11.15,1,'3P0R7483FP1117876-001','3P0R7483FP1117876');
INSERT INTO Part(part_number,part_status,description,cost_of_part,quantity,purchase_order_number,VIN) VALUES ('SX-PACBS0188','installed','Dual circuit brake system',73.11,3,'3P0R7483FP1117876-001','3P0R7483FP1117876');
INSERT INTO Part(part_number,part_status,description,cost_of_part,quantity,purchase_order_number,VIN) VALUES ('SX-EAEM0140','installed','Fuse',24.62,1,'4BW4C1KL6TZ577336-004','4BW4C1KL6TZ577336');
INSERT INTO Part(part_number,part_status,description,cost_of_part,quantity,purchase_order_number,VIN) VALUES ('SX-PACBS0196','installed','Master Cylinder',73.52,1,'4BW4C1KL6TZ577336-004','4BW4C1KL6TZ577336');
INSERT INTO Part(part_number,part_status,description,cost_of_part,quantity,purchase_order_number,VIN) VALUES ('SX-EAES0105','installed','Rain sensor',0.92,1,'4HVC60L66KI459720-001','4HVC60L66KI459720');
INSERT INTO Part(part_number,part_status,description,cost_of_part,quantity,purchase_order_number,VIN) VALUES ('SX-EAES0106','installed','Rotational sensor',21.81,2,'4HVC60L66KI459720-001','4HVC60L66KI459720');
INSERT INTO Part(part_number,part_status,description,cost_of_part,quantity,purchase_order_number,VIN) VALUES ('SX-EAEESS0060','installed','Battery tray',16.42,1,'55M41D1AGKW204016-002','55M41D1AGKW204016');
INSERT INTO Part(part_number,part_status,description,cost_of_part,quantity,purchase_order_number,VIN) VALUES ('SX-EAEWH0128','installed','Air conditioning harness',52.75,1,'55M41D1AGKW204016-002','55M41D1AGKW204016');
INSERT INTO Part(part_number,part_status,description,cost_of_part,quantity,purchase_order_number,VIN) VALUES ('SX-EAEM0143','received','Performance Monitor',60.67,3,'5IZQ0A8JNL8536828-005','5IZQ0A8JNL8536828');
INSERT INTO Part(part_number,part_status,description,cost_of_part,quantity,purchase_order_number,VIN) VALUES ('SX-EAES0127','ordered','Frame Switch',60.04,2,'5IZQ0A8JNL8536828-005','5IZQ0A8JNL8536828');
INSERT INTO Part(part_number,part_status,description,cost_of_part,quantity,purchase_order_number,VIN) VALUES ('SX-PACBS0182','installed','Brake lining',33.56,1,'8VGJ74SC8UK076966-005','8VGJ74SC8UK076966');
INSERT INTO Part(part_number,part_status,description,cost_of_part,quantity,purchase_order_number,VIN) VALUES ('SX-BAE0003','ordered','Exposed bumper',117.8,1,'B68KFH50SOO194215-001','B68KFH50SOO194215');
INSERT INTO Part(part_number,part_status,description,cost_of_part,quantity,purchase_order_number,VIN) VALUES ('SX-EAES0106','installed','Rotational sensor',71.92,2,'B68KFH50SOO194215-001','B68KFH50SOO194215');
INSERT INTO Part(part_number,part_status,description,cost_of_part,quantity,purchase_order_number,VIN) VALUES ('SX-ICS0153','installed','Armrest',56.94,1,'B68KFH50SOO194215-001','B68KFH50SOO194215');
INSERT INTO Part(part_number,part_status,description,cost_of_part,quantity,purchase_order_number,VIN) VALUES ('SX-PACBS0190','installed','Hose',81.95,1,'EX0DFWC3FLW639681-002','EX0DFWC3FLW639681');
INSERT INTO Part(part_number,part_status,description,cost_of_part,quantity,purchase_order_number,VIN) VALUES ('SX-EAEM0140','installed','Fuse',23.17,1,'HXP0L3Y7NRP032607-003','HXP0L3Y7NRP032607');
INSERT INTO Part(part_number,part_status,description,cost_of_part,quantity,purchase_order_number,VIN) VALUES ('SX-EAES0095','installed','Camshaft position sensor',70.68,1,'HXP0L3Y7NRP032607-003','HXP0L3Y7NRP032607');
INSERT INTO Part(part_number,part_status,description,cost_of_part,quantity,purchase_order_number,VIN) VALUES ('SX-ICS0156','installed','Children and baby car seat',36.86,1,'HXP0L3Y7NRP032607-003','HXP0L3Y7NRP032607');
INSERT INTO Part(part_number,part_status,description,cost_of_part,quantity,purchase_order_number,VIN) VALUES ('SX-PACBS0180','installed','Brake servo',77.01,1,'HXP0L3Y7NRP032607-003','HXP0L3Y7NRP032607');
INSERT INTO Part(part_number,part_status,description,cost_of_part,quantity,purchase_order_number,VIN) VALUES ('SX-BAEW0036','installed','Window motor',36.12,1,'JBPIGW2CI42143239-001','JBPIGW2CI42143239');
INSERT INTO Part(part_number,part_status,description,cost_of_part,quantity,purchase_order_number,VIN) VALUES ('SX-EAEGAM0067','installed','Odometer',43.97,1,'JBPIGW2CI42143239-001','JBPIGW2CI42143239');
INSERT INTO Part(part_number,part_status,description,cost_of_part,quantity,purchase_order_number,VIN) VALUES ('SX-EAEIS0082','ordered','Magneto',100.51,1,'JBPIGW2CI42143239-001','JBPIGW2CI42143239');
INSERT INTO Part(part_number,part_status,description,cost_of_part,quantity,purchase_order_number,VIN) VALUES ('SX-EAEM0149','installed','Transmission computer',5.57,1,'JS0Y5W8KIDC106093-001','JS0Y5W8KIDC106093');
INSERT INTO Part(part_number,part_status,description,cost_of_part,quantity,purchase_order_number,VIN) VALUES ('SX-BAE0002','installed','Unexposed bumper',31.71,4,'L712UQJXM4L524142-004','L712UQJXM4L524142');
INSERT INTO Part(part_number,part_status,description,cost_of_part,quantity,purchase_order_number,VIN) VALUES ('SX-EAEESS0059','installed','Battery plate',2.82,1,'L712UQJXM4L524142-004','L712UQJXM4L524142');
INSERT INTO Part(part_number,part_status,description,cost_of_part,quantity,purchase_order_number,VIN) VALUES ('SX-EAEIS0076','installed','Distributor',11.8,1,'L712UQJXM4L524142-004','L712UQJXM4L524142');
INSERT INTO Part(part_number,part_status,description,cost_of_part,quantity,purchase_order_number,VIN) VALUES ('SX-EAEIS0077','installed','Electronic timing controller',84.61,1,'L712UQJXM4L524142-004','L712UQJXM4L524142');
INSERT INTO Part(part_number,part_status,description,cost_of_part,quantity,purchase_order_number,VIN) VALUES ('SX-EAEGAM0068','received','Speedometer',10.25,2,'LLPNU12CY5C440662-001','LLPNU12CY5C440662');
INSERT INTO Part(part_number,part_status,description,cost_of_part,quantity,purchase_order_number,VIN) VALUES ('SX-BAE0010','installed','Grille',37.86,1,'LYPZILOBZ87153615-001','LYPZILOBZ87153615');
INSERT INTO Part(part_number,part_status,description,cost_of_part,quantity,purchase_order_number,VIN) VALUES ('SX-BAED0027','installed','Door seal',8.63,1,'LYPZILOBZ87153615-001','LYPZILOBZ87153615');
INSERT INTO Part(part_number,part_status,description,cost_of_part,quantity,purchase_order_number,VIN) VALUES ('SX-EAEAD0045','installed','Speaker',61.64,1,'LYPZILOBZ87153615-001','LYPZILOBZ87153615');
INSERT INTO Part(part_number,part_status,description,cost_of_part,quantity,purchase_order_number,VIN) VALUES ('SX-IFCAP0151','installed','Carpet and other floor material',10.04,1,'LYPZILOBZ87153615-001','LYPZILOBZ87153615');
INSERT INTO Part(part_number,part_status,description,cost_of_part,quantity,purchase_order_number,VIN) VALUES ('SX-BAE0011','installed','Pillar and hard trim',561.21,1,'MM2NLRDRNXX156196-002','MM2NLRDRNXX156196');
INSERT INTO Part(part_number,part_status,description,cost_of_part,quantity,purchase_order_number,VIN) VALUES ('SX-BAE0019','installed','Trim package',185.61,1,'MM2NLRDRNXX156196-002','MM2NLRDRNXX156196');
INSERT INTO Part(part_number,part_status,description,cost_of_part,quantity,purchase_order_number,VIN) VALUES ('SX-BAED0028','installed','Door watershield',24.56,4,'MPXFMDRYC6D036656-003','MPXFMDRYC6D036656');
INSERT INTO Part(part_number,part_status,description,cost_of_part,quantity,purchase_order_number,VIN) VALUES ('SX-BAED0031','installed','Lock',20.51,1,'MPXFMDRYC6D036656-003','MPXFMDRYC6D036656');
INSERT INTO Part(part_number,part_status,description,cost_of_part,quantity,purchase_order_number,VIN) VALUES ('SX-EAEM0139','installed','Engine control unit',11.48,1,'MPXFMDRYC6D036656-003','MPXFMDRYC6D036656');
INSERT INTO Part(part_number,part_status,description,cost_of_part,quantity,purchase_order_number,VIN) VALUES ('SX-ICS0156','installed','Children and baby car seat',8.73,2,'MPXFMDRYC6D036656-003','MPXFMDRYC6D036656');
INSERT INTO Part(part_number,part_status,description,cost_of_part,quantity,purchase_order_number,VIN) VALUES ('SX-BAE0007','installed','Fender Musical Instruments Corporation',2.77,1,'N64LL1WC63N759701-005','N64LL1WC63N759701');
INSERT INTO Part(part_number,part_status,description,cost_of_part,quantity,purchase_order_number,VIN) VALUES ('SX-EAEM0145','installed','Remote lock',30.03,1,'N64LL1WC63N759701-005','N64LL1WC63N759701');
INSERT INTO Part(part_number,part_status,description,cost_of_part,quantity,purchase_order_number,VIN) VALUES ('SX-PACBS0191','installed','Brake booster hose',13.46,2,'N64LL1WC63N759701-005','N64LL1WC63N759701');
INSERT INTO Part(part_number,part_status,description,cost_of_part,quantity,purchase_order_number,VIN) VALUES ('SX-BAE0016','installed','Spoiler',97.03,1,'O1C66KL1VK4840531-001','O1C66KL1VK4840531');
INSERT INTO Part(part_number,part_status,description,cost_of_part,quantity,purchase_order_number,VIN) VALUES ('SX-BAEW0038','installed','Windshield',35.52,1,'O1C66KL1VK4840531-001','O1C66KL1VK4840531');
INSERT INTO Part(part_number,part_status,description,cost_of_part,quantity,purchase_order_number,VIN) VALUES ('SX-EAEIS0081','installed','Ignition controller',51.87,1,'O1C66KL1VK4840531-001','O1C66KL1VK4840531');
INSERT INTO Part(part_number,part_status,description,cost_of_part,quantity,purchase_order_number,VIN) VALUES ('SX-PACBS0198','installed','Other braking system parts',39.83,1,'O1C66KL1VK4840531-001','O1C66KL1VK4840531');
INSERT INTO Part(part_number,part_status,description,cost_of_part,quantity,purchase_order_number,VIN) VALUES ('SX-BAE0005','installed','Decklid',42.19,2,'OQPBCN4Y1YB733979-004','OQPBCN4Y1YB733979');
INSERT INTO Part(part_number,part_status,description,cost_of_part,quantity,purchase_order_number,VIN) VALUES ('SX-BAED0031','installed','Lock',66.1,1,'OQPBCN4Y1YB733979-004','OQPBCN4Y1YB733979');
INSERT INTO Part(part_number,part_status,description,cost_of_part,quantity,purchase_order_number,VIN) VALUES ('SX-EAEGAM0065','installed','Fuel gauge',24.4,1,'OQPBCN4Y1YB733979-004','OQPBCN4Y1YB733979');
INSERT INTO Part(part_number,part_status,description,cost_of_part,quantity,purchase_order_number,VIN) VALUES ('SX-BAE0009','installed','Front fascia and header panel',39.08,1,'OY3DWMTTXNP309610-002','OY3DWMTTXNP309610');
INSERT INTO Part(part_number,part_status,description,cost_of_part,quantity,purchase_order_number,VIN) VALUES ('SX-BAE0021','installed','Valance',13.36,1,'OY3DWMTTXNP309610-002','OY3DWMTTXNP309610');
INSERT INTO Part(part_number,part_status,description,cost_of_part,quantity,purchase_order_number,VIN) VALUES ('SX-BAEW0037','received','Window regulator',9.29,2,'OY3DWMTTXNP309610-002','OY3DWMTTXNP309610');
INSERT INTO Part(part_number,part_status,description,cost_of_part,quantity,purchase_order_number,VIN) VALUES ('SX-BAED0029','installed','Hinge',131.97,1,'PI5K0FV5WKD862880-002','PI5K0FV5WKD862880');
INSERT INTO Part(part_number,part_status,description,cost_of_part,quantity,purchase_order_number,VIN) VALUES ('SX-EAEM0143','installed','Performance Monitor',75.95,1,'PI5K0FV5WKD862880-002','PI5K0FV5WKD862880');
INSERT INTO Part(part_number,part_status,description,cost_of_part,quantity,purchase_order_number,VIN) VALUES ('SX-EAES0095','installed','Camshaft position sensor',15.05,1,'PI5K0FV5WKD862880-002','PI5K0FV5WKD862880');
INSERT INTO Part(part_number,part_status,description,cost_of_part,quantity,purchase_order_number,VIN) VALUES ('SX-PACBS0195','installed','Load-sensing valve',32.22,1,'PI5K0FV5WKD862880-002','PI5K0FV5WKD862880');
INSERT INTO Part(part_number,part_status,description,cost_of_part,quantity,purchase_order_number,VIN) VALUES ('SX-EAEM0139','received','Engine control unit',5,1,'QPMO737UII0340028-001','QPMO737UII0340028');
INSERT INTO Part(part_number,part_status,description,cost_of_part,quantity,purchase_order_number,VIN) VALUES ('SX-EAEM0147','received','Speed controller',12.44,1,'QPMO737UII0340028-001','QPMO737UII0340028');
INSERT INTO Part(part_number,part_status,description,cost_of_part,quantity,purchase_order_number,VIN) VALUES ('SX-EAEGAM0069','ordered','Tachometer',45.29,1,'RP3I3QO2BYF582498-002','RP3I3QO2BYF582498');
INSERT INTO Part(part_number,part_status,description,cost_of_part,quantity,purchase_order_number,VIN) VALUES ('SX-EAEESS0061','ordered','Voltage regulator',59.94,1,'RP3I3QO2BYF582498-004','RP3I3QO2BYF582498');
INSERT INTO Part(part_number,part_status,description,cost_of_part,quantity,purchase_order_number,VIN) VALUES ('SX-EAES0107','received','Temperature sensor',54.3,1,'RP3I3QO2BYF582498-004','RP3I3QO2BYF582498');
INSERT INTO Part(part_number,part_status,description,cost_of_part,quantity,purchase_order_number,VIN) VALUES ('SX-ICS0161','ordered','Seat cover',33.99,4,'RP3I3QO2BYF582498-004','RP3I3QO2BYF582498');
INSERT INTO Part(part_number,part_status,description,cost_of_part,quantity,purchase_order_number,VIN) VALUES ('SX-PACBS0167','received','Bleed nipple',44.75,1,'RP3I3QO2BYF582498-004','RP3I3QO2BYF582498');
INSERT INTO Part(part_number,part_status,description,cost_of_part,quantity,purchase_order_number,VIN) VALUES ('SX-BAED0024','installed','Outer door handle',6.77,1,'SAN8CKZV8O6386790-005','SAN8CKZV8O6386790');
INSERT INTO Part(part_number,part_status,description,cost_of_part,quantity,purchase_order_number,VIN) VALUES ('SX-EAEAD0043','installed','Radio and media player',24.63,1,'SAN8CKZV8O6386790-005','SAN8CKZV8O6386790');
INSERT INTO Part(part_number,part_status,description,cost_of_part,quantity,purchase_order_number,VIN) VALUES ('SX-EAEM0148','installed','Speedometer calibrator',10.63,1,'SAN8CKZV8O6386790-005','SAN8CKZV8O6386790');
INSERT INTO Part(part_number,part_status,description,cost_of_part,quantity,purchase_order_number,VIN) VALUES ('SX-ICS0159','installed','Seat Belt',18.65,1,'SAN8CKZV8O6386790-005','SAN8CKZV8O6386790');
INSERT INTO Part(part_number,part_status,description,cost_of_part,quantity,purchase_order_number,VIN) VALUES ('SX-BAED0028','installed','Door watershield',3.35,3,'TVFRONGULQ7855167-001','TVFRONGULQ7855167');
INSERT INTO Part(part_number,part_status,description,cost_of_part,quantity,purchase_order_number,VIN) VALUES ('SX-ICS0156','installed','Children and baby car seat',10.93,1,'TVFRONGULQ7855167-001','TVFRONGULQ7855167');
INSERT INTO Part(part_number,part_status,description,cost_of_part,quantity,purchase_order_number,VIN) VALUES ('SX-PACBS0175','installed','Brake pedal',3.6,1,'TVFRONGULQ7855167-001','TVFRONGULQ7855167');
INSERT INTO Part(part_number,part_status,description,cost_of_part,quantity,purchase_order_number,VIN) VALUES ('SX-PACBS0181','installed','Brake shoe',4.12,1,'TVFRONGULQ7855167-001','TVFRONGULQ7855167');
INSERT INTO Part(part_number,part_status,description,cost_of_part,quantity,purchase_order_number,VIN) VALUES ('SX-BAE0021','installed','Valance',24.07,1,'TVFRONGULQ7855167-003','TVFRONGULQ7855167');
INSERT INTO Part(part_number,part_status,description,cost_of_part,quantity,purchase_order_number,VIN) VALUES ('SX-BAEW0039','installed','Windshield washer motor',22.99,1,'TVFRONGULQ7855167-003','TVFRONGULQ7855167');
INSERT INTO Part(part_number,part_status,description,cost_of_part,quantity,purchase_order_number,VIN) VALUES ('SX-EAECS0049','installed','Alternator bearing',1.08,1,'TVFRONGULQ7855167-003','TVFRONGULQ7855167');
INSERT INTO Part(part_number,part_status,description,cost_of_part,quantity,purchase_order_number,VIN) VALUES ('SX-EAEM0142','installed','Performance chip',22.16,1,'TVFRONGULQ7855167-003','TVFRONGULQ7855167');
INSERT INTO Part(part_number,part_status,description,cost_of_part,quantity,purchase_order_number,VIN) VALUES ('SX-EAEIS0080','ordered','Ignition coil parts',24.02,1,'U8CPVV20LCB872591-001','U8CPVV20LCB872591');
INSERT INTO Part(part_number,part_status,description,cost_of_part,quantity,purchase_order_number,VIN) VALUES ('SX-BAE0012','installed','Quarter panel',80.11,1,'VLYZ0TBEDGM584853-003','VLYZ0TBEDGM584853');
INSERT INTO Part(part_number,part_status,description,cost_of_part,quantity,purchase_order_number,VIN) VALUES ('SX-BAED0029','installed','Hinge',86.83,1,'VLYZ0TBEDGM584853-003','VLYZ0TBEDGM584853');
INSERT INTO Part(part_number,part_status,description,cost_of_part,quantity,purchase_order_number,VIN) VALUES ('SX-ICS0156','installed','Children and baby car seat',46.55,1,'VLYZ0TBEDGM584853-003','VLYZ0TBEDGM584853');
INSERT INTO Part(part_number,part_status,description,cost_of_part,quantity,purchase_order_number,VIN) VALUES ('SX-PACBS0186','installed','Caliper',74.56,3,'VLYZ0TBEDGM584853-003','VLYZ0TBEDGM584853');
INSERT INTO Part(part_number,part_status,description,cost_of_part,quantity,purchase_order_number,VIN) VALUES ('SX-EAEM0142','ordered','Performance chip',9.93,1,'VOCIAMIZKKN350227-004','VOCIAMIZKKN350227');
INSERT INTO Part(part_number,part_status,description,cost_of_part,quantity,purchase_order_number,VIN) VALUES ('SX-EAES0102','received','Oxygen sensor',31.48,1,'VOCIAMIZKKN350227-004','VOCIAMIZKKN350227');
INSERT INTO Part(part_number,part_status,description,cost_of_part,quantity,purchase_order_number,VIN) VALUES ('SX-EAES0109','installed','ABS brack sensor',6.34,1,'VOCIAMIZKKN350227-004','VOCIAMIZKKN350227');
INSERT INTO Part(part_number,part_status,description,cost_of_part,quantity,purchase_order_number,VIN) VALUES ('SX-BAED0023','ordered','Door beam and panel',3.34,2,'W1R2THVZD6L234135-001','W1R2THVZD6L234135');
INSERT INTO Part(part_number,part_status,description,cost_of_part,quantity,purchase_order_number,VIN) VALUES ('SX-EAELASS0089','installed','License plate lamp',9.93,1,'W1R2THVZD6L234135-001','W1R2THVZD6L234135');
INSERT INTO Part(part_number,part_status,description,cost_of_part,quantity,purchase_order_number,VIN) VALUES ('SX-ICS0153','installed','Armrest',26.74,1,'W1R2THVZD6L234135-001','W1R2THVZD6L234135');
INSERT INTO Part(part_number,part_status,description,cost_of_part,quantity,purchase_order_number,VIN) VALUES ('SX-PACBS0183','received','Shoe web',27.06,2,'W1R2THVZD6L234135-001','W1R2THVZD6L234135');
INSERT INTO Part(part_number,part_status,description,cost_of_part,quantity,purchase_order_number,VIN) VALUES ('SX-BAE0003','received','Exposed bumper',21.23,4,'WGVK4P1UIPJ916959-005','WGVK4P1UIPJ916959');
INSERT INTO Part(part_number,part_status,description,cost_of_part,quantity,purchase_order_number,VIN) VALUES ('SX-BAED0023','ordered','Door beam and panel',49.15,1,'WGVK4P1UIPJ916959-005','WGVK4P1UIPJ916959');
INSERT INTO Part(part_number,part_status,description,cost_of_part,quantity,purchase_order_number,VIN) VALUES ('SX-EAEESS0053','ordered','Battery',30.85,1,'WGVK4P1UIPJ916959-005','WGVK4P1UIPJ916959');
INSERT INTO Part(part_number,part_status,description,cost_of_part,quantity,purchase_order_number,VIN) VALUES ('SX-BAED0028','installed','Door watershield',37.86,4,'XJMTKD21FUV756318-002','XJMTKD21FUV756318');
INSERT INTO Part(part_number,part_status,description,cost_of_part,quantity,purchase_order_number,VIN) VALUES ('SX-EAES0110','installed','TDC sensor',25.93,1,'XJMTKD21FUV756318-002','XJMTKD21FUV756318');
INSERT INTO Part(part_number,part_status,description,cost_of_part,quantity,purchase_order_number,VIN) VALUES ('SX-BAED0024','installed','Outer door handle',120.51,4,'Z8KJQAZ0L2C379316-004','Z8KJQAZ0L2C379316');
INSERT INTO Part(part_number,part_status,description,cost_of_part,quantity,purchase_order_number,VIN) VALUES ('SX-EAEIS0078','installed','Ignition box',35.67,2,'Z8KJQAZ0L2C379316-004','Z8KJQAZ0L2C379316');
INSERT INTO Part(part_number,part_status,description,cost_of_part,quantity,purchase_order_number,VIN) VALUES ('SE-EAELASS0086','installed','Headlight',40.39,1,'05PN35GUCGU088819-001','05PN35GUCGU088819');
INSERT INTO Part(part_number,part_status,description,cost_of_part,quantity,purchase_order_number,VIN) VALUES ('SE-BAEW0036','installed','Window motor',24.23,4,'05PN35GUCGU088819-005','05PN35GUCGU088819');
INSERT INTO Part(part_number,part_status,description,cost_of_part,quantity,purchase_order_number,VIN) VALUES ('SE-EAES0104','ordered','Pressure sensor',59.48,1,'0RTZMNEP443530450-002','0RTZMNEP443530450');
INSERT INTO Part(part_number,part_status,description,cost_of_part,quantity,purchase_order_number,VIN) VALUES ('SE-ICS0154','ordered','Bench Seat',78.04,1,'0RTZMNEP443530450-002','0RTZMNEP443530450');
INSERT INTO Part(part_number,part_status,description,cost_of_part,quantity,purchase_order_number,VIN) VALUES ('SE-PACBS0195','installed','Load-sensing valve',58.97,1,'0RTZMNEP443530450-002','0RTZMNEP443530450');
INSERT INTO Part(part_number,part_status,description,cost_of_part,quantity,purchase_order_number,VIN) VALUES ('SE-EAEESS0058','installed','Battery control system',45.56,1,'8SGNAEKKQ0B252643-001','8SGNAEKKQ0B252643');
INSERT INTO Part(part_number,part_status,description,cost_of_part,quantity,purchase_order_number,VIN) VALUES ('SE-EAES0123','installed','Steering column switch',21.25,1,'8SGNAEKKQ0B252643-001','8SGNAEKKQ0B252643');
INSERT INTO Part(part_number,part_status,description,cost_of_part,quantity,purchase_order_number,VIN) VALUES ('SE-EAES0102','installed','Oxygen sensor',10.31,4,'8SGNAEKKQ0B252643-002','8SGNAEKKQ0B252643');
INSERT INTO Part(part_number,part_status,description,cost_of_part,quantity,purchase_order_number,VIN) VALUES ('SE-IFCAP0151','installed','Carpet and other floor material',1.56,1,'8SGNAEKKQ0B252643-002','8SGNAEKKQ0B252643');
INSERT INTO Part(part_number,part_status,description,cost_of_part,quantity,purchase_order_number,VIN) VALUES ('SE-BAE0001','installed','Bumper',33.13,1,'A1GTY6T551Q455502-003','A1GTY6T551Q455502');
INSERT INTO Part(part_number,part_status,description,cost_of_part,quantity,purchase_order_number,VIN) VALUES ('SE-EAEGAM0071','installed','Tire pressure gauge',70.7,1,'A1GTY6T551Q455502-003','A1GTY6T551Q455502');
INSERT INTO Part(part_number,part_status,description,cost_of_part,quantity,purchase_order_number,VIN) VALUES ('SE-EAEGAM0070','installed','Temperature gauge',10.49,1,'BYNUGAHZM1L977542-001','BYNUGAHZM1L977542');
INSERT INTO Part(part_number,part_status,description,cost_of_part,quantity,purchase_order_number,VIN) VALUES ('SE-EAEIS0077','installed','Electronic timing controller',15.78,1,'BYNUGAHZM1L977542-001','BYNUGAHZM1L977542');
INSERT INTO Part(part_number,part_status,description,cost_of_part,quantity,purchase_order_number,VIN) VALUES ('SE-EAEM0139','installed','Engine control unit',19.47,1,'BYNUGAHZM1L977542-001','BYNUGAHZM1L977542');
INSERT INTO Part(part_number,part_status,description,cost_of_part,quantity,purchase_order_number,VIN) VALUES ('SE-EAES0126','installed','Thermostat',19.95,1,'BYNUGAHZM1L977542-001','BYNUGAHZM1L977542');
INSERT INTO Part(part_number,part_status,description,cost_of_part,quantity,purchase_order_number,VIN) VALUES ('SE-BAED0027','installed','Door seal',8.09,1,'EV4TH4BF5DQ470200-002','EV4TH4BF5DQ470200');
INSERT INTO Part(part_number,part_status,description,cost_of_part,quantity,purchase_order_number,VIN) VALUES ('SE-EAEGAM0070','installed','Temperature gauge',44.43,2,'EV4TH4BF5DQ470200-002','EV4TH4BF5DQ470200');
INSERT INTO Part(part_number,part_status,description,cost_of_part,quantity,purchase_order_number,VIN) VALUES ('SE-BAE0003','installed','Exposed bumper',16.86,1,'HGHHV1IWCUX780355-003','HGHHV1IWCUX780355');
INSERT INTO Part(part_number,part_status,description,cost_of_part,quantity,purchase_order_number,VIN) VALUES ('SE-EAECS0050','installed','Alternator bracket',10.17,1,'HGHHV1IWCUX780355-003','HGHHV1IWCUX780355');
INSERT INTO Part(part_number,part_status,description,cost_of_part,quantity,purchase_order_number,VIN) VALUES ('SE-EAES0120','installed','Door switch',78.52,1,'HGHHV1IWCUX780355-003','HGHHV1IWCUX780355');
INSERT INTO Part(part_number,part_status,description,cost_of_part,quantity,purchase_order_number,VIN) VALUES ('SE-EAESS0118','installed','Starter solenoid',124.39,1,'HGHHV1IWCUX780355-003','HGHHV1IWCUX780355');
INSERT INTO Part(part_number,part_status,description,cost_of_part,quantity,purchase_order_number,VIN) VALUES ('SE-BAE0015','installed','Roof Rack',45.27,1,'HIEWYKOMDAK597903-002','HIEWYKOMDAK597903');
INSERT INTO Part(part_number,part_status,description,cost_of_part,quantity,purchase_order_number,VIN) VALUES ('SE-EAEIS0075','installed','Coil wire',10.39,1,'HIEWYKOMDAK597903-002','HIEWYKOMDAK597903');
INSERT INTO Part(part_number,part_status,description,cost_of_part,quantity,purchase_order_number,VIN) VALUES ('SE-EAEAD0047','installed','Subwoofer',86.88,1,'HIEWYKOMDAK597903-003','HIEWYKOMDAK597903');
INSERT INTO Part(part_number,part_status,description,cost_of_part,quantity,purchase_order_number,VIN) VALUES ('SE-EAECS0050','installed','Alternator bracket',91.13,1,'HIEWYKOMDAK597903-003','HIEWYKOMDAK597903');
INSERT INTO Part(part_number,part_status,description,cost_of_part,quantity,purchase_order_number,VIN) VALUES ('SE-ICS0162','installed','Seat track',52.57,1,'HIEWYKOMDAK597903-003','HIEWYKOMDAK597903');
INSERT INTO Part(part_number,part_status,description,cost_of_part,quantity,purchase_order_number,VIN) VALUES ('SE-EAES0114','installed','ABS sensor',129.36,1,'HJHFHI4TARG736468-003','HJHFHI4TARG736468');
INSERT INTO Part(part_number,part_status,description,cost_of_part,quantity,purchase_order_number,VIN) VALUES ('SE-ICS0157','installed','Fastener',42.26,1,'HJHFHI4TARG736468-003','HJHFHI4TARG736468');
INSERT INTO Part(part_number,part_status,description,cost_of_part,quantity,purchase_order_number,VIN) VALUES ('SE-EAES0111','installed','MAP sensor',5.22,1,'JA7YVHAFRLT437706-002','JA7YVHAFRLT437706');
INSERT INTO Part(part_number,part_status,description,cost_of_part,quantity,purchase_order_number,VIN) VALUES ('SE-ICS0158','received','Headrest',3.28,1,'JBPIGW2CI42143239-002','JBPIGW2CI42143239');
INSERT INTO Part(part_number,part_status,description,cost_of_part,quantity,purchase_order_number,VIN) VALUES ('SE-PACBS0189','installed','Hold-down springs',77.82,1,'JBPIGW2CI42143239-002','JBPIGW2CI42143239');
INSERT INTO Part(part_number,part_status,description,cost_of_part,quantity,purchase_order_number,VIN) VALUES ('SE-EAELASS0084','received','Fog Light',41.75,1,'JBPIGW2CI42143239-003','JBPIGW2CI42143239');
INSERT INTO Part(part_number,part_status,description,cost_of_part,quantity,purchase_order_number,VIN) VALUES ('SE-EAES0125','ordered','Switch panel',42.92,1,'JBPIGW2CI42143239-003','JBPIGW2CI42143239');
INSERT INTO Part(part_number,part_status,description,cost_of_part,quantity,purchase_order_number,VIN) VALUES ('SE-ICS0160','ordered','Seat bracket',77.88,1,'JBPIGW2CI42143239-003','JBPIGW2CI42143239');
INSERT INTO Part(part_number,part_status,description,cost_of_part,quantity,purchase_order_number,VIN) VALUES ('SE-PACBS0198','received','Other braking system parts',52.5,1,'JBPIGW2CI42143239-003','JBPIGW2CI42143239');
INSERT INTO Part(part_number,part_status,description,cost_of_part,quantity,purchase_order_number,VIN) VALUES ('SE-BAE0009','installed','Front fascia and header panel',28.73,1,'JS0Y5W8KIDC106093-004','JS0Y5W8KIDC106093');
INSERT INTO Part(part_number,part_status,description,cost_of_part,quantity,purchase_order_number,VIN) VALUES ('SE-EAES0127','installed','Frame Switch',11.99,1,'JS0Y5W8KIDC106093-004','JS0Y5W8KIDC106093');
INSERT INTO Part(part_number,part_status,description,cost_of_part,quantity,purchase_order_number,VIN) VALUES ('SE-PACBS0181','installed','Brake shoe',25.72,1,'JS0Y5W8KIDC106093-004','JS0Y5W8KIDC106093');
INSERT INTO Part(part_number,part_status,description,cost_of_part,quantity,purchase_order_number,VIN) VALUES ('SE-BAEW0033','received','Glass',70.18,1,'KEZRVGOFFMA250868-002','KEZRVGOFFMA250868');
INSERT INTO Part(part_number,part_status,description,cost_of_part,quantity,purchase_order_number,VIN) VALUES ('SE-EAES0094','installed','Anti-pinch sensor',92.72,1,'KEZRVGOFFMA250868-002','KEZRVGOFFMA250868');
INSERT INTO Part(part_number,part_status,description,cost_of_part,quantity,purchase_order_number,VIN) VALUES ('SE-EAES0107','received','Temperature sensor',27.26,1,'KEZRVGOFFMA250868-002','KEZRVGOFFMA250868');
INSERT INTO Part(part_number,part_status,description,cost_of_part,quantity,purchase_order_number,VIN) VALUES ('SE-EAESS0116','ordered','Starter drive',36.9,1,'KEZRVGOFFMA250868-002','KEZRVGOFFMA250868');
INSERT INTO Part(part_number,part_status,description,cost_of_part,quantity,purchase_order_number,VIN) VALUES ('SE-EAEAD0042','installed','Antenna cable',76.09,4,'KZQ5C1NSWAJ790169-004','KZQ5C1NSWAJ790169');
INSERT INTO Part(part_number,part_status,description,cost_of_part,quantity,purchase_order_number,VIN) VALUES ('SE-EAEGAM0070','installed','Temperature gauge',59.72,1,'KZQ5C1NSWAJ790169-004','KZQ5C1NSWAJ790169');
INSERT INTO Part(part_number,part_status,description,cost_of_part,quantity,purchase_order_number,VIN) VALUES ('SE-EAEWH0131','installed','Underfloor harness',2.08,1,'KZQ5C1NSWAJ790169-004','KZQ5C1NSWAJ790169');
INSERT INTO Part(part_number,part_status,description,cost_of_part,quantity,purchase_order_number,VIN) VALUES ('SE-EAEIS0075','installed','Coil wire',46.59,1,'L6EFDBPTY1B405814-001','L6EFDBPTY1B405814');
INSERT INTO Part(part_number,part_status,description,cost_of_part,quantity,purchase_order_number,VIN) VALUES ('SE-EAES0104','installed','Pressure sensor',14.12,1,'MRHT53HXAKW856444-003','MRHT53HXAKW856444');
INSERT INTO Part(part_number,part_status,description,cost_of_part,quantity,purchase_order_number,VIN) VALUES ('SE-EAESS0117','installed','Starter Motor',56.2,3,'MRHT53HXAKW856444-003','MRHT53HXAKW856444');
INSERT INTO Part(part_number,part_status,description,cost_of_part,quantity,purchase_order_number,VIN) VALUES ('SE-EAEWH0128','installed','Air conditioning harness',74.85,1,'MRHT53HXAKW856444-003','MRHT53HXAKW856444');
INSERT INTO Part(part_number,part_status,description,cost_of_part,quantity,purchase_order_number,VIN) VALUES ('SE-PACBS0186','received','Caliper',45.76,1,'NKY5WJPCYVC675161-004','NKY5WJPCYVC675161');
INSERT INTO Part(part_number,part_status,description,cost_of_part,quantity,purchase_order_number,VIN) VALUES ('SE-EAES0106','installed','Rotational sensor',54.02,4,'NNKIP3UNIGZ353715-002','NNKIP3UNIGZ353715');
INSERT INTO Part(part_number,part_status,description,cost_of_part,quantity,purchase_order_number,VIN) VALUES ('SE-PACBS0184','installed','Brake warning light',93.33,1,'NNKIP3UNIGZ353715-002','NNKIP3UNIGZ353715');
INSERT INTO Part(part_number,part_status,description,cost_of_part,quantity,purchase_order_number,VIN) VALUES ('SE-PACBS0189','installed','Hold-down springs',95.35,4,'NNKIP3UNIGZ353715-002','NNKIP3UNIGZ353715');
INSERT INTO Part(part_number,part_status,description,cost_of_part,quantity,purchase_order_number,VIN) VALUES ('SE-PACBS0191','installed','Brake booster hose',40.17,1,'NNKIP3UNIGZ353715-002','NNKIP3UNIGZ353715');
INSERT INTO Part(part_number,part_status,description,cost_of_part,quantity,purchase_order_number,VIN) VALUES ('SE-BAE0002','ordered','Unexposed bumper',41.32,1,'OY3DWMTTXNP309610-004','OY3DWMTTXNP309610');
INSERT INTO Part(part_number,part_status,description,cost_of_part,quantity,purchase_order_number,VIN) VALUES ('SE-BAE0009','received','Front fascia and header panel',10,1,'OY3DWMTTXNP309610-004','OY3DWMTTXNP309610');
INSERT INTO Part(part_number,part_status,description,cost_of_part,quantity,purchase_order_number,VIN) VALUES ('SE-EAEGAM0068','received','Speedometer',39.23,2,'OY3DWMTTXNP309610-004','OY3DWMTTXNP309610');
INSERT INTO Part(part_number,part_status,description,cost_of_part,quantity,purchase_order_number,VIN) VALUES ('SE-PACBS0192','received','Air brake nylon hose',1.08,1,'OY3DWMTTXNP309610-004','OY3DWMTTXNP309610');
INSERT INTO Part(part_number,part_status,description,cost_of_part,quantity,purchase_order_number,VIN) VALUES ('SE-EAES0113','ordered','Oil level sensor',17.32,1,'QPMO737UII0340028-002','QPMO737UII0340028');
INSERT INTO Part(part_number,part_status,description,cost_of_part,quantity,purchase_order_number,VIN) VALUES ('SE-ICS0158','received','Headrest',23.8,1,'QPMO737UII0340028-002','QPMO737UII0340028');
INSERT INTO Part(part_number,part_status,description,cost_of_part,quantity,purchase_order_number,VIN) VALUES ('SE-EAESS0116','ordered','Starter drive',117.84,1,'RAZB0H0MQX5869731-001','RAZB0H0MQX5869731');
INSERT INTO Part(part_number,part_status,description,cost_of_part,quantity,purchase_order_number,VIN) VALUES ('SE-BAE0005','installed','Decklid',14.22,1,'RH3XN0D50EO772614-001','RH3XN0D50EO772614');
INSERT INTO Part(part_number,part_status,description,cost_of_part,quantity,purchase_order_number,VIN) VALUES ('SE-EAES0093','installed','Airbag sensor',25.64,1,'RXLO3PC8EG8307071-002','RXLO3PC8EG8307071');
INSERT INTO Part(part_number,part_status,description,cost_of_part,quantity,purchase_order_number,VIN) VALUES ('SE-EAEM0148','installed','Speedometer calibrator',113.03,1,'T1TFNQC1QZ0222284-001','T1TFNQC1QZ0222284');
INSERT INTO Part(part_number,part_status,description,cost_of_part,quantity,purchase_order_number,VIN) VALUES ('SE-EAECS0048','received','Alternator',21.15,1,'TOIFP5YHHJC099537-003','TOIFP5YHHJC099537');
INSERT INTO Part(part_number,part_status,description,cost_of_part,quantity,purchase_order_number,VIN) VALUES ('SE-EAES0101','ordered','Manifold absolute pressure sensor',55.19,1,'TOIFP5YHHJC099537-003','TOIFP5YHHJC099537');
INSERT INTO Part(part_number,part_status,description,cost_of_part,quantity,purchase_order_number,VIN) VALUES ('SE-EAES0124','received','Switch cover',57.42,1,'TOIFP5YHHJC099537-003','TOIFP5YHHJC099537');
INSERT INTO Part(part_number,part_status,description,cost_of_part,quantity,purchase_order_number,VIN) VALUES ('SE-PACBS0190','received','Hose',35.44,1,'TOIFP5YHHJC099537-003','TOIFP5YHHJC099537');
INSERT INTO Part(part_number,part_status,description,cost_of_part,quantity,purchase_order_number,VIN) VALUES ('SE-EAEM0146','ordered','Shift improver',60.93,1,'U1GXDUQ2NVP642154-005','U1GXDUQ2NVP642154');
INSERT INTO Part(part_number,part_status,description,cost_of_part,quantity,purchase_order_number,VIN) VALUES ('SE-EAECS0049','installed','Alternator bearing',16.99,1,'U3SEY7BL74U428566-005','U3SEY7BL74U428566');
INSERT INTO Part(part_number,part_status,description,cost_of_part,quantity,purchase_order_number,VIN) VALUES ('SE-EAEESS0057','installed','Battery cable',23.31,2,'U3SEY7BL74U428566-005','U3SEY7BL74U428566');
INSERT INTO Part(part_number,part_status,description,cost_of_part,quantity,purchase_order_number,VIN) VALUES ('SE-EAEWH0129','installed','Engine compartment harness',94.32,3,'U3SEY7BL74U428566-005','U3SEY7BL74U428566');
INSERT INTO Part(part_number,part_status,description,cost_of_part,quantity,purchase_order_number,VIN) VALUES ('SE-10141','installed','Fuse Box: The Alternative Tribute',13.8,1,'U4DAG21M25I154677-003','U4DAG21M25I154677');
INSERT INTO Part(part_number,part_status,description,cost_of_part,quantity,purchase_order_number,VIN) VALUES ('SE-BAE0002','installed','Unexposed bumper',18.38,3,'U4DAG21M25I154677-003','U4DAG21M25I154677');
INSERT INTO Part(part_number,part_status,description,cost_of_part,quantity,purchase_order_number,VIN) VALUES ('SE-EAEM0134','installed','Central locking system',77.7,1,'U4DAG21M25I154677-003','U4DAG21M25I154677');
INSERT INTO Part(part_number,part_status,description,cost_of_part,quantity,purchase_order_number,VIN) VALUES ('SE-EAESS0119','installed','Spark Plug',21.71,1,'U4DAG21M25I154677-003','U4DAG21M25I154677');
INSERT INTO Part(part_number,part_status,description,cost_of_part,quantity,purchase_order_number,VIN) VALUES ('SE-EAEIS0079','ordered','Ignition Coil',35.95,1,'VOCIAMIZKKN350227-001','VOCIAMIZKKN350227');
INSERT INTO Part(part_number,part_status,description,cost_of_part,quantity,purchase_order_number,VIN) VALUES ('SE-PACBS0168','ordered','Brake backing plate',27.39,1,'VOCIAMIZKKN350227-001','VOCIAMIZKKN350227');
INSERT INTO Part(part_number,part_status,description,cost_of_part,quantity,purchase_order_number,VIN) VALUES ('SE-BAEW0036','ordered','Window motor',26.3,1,'VOCIAMIZKKN350227-003','VOCIAMIZKKN350227');
INSERT INTO Part(part_number,part_status,description,cost_of_part,quantity,purchase_order_number,VIN) VALUES ('SE-EAELASS0083','received','Engine bay lighting',23.52,1,'VOCIAMIZKKN350227-003','VOCIAMIZKKN350227');
INSERT INTO Part(part_number,part_status,description,cost_of_part,quantity,purchase_order_number,VIN) VALUES ('SE-EAES0105','received','Rain sensor',18.25,1,'VOCIAMIZKKN350227-003','VOCIAMIZKKN350227');
INSERT INTO Part(part_number,part_status,description,cost_of_part,quantity,purchase_order_number,VIN) VALUES ('SE-BAEW0033','ordered','Glass',31.6,1,'VTJI8XXO2CO552773-002','VTJI8XXO2CO552773');
INSERT INTO Part(part_number,part_status,description,cost_of_part,quantity,purchase_order_number,VIN) VALUES ('SE-EAEESS0056','received','Battery cable terminal',25.59,4,'VTJI8XXO2CO552773-002','VTJI8XXO2CO552773');
INSERT INTO Part(part_number,part_status,description,cost_of_part,quantity,purchase_order_number,VIN) VALUES ('SE-EAEGAM0065','ordered','Fuel gauge',28.43,2,'VTJI8XXO2CO552773-002','VTJI8XXO2CO552773');
INSERT INTO Part(part_number,part_status,description,cost_of_part,quantity,purchase_order_number,VIN) VALUES ('SE-EAEGAM0069','received','Tachometer',30.65,4,'VTJI8XXO2CO552773-002','VTJI8XXO2CO552773');
INSERT INTO Part(part_number,part_status,description,cost_of_part,quantity,purchase_order_number,VIN) VALUES ('SE-EAEM0138','installed','Engine computer and management system',4.45,1,'W85FIU0UPWJ342063-003','W85FIU0UPWJ342063');
INSERT INTO Part(part_number,part_status,description,cost_of_part,quantity,purchase_order_number,VIN) VALUES ('SE-EAEIS0078','installed','Ignition box',219.56,1,'WQGPTZ2HOU7481211-001','WQGPTZ2HOU7481211');
INSERT INTO Part(part_number,part_status,description,cost_of_part,quantity,purchase_order_number,VIN) VALUES ('SE-EAEGAM0067','received','Odometer',16.49,1,'YA0EN8KRBAN266216-001','YA0EN8KRBAN266216');
INSERT INTO Part(part_number,part_status,description,cost_of_part,quantity,purchase_order_number,VIN) VALUES ('SE-EAEIS0076','ordered','Distributor',7.38,1,'YA0EN8KRBAN266216-001','YA0EN8KRBAN266216');
INSERT INTO Part(part_number,part_status,description,cost_of_part,quantity,purchase_order_number,VIN) VALUES ('XM-EAEGAM0068','ordered','Speedometer',15.9,1,'03KAPEOTGE8482192-003','03KAPEOTGE8482192');
INSERT INTO Part(part_number,part_status,description,cost_of_part,quantity,purchase_order_number,VIN) VALUES ('XM-EAEIS0081','received','Ignition controller',61.43,2,'03KAPEOTGE8482192-003','03KAPEOTGE8482192');
INSERT INTO Part(part_number,part_status,description,cost_of_part,quantity,purchase_order_number,VIN) VALUES ('XM-EAEM0148','received','Speedometer calibrator',42.2,1,'03KAPEOTGE8482192-003','03KAPEOTGE8482192');
INSERT INTO Part(part_number,part_status,description,cost_of_part,quantity,purchase_order_number,VIN) VALUES ('XM-EAES0124','ordered','Switch cover',14.14,1,'1V61QHRD20E210923-004','1V61QHRD20E210923');
INSERT INTO Part(part_number,part_status,description,cost_of_part,quantity,purchase_order_number,VIN) VALUES ('XM-ICS0160','received','Seat bracket',54.13,1,'1V61QHRD20E210923-004','1V61QHRD20E210923');
INSERT INTO Part(part_number,part_status,description,cost_of_part,quantity,purchase_order_number,VIN) VALUES ('XM-EAES0093','installed','Airbag sensor',58.29,2,'2CB6WLH88NB344487-001','2CB6WLH88NB344487');
INSERT INTO Part(part_number,part_status,description,cost_of_part,quantity,purchase_order_number,VIN) VALUES ('XM-EAES0100','installed','Light sensor',4.56,1,'2CB6WLH88NB344487-001','2CB6WLH88NB344487');
INSERT INTO Part(part_number,part_status,description,cost_of_part,quantity,purchase_order_number,VIN) VALUES ('XM-EAEIS0076','installed','Distributor',33.25,1,'2CB6WLH88NB344487-002','2CB6WLH88NB344487');
INSERT INTO Part(part_number,part_status,description,cost_of_part,quantity,purchase_order_number,VIN) VALUES ('XM-EAEM0140','installed','Fuse',37.07,3,'2CB6WLH88NB344487-002','2CB6WLH88NB344487');
INSERT INTO Part(part_number,part_status,description,cost_of_part,quantity,purchase_order_number,VIN) VALUES ('XM-EAES0103','installed','Power-steering pressure sensor',16.41,1,'2CB6WLH88NB344487-002','2CB6WLH88NB344487');
INSERT INTO Part(part_number,part_status,description,cost_of_part,quantity,purchase_order_number,VIN) VALUES ('XM-ICS0158','installed','Headrest',4.1,1,'2CB6WLH88NB344487-002','2CB6WLH88NB344487');
INSERT INTO Part(part_number,part_status,description,cost_of_part,quantity,purchase_order_number,VIN) VALUES ('XM-EAES0126','installed','Thermostat',172.45,5,'2Y1UCXYY50T192604-001','2Y1UCXYY50T192604');
INSERT INTO Part(part_number,part_status,description,cost_of_part,quantity,purchase_order_number,VIN) VALUES ('XM-BAE0013','installed','Radiator core support',62.75,1,'3EAZYH5SPE8904041-002','3EAZYH5SPE8904041');
INSERT INTO Part(part_number,part_status,description,cost_of_part,quantity,purchase_order_number,VIN) VALUES ('XM-EAEM0138','installed','Engine computer and management system',66.74,1,'3EAZYH5SPE8904041-002','3EAZYH5SPE8904041');
INSERT INTO Part(part_number,part_status,description,cost_of_part,quantity,purchase_order_number,VIN) VALUES ('XM-ICS0154','installed','Bench Seat',136.21,4,'3EAZYH5SPE8904041-002','3EAZYH5SPE8904041');
INSERT INTO Part(part_number,part_status,description,cost_of_part,quantity,purchase_order_number,VIN) VALUES ('XM-ICS0157','installed','Fastener',98.21,1,'3P0R7483FP1117876-003','3P0R7483FP1117876');
INSERT INTO Part(part_number,part_status,description,cost_of_part,quantity,purchase_order_number,VIN) VALUES ('XM-EAEESS0060','installed','Battery tray',55.56,1,'4TJ5T18OMFN710800-001','4TJ5T18OMFN710800');
INSERT INTO Part(part_number,part_status,description,cost_of_part,quantity,purchase_order_number,VIN) VALUES ('XM-EAES0098','installed','Fuel level sensor',46.1,1,'4TJ5T18OMFN710800-001','4TJ5T18OMFN710800');
INSERT INTO Part(part_number,part_status,description,cost_of_part,quantity,purchase_order_number,VIN) VALUES ('XM-ICS0154','installed','Bench Seat',16.81,2,'4TJ5T18OMFN710800-001','4TJ5T18OMFN710800');
INSERT INTO Part(part_number,part_status,description,cost_of_part,quantity,purchase_order_number,VIN) VALUES ('XM-ICS0156','installed','Children and baby car seat',61.18,2,'4TJ5T18OMFN710800-001','4TJ5T18OMFN710800');
INSERT INTO Part(part_number,part_status,description,cost_of_part,quantity,purchase_order_number,VIN) VALUES ('XM-BAE0014','received','Rocker panel',27.14,1,'5IZQ0A8JNL8536828-001','5IZQ0A8JNL8536828');
INSERT INTO Part(part_number,part_status,description,cost_of_part,quantity,purchase_order_number,VIN) VALUES ('XM-PACBS0165','ordered','Adjusting mechanism',15.54,1,'5IZQ0A8JNL8536828-001','5IZQ0A8JNL8536828');
INSERT INTO Part(part_number,part_status,description,cost_of_part,quantity,purchase_order_number,VIN) VALUES ('XM-PACBS0194','installed','Hydraulic booster unit',44.03,1,'5IZQ0A8JNL8536828-001','5IZQ0A8JNL8536828');
INSERT INTO Part(part_number,part_status,description,cost_of_part,quantity,purchase_order_number,VIN) VALUES ('XM-EAEGAM0072','ordered','Vacuum gauge',98.53,1,'5NFMDSJIMMB492412-002','5NFMDSJIMMB492412');
INSERT INTO Part(part_number,part_status,description,cost_of_part,quantity,purchase_order_number,VIN) VALUES ('XM-EAEIS0076','received','Distributor',54.53,1,'5NFMDSJIMMB492412-002','5NFMDSJIMMB492412');
INSERT INTO Part(part_number,part_status,description,cost_of_part,quantity,purchase_order_number,VIN) VALUES ('XM-EAELASS0091','ordered','Tail light',70.1,2,'5NFMDSJIMMB492412-002','5NFMDSJIMMB492412');
INSERT INTO Part(part_number,part_status,description,cost_of_part,quantity,purchase_order_number,VIN) VALUES ('XM-EAEIS0075','installed','Coil wire',54.01,1,'6WRD8C6784B120048-004','6WRD8C6784B120048');
INSERT INTO Part(part_number,part_status,description,cost_of_part,quantity,purchase_order_number,VIN) VALUES ('XM-BAE0016','installed','Spoiler',135.15,1,'8W38A5ZZFKA123439-003','8W38A5ZZFKA123439');
INSERT INTO Part(part_number,part_status,description,cost_of_part,quantity,purchase_order_number,VIN) VALUES ('XM-EAES0109','ordered','ABS brack sensor',118.63,1,'8W38A5ZZFKA123439-003','8W38A5ZZFKA123439');
INSERT INTO Part(part_number,part_status,description,cost_of_part,quantity,purchase_order_number,VIN) VALUES ('XM-ICS0157','ordered','Fastener',4.28,1,'8W38A5ZZFKA123439-003','8W38A5ZZFKA123439');
INSERT INTO Part(part_number,part_status,description,cost_of_part,quantity,purchase_order_number,VIN) VALUES ('XM-EAECS0050','installed','Alternator bracket',56.9,1,'BCTZOAWQMHJ300759-001','BCTZOAWQMHJ300759');
INSERT INTO Part(part_number,part_status,description,cost_of_part,quantity,purchase_order_number,VIN) VALUES ('XM-EAES0109','installed','ABS brack sensor',138.84,3,'BCTZOAWQMHJ300759-001','BCTZOAWQMHJ300759');
INSERT INTO Part(part_number,part_status,description,cost_of_part,quantity,purchase_order_number,VIN) VALUES ('XM-EAES0123','installed','Steering column switch',84.42,1,'BCTZOAWQMHJ300759-001','BCTZOAWQMHJ300759');
INSERT INTO Part(part_number,part_status,description,cost_of_part,quantity,purchase_order_number,VIN) VALUES ('XM-BAE0018','installed','Rear spoiler',44.79,1,'BW4Z2PQG761237438-001','BW4Z2PQG761237438');
INSERT INTO Part(part_number,part_status,description,cost_of_part,quantity,purchase_order_number,VIN) VALUES ('XM-EAEM0147','installed','Speed controller',124.39,1,'BW4Z2PQG761237438-001','BW4Z2PQG761237438');
INSERT INTO Part(part_number,part_status,description,cost_of_part,quantity,purchase_order_number,VIN) VALUES ('XM-EAES0099','installed','Knock sensor',25.31,2,'BW4Z2PQG761237438-001','BW4Z2PQG761237438');
INSERT INTO Part(part_number,part_status,description,cost_of_part,quantity,purchase_order_number,VIN) VALUES ('XM-PACBS0183','installed','Shoe web',71.42,1,'BW4Z2PQG761237438-001','BW4Z2PQG761237438');
INSERT INTO Part(part_number,part_status,description,cost_of_part,quantity,purchase_order_number,VIN) VALUES ('XM-EAEM0150','installed','Wiring connector',20.62,1,'D244CUCA1UX127908-001','D244CUCA1UX127908');
INSERT INTO Part(part_number,part_status,description,cost_of_part,quantity,purchase_order_number,VIN) VALUES ('XM-PACBS0165','installed','Adjusting mechanism',18.33,1,'D244CUCA1UX127908-001','D244CUCA1UX127908');
INSERT INTO Part(part_number,part_status,description,cost_of_part,quantity,purchase_order_number,VIN) VALUES ('XM-PACBS0175','installed','Brake pedal',34.12,1,'D244CUCA1UX127908-001','D244CUCA1UX127908');
INSERT INTO Part(part_number,part_status,description,cost_of_part,quantity,purchase_order_number,VIN) VALUES ('XM-PACBS0183','installed','Shoe web',11.49,1,'D244CUCA1UX127908-001','D244CUCA1UX127908');
INSERT INTO Part(part_number,part_status,description,cost_of_part,quantity,purchase_order_number,VIN) VALUES ('XM-BAEW0034','installed','Sunroof',32.54,1,'EJET1HMTOKB682315-003','EJET1HMTOKB682315');
INSERT INTO Part(part_number,part_status,description,cost_of_part,quantity,purchase_order_number,VIN) VALUES ('XM-EAEAD0045','ordered','Speaker',20.69,1,'EJET1HMTOKB682315-003','EJET1HMTOKB682315');
INSERT INTO Part(part_number,part_status,description,cost_of_part,quantity,purchase_order_number,VIN) VALUES ('XM-EAEM0142','installed','Performance chip',15.56,1,'EJET1HMTOKB682315-003','EJET1HMTOKB682315');
INSERT INTO Part(part_number,part_status,description,cost_of_part,quantity,purchase_order_number,VIN) VALUES ('XM-BAED0030','installed','Door and bonnet',75.78,1,'F253TPAMQK3083569-001','F253TPAMQK3083569');
INSERT INTO Part(part_number,part_status,description,cost_of_part,quantity,purchase_order_number,VIN) VALUES ('XM-EAEM0138','installed','Engine computer and management system',18.79,1,'F253TPAMQK3083569-001','F253TPAMQK3083569');
INSERT INTO Part(part_number,part_status,description,cost_of_part,quantity,purchase_order_number,VIN) VALUES ('XM-PACBS0163','installed','Anti-lock braking system',35.03,1,'F253TPAMQK3083569-001','F253TPAMQK3083569');
INSERT INTO Part(part_number,part_status,description,cost_of_part,quantity,purchase_order_number,VIN) VALUES ('XM-BAEW0034','installed','Sunroof',48.68,1,'F42NYNK4BK3657449-003','F42NYNK4BK3657449');
INSERT INTO Part(part_number,part_status,description,cost_of_part,quantity,purchase_order_number,VIN) VALUES ('XM-EAEAD0041','installed','Antenna assembly',51.78,1,'F42NYNK4BK3657449-003','F42NYNK4BK3657449');
INSERT INTO Part(part_number,part_status,description,cost_of_part,quantity,purchase_order_number,VIN) VALUES ('XM-EAEGAM0069','installed','Tachometer',8.18,2,'F42NYNK4BK3657449-003','F42NYNK4BK3657449');
INSERT INTO Part(part_number,part_status,description,cost_of_part,quantity,purchase_order_number,VIN) VALUES ('XM-EAEIS0082','installed','Magneto',43.95,1,'F42NYNK4BK3657449-003','F42NYNK4BK3657449');
INSERT INTO Part(part_number,part_status,description,cost_of_part,quantity,purchase_order_number,VIN) VALUES ('XM-BAEW0039','installed','Windshield washer motor',15.82,1,'FXCJT6N4BUT928292-002','FXCJT6N4BUT928292');
INSERT INTO Part(part_number,part_status,description,cost_of_part,quantity,purchase_order_number,VIN) VALUES ('XM-EAEM0134','installed','Central locking system',47.42,1,'FXCJT6N4BUT928292-002','FXCJT6N4BUT928292');
INSERT INTO Part(part_number,part_status,description,cost_of_part,quantity,purchase_order_number,VIN) VALUES ('XM-BAE0007','installed','Fender Musical Instruments Corporation',13.3,1,'GEW8SXH3TWS985107-003','GEW8SXH3TWS985107');
INSERT INTO Part(part_number,part_status,description,cost_of_part,quantity,purchase_order_number,VIN) VALUES ('XM-EAEGAM0067','installed','Odometer',59.35,1,'GEW8SXH3TWS985107-003','GEW8SXH3TWS985107');
INSERT INTO Part(part_number,part_status,description,cost_of_part,quantity,purchase_order_number,VIN) VALUES ('XM-EAEM0136','installed','Cruise control computer',44.8,1,'GEW8SXH3TWS985107-003','GEW8SXH3TWS985107');
INSERT INTO Part(part_number,part_status,description,cost_of_part,quantity,purchase_order_number,VIN) VALUES ('XM-EAEM0145','installed','Remote lock',23.71,1,'GEW8SXH3TWS985107-003','GEW8SXH3TWS985107');
INSERT INTO Part(part_number,part_status,description,cost_of_part,quantity,purchase_order_number,VIN) VALUES ('XM-EAELASS0086','installed','Headlight',6.88,1,'GHEDZEHRLGJ237205-002','GHEDZEHRLGJ237205');
INSERT INTO Part(part_number,part_status,description,cost_of_part,quantity,purchase_order_number,VIN) VALUES ('XM-EAEM0146','installed','Shift improver',99.66,1,'GHEDZEHRLGJ237205-002','GHEDZEHRLGJ237205');
INSERT INTO Part(part_number,part_status,description,cost_of_part,quantity,purchase_order_number,VIN) VALUES ('XM-EAES0106','installed','Rotational sensor',46.21,1,'GHEDZEHRLGJ237205-002','GHEDZEHRLGJ237205');
INSERT INTO Part(part_number,part_status,description,cost_of_part,quantity,purchase_order_number,VIN) VALUES ('XM-EAES0110','installed','TDC sensor',95.66,1,'GHEDZEHRLGJ237205-002','GHEDZEHRLGJ237205');
INSERT INTO Part(part_number,part_status,description,cost_of_part,quantity,purchase_order_number,VIN) VALUES ('XM-EAES0093','installed','Airbag sensor',36.37,1,'HXP0L3Y7NRP032607-005','HXP0L3Y7NRP032607');
INSERT INTO Part(part_number,part_status,description,cost_of_part,quantity,purchase_order_number,VIN) VALUES ('XM-PACBS0194','installed','Hydraulic booster unit',12.03,2,'HXP0L3Y7NRP032607-005','HXP0L3Y7NRP032607');
INSERT INTO Part(part_number,part_status,description,cost_of_part,quantity,purchase_order_number,VIN) VALUES ('XM-BAED0029','installed','Hinge',15.53,1,'JZKBFXYGWL5900436-003','JZKBFXYGWL5900436');
INSERT INTO Part(part_number,part_status,description,cost_of_part,quantity,purchase_order_number,VIN) VALUES ('XM-EAEAD0047','installed','Subwoofer',19.8,1,'JZKBFXYGWL5900436-003','JZKBFXYGWL5900436');
INSERT INTO Part(part_number,part_status,description,cost_of_part,quantity,purchase_order_number,VIN) VALUES ('XM-EAELASS0091','installed','Tail light',56.62,1,'JZKBFXYGWL5900436-003','JZKBFXYGWL5900436');
INSERT INTO Part(part_number,part_status,description,cost_of_part,quantity,purchase_order_number,VIN) VALUES ('XM-EAEIS0078','installed','Ignition box',49.6,4,'KCXGZEVS1QW404654-002','KCXGZEVS1QW404654');
INSERT INTO Part(part_number,part_status,description,cost_of_part,quantity,purchase_order_number,VIN) VALUES ('XM-EAEESS0055','installed','Battery box',45.73,2,'KCXGZEVS1QW404654-003','KCXGZEVS1QW404654');
INSERT INTO Part(part_number,part_status,description,cost_of_part,quantity,purchase_order_number,VIN) VALUES ('XM-10141','received','Fuse Box: The Alternative Tribute',30.67,1,'KW1EHM2N1UB940362-001','KW1EHM2N1UB940362');
INSERT INTO Part(part_number,part_status,description,cost_of_part,quantity,purchase_order_number,VIN) VALUES ('XM-EAEESS0055','ordered','Battery box',2.12,1,'KW1EHM2N1UB940362-001','KW1EHM2N1UB940362');
INSERT INTO Part(part_number,part_status,description,cost_of_part,quantity,purchase_order_number,VIN) VALUES ('XM-PACBS0173','received','Brake line',9.96,1,'KW1EHM2N1UB940362-001','KW1EHM2N1UB940362');
INSERT INTO Part(part_number,part_status,description,cost_of_part,quantity,purchase_order_number,VIN) VALUES ('XM-EAES0101','installed','Manifold absolute pressure sensor',67.09,1,'KZQ5C1NSWAJ790169-002','KZQ5C1NSWAJ790169');
INSERT INTO Part(part_number,part_status,description,cost_of_part,quantity,purchase_order_number,VIN) VALUES ('XM-EAES0126','installed','Thermostat',16.17,1,'KZQ5C1NSWAJ790169-002','KZQ5C1NSWAJ790169');
INSERT INTO Part(part_number,part_status,description,cost_of_part,quantity,purchase_order_number,VIN) VALUES ('XM-EAESS0116','installed','Starter drive',84.39,1,'KZQ5C1NSWAJ790169-002','KZQ5C1NSWAJ790169');
INSERT INTO Part(part_number,part_status,description,cost_of_part,quantity,purchase_order_number,VIN) VALUES ('XM-EAESS0117','installed','Starter Motor',41,2,'KZQ5C1NSWAJ790169-002','KZQ5C1NSWAJ790169');
INSERT INTO Part(part_number,part_status,description,cost_of_part,quantity,purchase_order_number,VIN) VALUES ('XM-EAEAD0045','installed','Speaker',28.19,1,'L712UQJXM4L524142-003','L712UQJXM4L524142');
INSERT INTO Part(part_number,part_status,description,cost_of_part,quantity,purchase_order_number,VIN) VALUES ('XM-EAES0127','installed','Frame Switch',67.95,1,'L712UQJXM4L524142-003','L712UQJXM4L524142');
INSERT INTO Part(part_number,part_status,description,cost_of_part,quantity,purchase_order_number,VIN) VALUES ('XM-BAEW0034','installed','Sunroof',62.8,1,'M3VW8YIQKWT779745-003','M3VW8YIQKWT779745');
INSERT INTO Part(part_number,part_status,description,cost_of_part,quantity,purchase_order_number,VIN) VALUES ('XM-EAEIS0081','installed','Ignition controller',42.08,1,'MRHT53HXAKW856444-001','MRHT53HXAKW856444');
INSERT INTO Part(part_number,part_status,description,cost_of_part,quantity,purchase_order_number,VIN) VALUES ('XM-EAELASS0084','installed','Fog Light',35.15,1,'MRHT53HXAKW856444-005','MRHT53HXAKW856444');
INSERT INTO Part(part_number,part_status,description,cost_of_part,quantity,purchase_order_number,VIN) VALUES ('XM-EAES0125','installed','Switch panel',83.36,1,'MRHT53HXAKW856444-005','MRHT53HXAKW856444');
INSERT INTO Part(part_number,part_status,description,cost_of_part,quantity,purchase_order_number,VIN) VALUES ('XM-PACBS0164','installed','ABS steel pin',25.68,1,'MRHT53HXAKW856444-005','MRHT53HXAKW856444');
INSERT INTO Part(part_number,part_status,description,cost_of_part,quantity,purchase_order_number,VIN) VALUES ('XM-BAE0007','installed','Fender Musical Instruments Corporation',20.19,1,'N64LL1WC63N759701-004','N64LL1WC63N759701');
INSERT INTO Part(part_number,part_status,description,cost_of_part,quantity,purchase_order_number,VIN) VALUES ('XM-EAEESS0058','installed','Battery control system',12.33,4,'N64LL1WC63N759701-004','N64LL1WC63N759701');
INSERT INTO Part(part_number,part_status,description,cost_of_part,quantity,purchase_order_number,VIN) VALUES ('XM-EAEESS0059','installed','Battery plate',34.39,1,'N64LL1WC63N759701-004','N64LL1WC63N759701');
INSERT INTO Part(part_number,part_status,description,cost_of_part,quantity,purchase_order_number,VIN) VALUES ('XM-EAEGAM0074','installed','Water temperature meter',0.39,1,'N64LL1WC63N759701-004','N64LL1WC63N759701');
INSERT INTO Part(part_number,part_status,description,cost_of_part,quantity,purchase_order_number,VIN) VALUES ('XM-EAEM0134','installed','Central locking system',27.96,1,'NM3BN4RJS1M492634-003','NM3BN4RJS1M492634');
INSERT INTO Part(part_number,part_status,description,cost_of_part,quantity,purchase_order_number,VIN) VALUES ('XM-EAES0094','ordered','Anti-pinch sensor',87.3,2,'NM3BN4RJS1M492634-003','NM3BN4RJS1M492634');
INSERT INTO Part(part_number,part_status,description,cost_of_part,quantity,purchase_order_number,VIN) VALUES ('XM-PACBS0180','installed','Brake servo',93.93,1,'NM3BN4RJS1M492634-003','NM3BN4RJS1M492634');
INSERT INTO Part(part_number,part_status,description,cost_of_part,quantity,purchase_order_number,VIN) VALUES ('XM-PACBS0189','installed','Hold-down springs',53.2,2,'NM3BN4RJS1M492634-003','NM3BN4RJS1M492634');
INSERT INTO Part(part_number,part_status,description,cost_of_part,quantity,purchase_order_number,VIN) VALUES ('XM-BAE0004','received','Cowl screen',12.57,4,'NVHYWIDW4WI400980-001','NVHYWIDW4WI400980');
INSERT INTO Part(part_number,part_status,description,cost_of_part,quantity,purchase_order_number,VIN) VALUES ('XM-BAE0009','received','Front fascia and header panel',65.73,1,'NVHYWIDW4WI400980-001','NVHYWIDW4WI400980');
INSERT INTO Part(part_number,part_status,description,cost_of_part,quantity,purchase_order_number,VIN) VALUES ('XM-EAECS0051','ordered','Alternator fan',69.4,1,'NVHYWIDW4WI400980-001','NVHYWIDW4WI400980');
INSERT INTO Part(part_number,part_status,description,cost_of_part,quantity,purchase_order_number,VIN) VALUES ('XM-BAED0032','installed','Centre Locking',142.87,1,'OQPBCN4Y1YB733979-001','OQPBCN4Y1YB733979');
INSERT INTO Part(part_number,part_status,description,cost_of_part,quantity,purchase_order_number,VIN) VALUES ('XM-EAEIS0080','installed','Ignition coil parts',81.54,1,'OQPBCN4Y1YB733979-001','OQPBCN4Y1YB733979');
INSERT INTO Part(part_number,part_status,description,cost_of_part,quantity,purchase_order_number,VIN) VALUES ('XM-EAESS0115','installed','Starter',51.26,4,'OQPBCN4Y1YB733979-001','OQPBCN4Y1YB733979');
INSERT INTO Part(part_number,part_status,description,cost_of_part,quantity,purchase_order_number,VIN) VALUES ('XM-EAEESS0060','received','Battery tray',24.33,1,'QVSOV4QTXAE520972-001','QVSOV4QTXAE520972');
INSERT INTO Part(part_number,part_status,description,cost_of_part,quantity,purchase_order_number,VIN) VALUES ('XM-PACBS0168','ordered','Brake backing plate',23.03,1,'QVSOV4QTXAE520972-001','QVSOV4QTXAE520972');
INSERT INTO Part(part_number,part_status,description,cost_of_part,quantity,purchase_order_number,VIN) VALUES ('XM-ICS0159','installed','Seat Belt',7.36,1,'SAN8CKZV8O6386790-002','SAN8CKZV8O6386790');
INSERT INTO Part(part_number,part_status,description,cost_of_part,quantity,purchase_order_number,VIN) VALUES ('XM-PACBS0193','installed','Brake duct hose',18.89,2,'SLY1Q4WQXLP675951-002','SLY1Q4WQXLP675951');
INSERT INTO Part(part_number,part_status,description,cost_of_part,quantity,purchase_order_number,VIN) VALUES ('XM-BAE0016','installed','Spoiler',16.08,1,'SO6WD25XQVR636495-001','SO6WD25XQVR636495');
INSERT INTO Part(part_number,part_status,description,cost_of_part,quantity,purchase_order_number,VIN) VALUES ('XM-EAES0112','ordered','IMA sensor',65.71,1,'SO6WD25XQVR636495-001','SO6WD25XQVR636495');
INSERT INTO Part(part_number,part_status,description,cost_of_part,quantity,purchase_order_number,VIN) VALUES ('XM-EAESS0116','ordered','Starter drive',121.57,1,'SO6WD25XQVR636495-001','SO6WD25XQVR636495');
INSERT INTO Part(part_number,part_status,description,cost_of_part,quantity,purchase_order_number,VIN) VALUES ('XM-PACBS0174','received','Brake pad',22.75,1,'SO6WD25XQVR636495-001','SO6WD25XQVR636495');
INSERT INTO Part(part_number,part_status,description,cost_of_part,quantity,purchase_order_number,VIN) VALUES ('XM-BAE0021','ordered','Valance',64.5,1,'SO6WD25XQVR636495-002','SO6WD25XQVR636495');
INSERT INTO Part(part_number,part_status,description,cost_of_part,quantity,purchase_order_number,VIN) VALUES ('XM-EAEAD0047','received','Subwoofer',60.82,1,'SO6WD25XQVR636495-002','SO6WD25XQVR636495');
INSERT INTO Part(part_number,part_status,description,cost_of_part,quantity,purchase_order_number,VIN) VALUES ('XM-EAEGAM0063','installed','Clinometer',61.54,4,'SO6WD25XQVR636495-002','SO6WD25XQVR636495');
INSERT INTO Part(part_number,part_status,description,cost_of_part,quantity,purchase_order_number,VIN) VALUES ('XM-PACBS0188','ordered','Dual circuit brake system',59.94,1,'SO6WD25XQVR636495-002','SO6WD25XQVR636495');
INSERT INTO Part(part_number,part_status,description,cost_of_part,quantity,purchase_order_number,VIN) VALUES ('XM-PACBS0174','installed','Brake pad',17.97,2,'VLYZ0TBEDGM584853-004','VLYZ0TBEDGM584853');
INSERT INTO Part(part_number,part_status,description,cost_of_part,quantity,purchase_order_number,VIN) VALUES ('XM-EAEIS0076','installed','Distributor',30.14,2,'VTVE6444244403193-001','VTVE6444244403193');
INSERT INTO Part(part_number,part_status,description,cost_of_part,quantity,purchase_order_number,VIN) VALUES ('XM-EAEIS0080','installed','Ignition coil parts',32.58,2,'VTVE6444244403193-001','VTVE6444244403193');
INSERT INTO Part(part_number,part_status,description,cost_of_part,quantity,purchase_order_number,VIN) VALUES ('XM-PACBS0185','installed','Calibrated friction brake',30.66,1,'VTVE6444244403193-001','VTVE6444244403193');
INSERT INTO Part(part_number,part_status,description,cost_of_part,quantity,purchase_order_number,VIN) VALUES ('XM-EAEM0139','installed','Engine control unit',42.35,1,'VTVE6444244403193-002','VTVE6444244403193');
INSERT INTO Part(part_number,part_status,description,cost_of_part,quantity,purchase_order_number,VIN) VALUES ('XM-ICS0160','installed','Seat bracket',37.41,1,'VTVE6444244403193-002','VTVE6444244403193');
INSERT INTO Part(part_number,part_status,description,cost_of_part,quantity,purchase_order_number,VIN) VALUES ('XM-PACBS0173','installed','Brake line',38.24,1,'VTVE6444244403193-002','VTVE6444244403193');
INSERT INTO Part(part_number,part_status,description,cost_of_part,quantity,purchase_order_number,VIN) VALUES ('XM-BAE0007','installed','Fender Musical Instruments Corporation',23.16,2,'VWWOX3PM6QD757820-002','VWWOX3PM6QD757820');
INSERT INTO Part(part_number,part_status,description,cost_of_part,quantity,purchase_order_number,VIN) VALUES ('XM-BAE0019','installed','Trim package',6.66,1,'VWWOX3PM6QD757820-002','VWWOX3PM6QD757820');
INSERT INTO Part(part_number,part_status,description,cost_of_part,quantity,purchase_order_number,VIN) VALUES ('XM-EAES0120','installed','Door switch',21.88,1,'VWWOX3PM6QD757820-002','VWWOX3PM6QD757820');
INSERT INTO Part(part_number,part_status,description,cost_of_part,quantity,purchase_order_number,VIN) VALUES ('XM-EAEWH0129','installed','Engine compartment harness',25.07,1,'VWWOX3PM6QD757820-002','VWWOX3PM6QD757820');
INSERT INTO Part(part_number,part_status,description,cost_of_part,quantity,purchase_order_number,VIN) VALUES ('XM-EAEIS0075','installed','Coil wire',49.22,1,'W17V1HTH5IW129737-002','W17V1HTH5IW129737');
INSERT INTO Part(part_number,part_status,description,cost_of_part,quantity,purchase_order_number,VIN) VALUES ('XM-EAEAD0046','installed','Tuner',169.77,1,'YFV4PPW4SW8405660-005','YFV4PPW4SW8405660');
INSERT INTO Part(part_number,part_status,description,cost_of_part,quantity,purchase_order_number,VIN) VALUES ('XM-EAEESS0057','installed','Battery cable',72.39,2,'YFV4PPW4SW8405660-005','YFV4PPW4SW8405660');
INSERT INTO Part(part_number,part_status,description,cost_of_part,quantity,purchase_order_number,VIN) VALUES ('XM-EAES0123','installed','Steering column switch',53.21,1,'YFV4PPW4SW8405660-005','YFV4PPW4SW8405660');
INSERT INTO Part(part_number,part_status,description,cost_of_part,quantity,purchase_order_number,VIN) VALUES ('XM-ICS0153','installed','Armrest',93.17,1,'YFV4PPW4SW8405660-005','YFV4PPW4SW8405660');
INSERT INTO Part(part_number,part_status,description,cost_of_part,quantity,purchase_order_number,VIN) VALUES ('XM-EAES0102','installed','Oxygen sensor',173.57,1,'Z8KJQAZ0L2C379316-003','Z8KJQAZ0L2C379316');
INSERT INTO Part(part_number,part_status,description,cost_of_part,quantity,purchase_order_number,VIN) VALUES ('XM-EAES0123','installed','Steering column switch',150.62,1,'Z8KJQAZ0L2C379316-003','Z8KJQAZ0L2C379316');
INSERT INTO Part(part_number,part_status,description,cost_of_part,quantity,purchase_order_number,VIN) VALUES ('YN-BAE0009','installed','Front fascia and header panel',27.14,1,'0JMXH7GQF1K570196-001','0JMXH7GQF1K570196');
INSERT INTO Part(part_number,part_status,description,cost_of_part,quantity,purchase_order_number,VIN) VALUES ('YN-EAEGAM0062','installed','Ammeter',213.37,1,'0O56VQ0TP1C342110-004','0O56VQ0TP1C342110');
INSERT INTO Part(part_number,part_status,description,cost_of_part,quantity,purchase_order_number,VIN) VALUES ('YN-ICS0162','installed','Seat track',266.98,1,'0O56VQ0TP1C342110-004','0O56VQ0TP1C342110');
INSERT INTO Part(part_number,part_status,description,cost_of_part,quantity,purchase_order_number,VIN) VALUES ('YN-EAEM0144','installed','Relay connector',10.95,1,'0SR7K3TGOVW149442-002','0SR7K3TGOVW149442');
INSERT INTO Part(part_number,part_status,description,cost_of_part,quantity,purchase_order_number,VIN) VALUES ('YN-EAESS0116','installed','Starter drive',12.3,1,'0SR7K3TGOVW149442-002','0SR7K3TGOVW149442');
INSERT INTO Part(part_number,part_status,description,cost_of_part,quantity,purchase_order_number,VIN) VALUES ('YN-PACBS0180','installed','Brake servo',7.57,1,'0SR7K3TGOVW149442-002','0SR7K3TGOVW149442');
INSERT INTO Part(part_number,part_status,description,cost_of_part,quantity,purchase_order_number,VIN) VALUES ('YN-EAELASS0092','installed','Tail light cover',114.8,1,'2DHOH4P4672123749-001','2DHOH4P4672123749');
INSERT INTO Part(part_number,part_status,description,cost_of_part,quantity,purchase_order_number,VIN) VALUES ('YN-EAEM0139','installed','Engine control unit',31.95,1,'2DHOH4P4672123749-001','2DHOH4P4672123749');
INSERT INTO Part(part_number,part_status,description,cost_of_part,quantity,purchase_order_number,VIN) VALUES ('YN-EAEAD0043','installed','Radio and media player',76.58,1,'3NED8CVSG6V494138-001','3NED8CVSG6V494138');
INSERT INTO Part(part_number,part_status,description,cost_of_part,quantity,purchase_order_number,VIN) VALUES ('YN-EAEWH0131','installed','Underfloor harness',97.18,1,'3NED8CVSG6V494138-001','3NED8CVSG6V494138');
INSERT INTO Part(part_number,part_status,description,cost_of_part,quantity,purchase_order_number,VIN) VALUES ('YN-ICS0157','installed','Fastener',8.77,1,'3NED8CVSG6V494138-001','3NED8CVSG6V494138');
INSERT INTO Part(part_number,part_status,description,cost_of_part,quantity,purchase_order_number,VIN) VALUES ('YN-ICS0160','installed','Seat bracket',76.97,1,'3NED8CVSG6V494138-001','3NED8CVSG6V494138');
INSERT INTO Part(part_number,part_status,description,cost_of_part,quantity,purchase_order_number,VIN) VALUES ('YN-EAEM0150','received','Wiring connector',25.85,1,'3P0R7483FP1117876-002','3P0R7483FP1117876');
INSERT INTO Part(part_number,part_status,description,cost_of_part,quantity,purchase_order_number,VIN) VALUES ('YN-BAE0017','ordered','Front spoiler',1.81,1,'3P0R7483FP1117876-004','3P0R7483FP1117876');
INSERT INTO Part(part_number,part_status,description,cost_of_part,quantity,purchase_order_number,VIN) VALUES ('YN-EAELASS0091','received','Tail light',113.27,2,'3P0R7483FP1117876-004','3P0R7483FP1117876');
INSERT INTO Part(part_number,part_status,description,cost_of_part,quantity,purchase_order_number,VIN) VALUES ('YN-PACBS0195','installed','Load-sensing valve',13.47,1,'3P0R7483FP1117876-004','3P0R7483FP1117876');
INSERT INTO Part(part_number,part_status,description,cost_of_part,quantity,purchase_order_number,VIN) VALUES ('YN-EAES0125','ordered','Switch panel',60.25,1,'5IZQ0A8JNL8536828-003','5IZQ0A8JNL8536828');
INSERT INTO Part(part_number,part_status,description,cost_of_part,quantity,purchase_order_number,VIN) VALUES ('YN-BAE0001','installed','Bumper',8.24,1,'6WRD8C6784B120048-003','6WRD8C6784B120048');
INSERT INTO Part(part_number,part_status,description,cost_of_part,quantity,purchase_order_number,VIN) VALUES ('YN-EAEAD0045','installed','Speaker',18.05,1,'6WRD8C6784B120048-003','6WRD8C6784B120048');
INSERT INTO Part(part_number,part_status,description,cost_of_part,quantity,purchase_order_number,VIN) VALUES ('YN-EAESS0115','installed','Starter',17.08,1,'6WRD8C6784B120048-003','6WRD8C6784B120048');
INSERT INTO Part(part_number,part_status,description,cost_of_part,quantity,purchase_order_number,VIN) VALUES ('YN-EAEGAM0068','installed','Speedometer',88.54,1,'8LPZZLYHF77014597-002','8LPZZLYHF77014597');
INSERT INTO Part(part_number,part_status,description,cost_of_part,quantity,purchase_order_number,VIN) VALUES ('YN-ICS0160','installed','Seat bracket',81.59,1,'8LPZZLYHF77014597-002','8LPZZLYHF77014597');
INSERT INTO Part(part_number,part_status,description,cost_of_part,quantity,purchase_order_number,VIN) VALUES ('YN-BAE0012','installed','Quarter panel',0.19,1,'A1S3JZU0RGM394036-001','A1S3JZU0RGM394036');
INSERT INTO Part(part_number,part_status,description,cost_of_part,quantity,purchase_order_number,VIN) VALUES ('YN-EAECS0052','installed','Other alternator parts',19.47,4,'A1S3JZU0RGM394036-001','A1S3JZU0RGM394036');
INSERT INTO Part(part_number,part_status,description,cost_of_part,quantity,purchase_order_number,VIN) VALUES ('YN-EAEWH0131','installed','Underfloor harness',8.42,1,'A1S3JZU0RGM394036-001','A1S3JZU0RGM394036');
INSERT INTO Part(part_number,part_status,description,cost_of_part,quantity,purchase_order_number,VIN) VALUES ('YN-PACBS0178','installed','Brake roll',5.38,1,'A1S3JZU0RGM394036-001','A1S3JZU0RGM394036');
INSERT INTO Part(part_number,part_status,description,cost_of_part,quantity,purchase_order_number,VIN) VALUES ('YN-EAECS0052','installed','Other alternator parts',48.71,1,'BQ1P8TA2OBE090669-002','BQ1P8TA2OBE090669');
INSERT INTO Part(part_number,part_status,description,cost_of_part,quantity,purchase_order_number,VIN) VALUES ('YN-EAEESS0055','received','Battery box',28.3,1,'BQ1P8TA2OBE090669-002','BQ1P8TA2OBE090669');
INSERT INTO Part(part_number,part_status,description,cost_of_part,quantity,purchase_order_number,VIN) VALUES ('YN-EAES0108','installed','Transmission input and output sensor',80.15,1,'BQ1P8TA2OBE090669-002','BQ1P8TA2OBE090669');
INSERT INTO Part(part_number,part_status,description,cost_of_part,quantity,purchase_order_number,VIN) VALUES ('YN-BAED0025','installed','Inner door handle',8.6,1,'FPJBMT3OOG8061158-004','FPJBMT3OOG8061158');
INSERT INTO Part(part_number,part_status,description,cost_of_part,quantity,purchase_order_number,VIN) VALUES ('YN-EAES0106','installed','Rotational sensor',14.4,1,'FPJBMT3OOG8061158-004','FPJBMT3OOG8061158');
INSERT INTO Part(part_number,part_status,description,cost_of_part,quantity,purchase_order_number,VIN) VALUES ('YN-ICS0159','installed','Seat Belt',43.14,1,'FPJBMT3OOG8061158-004','FPJBMT3OOG8061158');
INSERT INTO Part(part_number,part_status,description,cost_of_part,quantity,purchase_order_number,VIN) VALUES ('YN-EAEGAM0070','installed','Temperature gauge',116.45,4,'GTTYZXB3YJG754847-001','GTTYZXB3YJG754847');
INSERT INTO Part(part_number,part_status,description,cost_of_part,quantity,purchase_order_number,VIN) VALUES ('YN-PACBS0172','installed','Brake drum',37.93,1,'GTTYZXB3YJG754847-001','GTTYZXB3YJG754847');
INSERT INTO Part(part_number,part_status,description,cost_of_part,quantity,purchase_order_number,VIN) VALUES ('YN-PACBS0179','installed','Brake rotor',9.95,2,'GTTYZXB3YJG754847-001','GTTYZXB3YJG754847');
INSERT INTO Part(part_number,part_status,description,cost_of_part,quantity,purchase_order_number,VIN) VALUES ('YN-PACBS0195','installed','Load-sensing valve',95.47,1,'GTTYZXB3YJG754847-001','GTTYZXB3YJG754847');
INSERT INTO Part(part_number,part_status,description,cost_of_part,quantity,purchase_order_number,VIN) VALUES ('YN-EAEM0139','installed','Engine control unit',20.29,1,'HXP0L3Y7NRP032607-001','HXP0L3Y7NRP032607');
INSERT INTO Part(part_number,part_status,description,cost_of_part,quantity,purchase_order_number,VIN) VALUES ('YN-EAEWH0128','installed','Air conditioning harness',22.85,3,'HXP0L3Y7NRP032607-001','HXP0L3Y7NRP032607');
INSERT INTO Part(part_number,part_status,description,cost_of_part,quantity,purchase_order_number,VIN) VALUES ('YN-BAE0000','received','Bonnet/hood',61.15,1,'I2Y84J2JYUI249817-003','I2Y84J2JYUI249817');
INSERT INTO Part(part_number,part_status,description,cost_of_part,quantity,purchase_order_number,VIN) VALUES ('YN-BAEW0034','installed','Sunroof',24.32,1,'IQ73NEIBJNB403342-003','IQ73NEIBJNB403342');
INSERT INTO Part(part_number,part_status,description,cost_of_part,quantity,purchase_order_number,VIN) VALUES ('YN-EAEGAM0069','installed','Tachometer',37.36,1,'IQ73NEIBJNB403342-003','IQ73NEIBJNB403342');
INSERT INTO Part(part_number,part_status,description,cost_of_part,quantity,purchase_order_number,VIN) VALUES ('YN-EAEIS0075','installed','Coil wire',1.5,1,'IQ73NEIBJNB403342-003','IQ73NEIBJNB403342');
INSERT INTO Part(part_number,part_status,description,cost_of_part,quantity,purchase_order_number,VIN) VALUES ('YN-EAES0111','installed','MAP sensor',41.08,1,'IQ73NEIBJNB403342-003','IQ73NEIBJNB403342');
INSERT INTO Part(part_number,part_status,description,cost_of_part,quantity,purchase_order_number,VIN) VALUES ('YN-EAEM0143','installed','Performance Monitor',12.54,1,'IQ73NEIBJNB403342-004','IQ73NEIBJNB403342');
INSERT INTO Part(part_number,part_status,description,cost_of_part,quantity,purchase_order_number,VIN) VALUES ('YN-EAES0100','installed','Light sensor',2.78,1,'IQ73NEIBJNB403342-004','IQ73NEIBJNB403342');
INSERT INTO Part(part_number,part_status,description,cost_of_part,quantity,purchase_order_number,VIN) VALUES ('YN-PACBS0166','installed','Anchor',6.7,1,'IQ73NEIBJNB403342-004','IQ73NEIBJNB403342');
INSERT INTO Part(part_number,part_status,description,cost_of_part,quantity,purchase_order_number,VIN) VALUES ('YN-BAEW0036','ordered','Window motor',7.43,1,'JA7U5AG0WEE170652-003','JA7U5AG0WEE170652');
INSERT INTO Part(part_number,part_status,description,cost_of_part,quantity,purchase_order_number,VIN) VALUES ('YN-EAES0124','received','Switch cover',11.74,1,'JA7U5AG0WEE170652-003','JA7U5AG0WEE170652');
INSERT INTO Part(part_number,part_status,description,cost_of_part,quantity,purchase_order_number,VIN) VALUES ('YN-EAEWH0131','installed','Underfloor harness',21.82,3,'JA7U5AG0WEE170652-003','JA7U5AG0WEE170652');
INSERT INTO Part(part_number,part_status,description,cost_of_part,quantity,purchase_order_number,VIN) VALUES ('YN-ICS0158','received','Headrest',17.83,1,'JA7U5AG0WEE170652-003','JA7U5AG0WEE170652');
INSERT INTO Part(part_number,part_status,description,cost_of_part,quantity,purchase_order_number,VIN) VALUES ('YN-BAEW0035','installed','Sunroof motor',12.99,2,'JZKBFXYGWL5900436-002','JZKBFXYGWL5900436');
INSERT INTO Part(part_number,part_status,description,cost_of_part,quantity,purchase_order_number,VIN) VALUES ('YN-EAEM0147','installed','Speed controller',2.81,1,'JZKBFXYGWL5900436-002','JZKBFXYGWL5900436');
INSERT INTO Part(part_number,part_status,description,cost_of_part,quantity,purchase_order_number,VIN) VALUES ('YN-ICS0162','installed','Seat track',30.79,1,'JZKBFXYGWL5900436-002','JZKBFXYGWL5900436');
INSERT INTO Part(part_number,part_status,description,cost_of_part,quantity,purchase_order_number,VIN) VALUES ('YN-EAELASS0089','installed','License plate lamp',56.77,1,'K3MTK4TIJNU760358-002','K3MTK4TIJNU760358');
INSERT INTO Part(part_number,part_status,description,cost_of_part,quantity,purchase_order_number,VIN) VALUES ('YN-EAES0101','installed','Manifold absolute pressure sensor',45.98,1,'K3MTK4TIJNU760358-002','K3MTK4TIJNU760358');
INSERT INTO Part(part_number,part_status,description,cost_of_part,quantity,purchase_order_number,VIN) VALUES ('YN-PACBS0193','installed','Brake duct hose',135.51,1,'K3MTK4TIJNU760358-002','K3MTK4TIJNU760358');
INSERT INTO Part(part_number,part_status,description,cost_of_part,quantity,purchase_order_number,VIN) VALUES ('YN-PACBS0196','installed','Master Cylinder',45.4,1,'KCXGZEVS1QW404654-004','KCXGZEVS1QW404654');
INSERT INTO Part(part_number,part_status,description,cost_of_part,quantity,purchase_order_number,VIN) VALUES ('YN-EAELASS0085','installed','Halogen',91.22,1,'L712UQJXM4L524142-002','L712UQJXM4L524142');
INSERT INTO Part(part_number,part_status,description,cost_of_part,quantity,purchase_order_number,VIN) VALUES ('YN-EAELASS0086','installed','Headlight',27.38,2,'L712UQJXM4L524142-002','L712UQJXM4L524142');
INSERT INTO Part(part_number,part_status,description,cost_of_part,quantity,purchase_order_number,VIN) VALUES ('YN-EAES0114','installed','ABS sensor',19.91,5,'L712UQJXM4L524142-002','L712UQJXM4L524142');
INSERT INTO Part(part_number,part_status,description,cost_of_part,quantity,purchase_order_number,VIN) VALUES ('YN-IFCAP0152','installed','Center console',31.77,1,'L712UQJXM4L524142-002','L712UQJXM4L524142');
INSERT INTO Part(part_number,part_status,description,cost_of_part,quantity,purchase_order_number,VIN) VALUES ('YN-EAEAD0043','installed','Radio and media player',28.26,1,'LYPZILOBZ87153615-002','LYPZILOBZ87153615');
INSERT INTO Part(part_number,part_status,description,cost_of_part,quantity,purchase_order_number,VIN) VALUES ('YN-EAEIS0080','installed','Ignition coil parts',59.58,1,'LYPZILOBZ87153615-002','LYPZILOBZ87153615');
INSERT INTO Part(part_number,part_status,description,cost_of_part,quantity,purchase_order_number,VIN) VALUES ('YN-EAES0100','installed','Light sensor',76.39,1,'LYPZILOBZ87153615-002','LYPZILOBZ87153615');
INSERT INTO Part(part_number,part_status,description,cost_of_part,quantity,purchase_order_number,VIN) VALUES ('YN-PACBS0186','installed','Caliper',75.63,1,'LYPZILOBZ87153615-002','LYPZILOBZ87153615');
INSERT INTO Part(part_number,part_status,description,cost_of_part,quantity,purchase_order_number,VIN) VALUES ('YN-BAED0025','installed','Inner door handle',149.53,1,'M0S6NVFHN2E042385-002','M0S6NVFHN2E042385');
INSERT INTO Part(part_number,part_status,description,cost_of_part,quantity,purchase_order_number,VIN) VALUES ('YN-BAEW0038','installed','Windshield',219.61,2,'M0S6NVFHN2E042385-002','M0S6NVFHN2E042385');
INSERT INTO Part(part_number,part_status,description,cost_of_part,quantity,purchase_order_number,VIN) VALUES ('YN-EAEM0138','installed','Engine computer and management system',14.5,1,'M0S6NVFHN2E042385-002','M0S6NVFHN2E042385');
INSERT INTO Part(part_number,part_status,description,cost_of_part,quantity,purchase_order_number,VIN) VALUES ('YN-BAE0022','installed','Welded assembly',7.96,1,'MPXFMDRYC6D036656-002','MPXFMDRYC6D036656');
INSERT INTO Part(part_number,part_status,description,cost_of_part,quantity,purchase_order_number,VIN) VALUES ('YN-EAEM0149','installed','Transmission computer',28.74,1,'MPXFMDRYC6D036656-002','MPXFMDRYC6D036656');
INSERT INTO Part(part_number,part_status,description,cost_of_part,quantity,purchase_order_number,VIN) VALUES ('YN-EAES0102','installed','Oxygen sensor',2.11,1,'MPXFMDRYC6D036656-002','MPXFMDRYC6D036656');
INSERT INTO Part(part_number,part_status,description,cost_of_part,quantity,purchase_order_number,VIN) VALUES ('YN-PACBS0198','installed','Other braking system parts',26.89,4,'MPXFMDRYC6D036656-002','MPXFMDRYC6D036656');
INSERT INTO Part(part_number,part_status,description,cost_of_part,quantity,purchase_order_number,VIN) VALUES ('YN-EAELASS0086','installed','Headlight',24.03,1,'MRHT53HXAKW856444-004','MRHT53HXAKW856444');
INSERT INTO Part(part_number,part_status,description,cost_of_part,quantity,purchase_order_number,VIN) VALUES ('YN-EAEWH0128','installed','Air conditioning harness',88.41,1,'MRHT53HXAKW856444-004','MRHT53HXAKW856444');
INSERT INTO Part(part_number,part_status,description,cost_of_part,quantity,purchase_order_number,VIN) VALUES ('YN-PACBS0196','installed','Master Cylinder',30.07,2,'MRHT53HXAKW856444-004','MRHT53HXAKW856444');
INSERT INTO Part(part_number,part_status,description,cost_of_part,quantity,purchase_order_number,VIN) VALUES ('YN-EAES0105','installed','Rain sensor',18.63,1,'OMDPS8X50N7546352-001','OMDPS8X50N7546352');
INSERT INTO Part(part_number,part_status,description,cost_of_part,quantity,purchase_order_number,VIN) VALUES ('YN-EAESS0115','installed','Starter',12.44,1,'OMDPS8X50N7546352-001','OMDPS8X50N7546352');
INSERT INTO Part(part_number,part_status,description,cost_of_part,quantity,purchase_order_number,VIN) VALUES ('YN-ICS0159','installed','Seat Belt',0.17,1,'OMDPS8X50N7546352-001','OMDPS8X50N7546352');
INSERT INTO Part(part_number,part_status,description,cost_of_part,quantity,purchase_order_number,VIN) VALUES ('YN-PACBS0181','installed','Brake shoe',3.98,1,'OMDPS8X50N7546352-001','OMDPS8X50N7546352');
INSERT INTO Part(part_number,part_status,description,cost_of_part,quantity,purchase_order_number,VIN) VALUES ('YN-BAE0010','installed','Grille',53.59,1,'OQPBCN4Y1YB733979-003','OQPBCN4Y1YB733979');
INSERT INTO Part(part_number,part_status,description,cost_of_part,quantity,purchase_order_number,VIN) VALUES ('YN-EAES0108','installed','Transmission input and output sensor',122.4,2,'OQPBCN4Y1YB733979-003','OQPBCN4Y1YB733979');
INSERT INTO Part(part_number,part_status,description,cost_of_part,quantity,purchase_order_number,VIN) VALUES ('YN-BAE0003','installed','Exposed bumper',84.17,1,'P54475O4N8K403608-004','P54475O4N8K403608');
INSERT INTO Part(part_number,part_status,description,cost_of_part,quantity,purchase_order_number,VIN) VALUES ('YN-BAE0017','installed','Front spoiler',13.66,1,'Q6C80HSWMFK634460-004','Q6C80HSWMFK634460');
INSERT INTO Part(part_number,part_status,description,cost_of_part,quantity,purchase_order_number,VIN) VALUES ('YN-PACBS0168','installed','Brake backing plate',22.59,1,'Q6C80HSWMFK634460-004','Q6C80HSWMFK634460');
INSERT INTO Part(part_number,part_status,description,cost_of_part,quantity,purchase_order_number,VIN) VALUES ('YN-EAEIS0080','installed','Ignition coil parts',22.39,1,'SMZSGMQWSKI621717-002','SMZSGMQWSKI621717');
INSERT INTO Part(part_number,part_status,description,cost_of_part,quantity,purchase_order_number,VIN) VALUES ('YN-PACBS0185','installed','Calibrated friction brake',3.43,1,'SMZSGMQWSKI621717-002','SMZSGMQWSKI621717');
INSERT INTO Part(part_number,part_status,description,cost_of_part,quantity,purchase_order_number,VIN) VALUES ('YN-PACBS0163','installed','Anti-lock braking system',126.33,4,'U6AKQW00N22614671-001','U6AKQW00N22614671');
INSERT INTO Part(part_number,part_status,description,cost_of_part,quantity,purchase_order_number,VIN) VALUES ('YN-EAEM0143','ordered','Performance Monitor',29.23,1,'VOCIAMIZKKN350227-002','VOCIAMIZKKN350227');
INSERT INTO Part(part_number,part_status,description,cost_of_part,quantity,purchase_order_number,VIN) VALUES ('YN-EAES0109','received','ABS brack sensor',4.39,1,'VOCIAMIZKKN350227-002','VOCIAMIZKKN350227');
INSERT INTO Part(part_number,part_status,description,cost_of_part,quantity,purchase_order_number,VIN) VALUES ('YN-EAES0125','received','Switch panel',10.02,1,'VOCIAMIZKKN350227-002','VOCIAMIZKKN350227');
INSERT INTO Part(part_number,part_status,description,cost_of_part,quantity,purchase_order_number,VIN) VALUES ('YN-PACBS0195','installed','Load-sensing valve',1.22,1,'VOCIAMIZKKN350227-002','VOCIAMIZKKN350227');
INSERT INTO Part(part_number,part_status,description,cost_of_part,quantity,purchase_order_number,VIN) VALUES ('YN-BAED0026','ordered','Door control module',19.25,2,'WGVK4P1UIPJ916959-002','WGVK4P1UIPJ916959');
INSERT INTO Part(part_number,part_status,description,cost_of_part,quantity,purchase_order_number,VIN) VALUES ('YN-BAEW0036','installed','Window motor',29.41,1,'WGVK4P1UIPJ916959-002','WGVK4P1UIPJ916959');
INSERT INTO Part(part_number,part_status,description,cost_of_part,quantity,purchase_order_number,VIN) VALUES ('YN-EAEGAM0064','ordered','Dynamometer',12.29,1,'WGVK4P1UIPJ916959-002','WGVK4P1UIPJ916959');
INSERT INTO Part(part_number,part_status,description,cost_of_part,quantity,purchase_order_number,VIN) VALUES ('YN-EAEM0137','ordered','Door contact',19.89,1,'WGVK4P1UIPJ916959-002','WGVK4P1UIPJ916959');
INSERT INTO Part(part_number,part_status,description,cost_of_part,quantity,purchase_order_number,VIN) VALUES ('YN-BAE0011','installed','Pillar and hard trim',134.24,1,'Z8KJQAZ0L2C379316-002','Z8KJQAZ0L2C379316');
INSERT INTO Part(part_number,part_status,description,cost_of_part,quantity,purchase_order_number,VIN) VALUES ('YN-BAE0019','installed','Trim package',183.7,1,'Z8KJQAZ0L2C379316-002','Z8KJQAZ0L2C379316');
INSERT INTO Part(part_number,part_status,description,cost_of_part,quantity,purchase_order_number,VIN) VALUES ('YN-EAEGAM0066','installed','Hydrometer',203.06,1,'Z8KJQAZ0L2C379316-002','Z8KJQAZ0L2C379316');
INSERT INTO Part(part_number,part_status,description,cost_of_part,quantity,purchase_order_number,VIN) VALUES ('YN-EAES0100','installed','Light sensor',50.05,1,'Z8KJQAZ0L2C379316-002','Z8KJQAZ0L2C379316');
